Time_s,V_Normal,V_Fault,I_Normal,I_Fault,SOC_Normal_pct,SOC_Fault_pct,Flag_Voltage,Flag_Current,Flag_SOC
0,4.1849320143413,4.1849320143413,0.589095159676422,0.589095159676422,100,100,0,0,0
1,4.18484876231311,4.18484876231311,0.589083440640922,0.589083440640922,99.9967273142187,99.9967273142187,0,0,0
2,4.18476673896764,4.18476673896764,0.589071894561886,0.589071894561886,99.9934546925822,99.9934546925822,0,0,0
3,4.18468591245942,4.18468591245942,0.589060516956563,0.589060516956563,99.9901821341547,99.9901821341547,0,0,0
4,4.18460591072832,4.18460591072832,0.589049255451621,0.589049255451621,99.9869096195864,99.9869096195864,0,0,0
5,4.18452689085412,4.18452689085412,0.589038132158519,0.589038132158519,99.9836371577045,99.9836371577045,0,0,0
6,4.18444895148973,4.18444895148973,0.589027160964208,0.589027160964208,99.9803647543504,99.9803647543504,0,0,0
7,4.18437210876047,4.18437210876047,0.58901634413858,0.58901634413858,99.9770924110478,99.9770924110478,0,0,0
8,4.18429634364114,4.18429634364114,0.58900567900354,0.58900567900354,99.9738201274686,99.9738201274686,0,0,0
9,4.18422162823199,4.18422162823199,0.588995161631755,0.588995161631755,99.9705479028038,99.9705479028038,0,0,0
10,4.18414793416972,4.18414793416972,0.588984788030648,0.588984788030648,99.9672757362026,99.9672757362026,0,0,0
11,4.18407523418487,4.18407523418487,0.588974554361609,0.588974554361609,99.9640036268539,99.9640036268539,0,0,0
12,4.18400350202093,4.18400350202093,0.588964456928622,0.588964456928622,99.9607315739832,99.9607315739832,0,0,0
13,4.18393271222458,4.18393271222458,0.58895449214873,0.58895449214873,99.9574595768423,99.9574595768423,0,0,0
14,4.18386284003759,4.18386284003759,0.588944656536823,0.588944656536823,99.9541876347037,99.9541876347037,0,0,0
15,4.18379386135345,4.18379386135345,0.588934946699529,0.588934946699529,99.9509157468596,99.9509157468596,0,0,0
16,4.18372575269644,4.18372575269644,0.588925359332269,0.588925359332269,99.9476439126202,99.9476439126202,0,0,0
17,4.18365849120572,4.18365849120572,0.588915891217022,0.588915891217022,99.9443721313142,99.9443721313142,0,0,0
18,4.18359205461996,4.18359205461996,0.588906539220152,0.588906539220152,99.9411004022878,99.9411004022878,0,0,0
19,4.18352642126188,4.18352642126188,0.588897300290243,0.588897300290243,99.9378287249042,99.9378287249042,0,0,0
20,4.1834615700231,4.1834615700231,0.588888171455955,0.588888171455955,99.9345570985435,99.9345570985435,0,0,0
21,4.18339748034918,4.18339748034918,0.588879149823927,0.588879149823927,99.9312855226021,99.9312855226021,0,0,0
22,4.18333413222513,4.18333413222513,0.588870232576736,0.588870232576736,99.9280139964922,99.9280139964922,0,0,0
23,4.18327150616129,4.18327150616129,0.588861416970902,0.588861416970902,99.9247425196415,99.9247425196415,0,0,0
24,4.18320958317953,4.18320958317953,0.588852700334957,0.588852700334957,99.9214710914927,99.9214710914927,0,0,0
25,4.18314834479988,4.18314834479988,0.588844080067551,0.588844080067551,99.9181997115031,99.9181997115031,0,0,0
26,4.18308777302747,4.18308777302747,0.588835553635623,0.588835553635623,99.9149283791445,99.9149283791445,0,0,0
27,4.18302785033979,4.18302785033979,0.588827118572605,0.588827118572605,99.9116570939022,99.9116570939022,0,0,0
28,4.18296855967435,4.18296855967435,0.588818772476682,0.588818772476682,99.9083858552753,99.9083858552753,0,0,0
29,4.18290988441661,4.18290988441661,0.588810513009095,0.588810513009095,99.9051146627761,99.9051146627761,0,0,0
30,4.18285180838823,4.18285180838823,0.588802337892488,0.588802337892488,99.9018435159295,99.9018435159295,0,0,0
31,4.18279431583567,4.18279431583567,0.5887942449093,0.5887942449093,99.8985724142731,99.8985724142731,0,0,0
32,4.182737391419,4.182737391419,0.588786231900197,0.588786231900197,99.8953013573566,99.8953013573566,0,0,0
33,4.18268102020111,4.18268102020111,0.588778296762544,0.588778296762544,99.8920303447414,99.8920303447414,0,0,0
34,4.18262518763715,4.18262518763715,0.588770437448923,0.588770437448923,99.8887593760006,99.8887593760006,0,0,0
35,4.18256987956419,4.18256987956419,0.58876265196568,0.58876265196568,99.8854884507186,99.8854884507186,0,0,0
36,4.18251508219129,4.18251508219129,0.588754938371522,0.588754938371522,99.8822175684903,99.8822175684903,0,0,0
37,4.18246078208968,4.18246078208968,0.588747294776138,0.588747294776138,99.8789467289219,99.8789467289219,0,0,0
38,4.18240696618331,4.18240696618331,0.588739719338867,0.588739719338867,99.8756759316293,99.8756759316293,0,0,0
39,4.18235362173957,4.18235362173957,0.588732210267395,0.588732210267395,99.872405176239,99.872405176239,0,0,0
40,4.18230073636031,4.18230073636031,0.588724765816486,0.588724765816486,99.8691344623871,99.8691344623871,0,0,0
41,4.18224829797306,4.18224829797306,0.588717384286748,0.588717384286748,99.8658637897192,99.8658637897192,0,0,0
42,4.18219629482246,4.18219629482246,0.588710064023432,0.588710064023432,99.8625931578903,99.8625931578903,0,0,0
43,4.18214471546202,4.18214471546202,0.588702803415262,0.588702803415262,99.8593225665646,99.8593225665646,0,0,0
44,4.18209354874594,4.18209354874594,0.588695600893292,0.588695600893292,99.856052015415,99.856052015415,0,0,0
45,4.18204278382128,4.18204278382128,0.588688454929797,0.588688454929797,99.852781504123,99.852781504123,0,0,0
46,4.18199241012023,4.18199241012023,0.588681364037194,0.588681364037194,99.8495110323785,99.8495110323785,0,0,0
47,4.18194241735267,4.18194241735267,0.588674326766987,0.588674326766987,99.8462405998796,99.8462405998796,0,0,0
48,4.1818927954989,4.1818927954989,0.588667341708741,0.588667341708741,99.8429702063322,99.8429702063322,0,0,0
49,4.18184353480247,4.18184353480247,0.588660407489087,0.588660407489087,99.8396998514501,99.8396998514501,0,0,0
50,4.18179462576338,4.18179462576338,0.588653522770746,0.588653522770746,99.8364295349545,99.8364295349545,0,0,0
51,4.18174605913125,4.18174605913125,0.588646686251584,0.588646686251584,99.8331592565741,99.8331592565741,0,0,0
52,4.18169782589885,4.18169782589885,0.58863989666369,0.58863989666369,99.8298890160446,99.8298890160446,0,0,0
53,4.18164991729569,4.18164991729569,0.588633152772479,0.588633152772479,99.8266188131087,99.8266188131087,0,0,0
54,4.18160232478179,4.18160232478179,0.588626453375815,0.588626453375815,99.8233486475157,99.8233486475157,0,0,0
55,4.18155504004165,4.18155504004165,0.588619797303161,0.588619797303161,99.8200785190218,99.8200785190218,0,0,0
56,4.18150805497839,4.18150805497839,0.58861318341475,0.58861318341475,99.8168084273894,99.8168084273894,0,0,0
57,4.18146136170795,4.18146136170795,0.588606610600781,0.588606610600781,99.8135383723873,99.8135383723873,0,0,0
58,4.18141495255354,4.18141495255354,0.588600077780623,0.588600077780623,99.8102683537902,99.8102683537902,0,0,0
59,4.18136882004024,4.18136882004024,0.58859358390206,0.58859358390206,99.8069983713789,99.8069983713789,0,0,0
60,4.1813229568896,4.1813229568896,0.588587127940541,0.588587127940541,99.8037284249398,99.8037284249398,0,0,0
61,4.1812773560146,4.1812773560146,0.588580708898452,0.588580708898452,99.800458514265,99.800458514265,0,0,0
62,4.18123201051453,4.18123201051453,0.58857432580441,0.58857432580441,99.7971886391522,99.7971886391522,0,0,0
63,4.18118691367016,4.18118691367016,0.588567977712579,0.588567977712579,99.7939187994043,99.7939187994043,0,0,0
64,4.18114205893895,4.18114205893895,0.588561663701991,0.588561663701991,99.7906489948292,99.7906489948292,0,0,0
65,4.18109743995041,4.18109743995041,0.588555382875903,0.588555382875903,99.7873792252402,99.7873792252402,0,0,0
66,4.18105305050161,4.18105305050161,0.588549134361151,0.588549134361151,99.7841094904554,99.7841094904554,0,0,0
67,4.18100888455275,4.18100888455275,0.588542917307538,0.588542917307538,99.7808397902975,99.7808397902975,0,0,0
68,4.18096493622288,4.18096493622288,0.58853673088723,0.58853673088723,99.7775701245941,99.7775701245941,0,0,0
69,4.18092119978576,4.18092119978576,0.588530574294166,0.588530574294166,99.7743004931772,99.7743004931772,0,0,0
70,4.18087766966575,4.18087766966575,0.588524446743489,0.588524446743489,99.7710308958833,99.7710308958833,0,0,0
71,4.1808343404339,4.1808343404339,0.588518347470988,0.588518347470988,99.7677613325531,99.7677613325531,0,0,0
72,4.18079120680408,4.18079120680408,0.588512275732556,0.588512275732556,99.7644918030316,99.7644918030316,0,0,0
73,4.18074826362921,4.18074826362921,0.588506230803661,0.588506230803661,99.7612223071679,99.7612223071679,0,0,0
74,4.18070550589765,4.18070550589765,0.588500211978836,0.588500211978836,99.7579528448149,99.7579528448149,0,0,0
75,4.18066292872961,4.18066292872961,0.588494218571173,0.588494218571173,99.7546834158296,99.7546834158296,0,0,0
76,4.1806205273737,4.1806205273737,0.588488249911838,0.588488249911838,99.7514140200725,99.7514140200725,0,0,0
77,4.18057829720354,4.18057829720354,0.588482305349597,0.588482305349597,99.7481446574079,99.7481446574079,0,0,0
78,4.1805362337145,4.1805362337145,0.588476384250352,0.588476384250352,99.7448753277039,99.7448753277039,0,0,0
79,4.18049433252051,4.18049433252051,0.588470485996693,0.588470485996693,99.7416060308317,99.7416060308317,0,0,0
80,4.18045258935091,4.18045258935091,0.588464609987459,0.588464609987459,99.738336766666,99.738336766666,0,0,0
81,4.18041100004742,4.18041100004742,0.588458755637306,0.588458755637306,99.735067535085,99.735067535085,0,0,0
82,4.18036956056125,4.18036956056125,0.588452922376302,0.588452922376302,99.7317983359698,99.7317983359698,0,0,0
83,4.18032826695013,4.18032826695013,0.588447109649511,0.588447109649511,99.7285291692048,99.7285291692048,0,0,0
84,4.18028711537558,4.18028711537558,0.588441316916608,0.588441316916608,99.7252600346774,99.7252600346774,0,0,0
85,4.18024610210017,4.18024610210017,0.588435543651489,0.588435543651489,99.721990932278,99.721990932278,0,0,0
86,4.18020522348484,4.18020522348484,0.588429789341898,0.588429789341898,99.7187218619,99.7187218619,0,0,0
87,4.18016447598633,4.18016447598633,0.588424053489067,0.588424053489067,99.7154528234392,99.7154528234392,0,0,0
88,4.18012385615468,4.18012385615468,0.588418335607359,0.588418335607359,99.7121838167946,99.7121838167946,0,0,0
89,4.18008336063073,4.18008336063073,0.588412635223921,0.588412635223921,99.7089148418677,99.7089148418677,0,0,0
90,4.18004298614381,4.18004298614381,0.588406951878352,0.588406951878352,99.7056458985624,99.7056458985624,0,0,0
91,4.18000272950933,4.18000272950933,0.588401285122372,0.588401285122372,99.7023769867853,99.7023769867853,0,0,0
92,4.17996258762657,4.17996258762657,0.588395634519506,0.588395634519506,99.6991081064456,99.6991081064456,0,0,0
93,4.17992255747647,4.17992255747647,0.588389999644773,0.588389999644773,99.6958392574547,99.6958392574547,0,0,0
94,4.17988263611946,4.17988263611946,0.588384380084384,0.588384380084384,99.6925704397262,99.6925704397262,0,0,0
95,4.1798428206934,4.1798428206934,0.588378775435445,0.588378775435445,99.6893016531763,99.6893016531763,0,0,0
96,4.17980310841152,4.17980310841152,0.588373185305676,0.588373185305676,99.6860328977231,99.6860328977231,0,0,0
97,4.17976349656045,4.17976349656045,0.588367609313127,0.588367609313127,99.6827641732872,99.6827641732872,0,0,0
98,4.1797239824983,4.1797239824983,0.588362047085909,0.588362047085909,99.6794954797909,99.6794954797909,0,0,0
99,4.17968456365275,4.17968456365275,0.58835649826193,0.58835649826193,99.6762268171588,99.6762268171588,0,0,0
100,4.17964523751925,4.17964523751925,0.588350962488633,0.588350962488633,99.6729581853174,99.6729581853174,0,0,0
101,4.17960600165923,4.17960600165923,0.588345439422752,0.588345439422752,99.6696895841952,99.6696895841952,0,0,0
102,4.17956685369837,4.17956685369837,0.588339928730063,0.588339928730063,99.6664210137225,99.6664210137225,0,0,0
103,4.17952779132487,4.17952779132487,0.588334430085145,0.588334430085145,99.6631524738314,99.6631524738314,0,0,0
104,4.17948881228789,4.17948881228789,0.588328943171155,0.588328943171155,99.6598839644559,99.6598839644559,0,0,0
105,4.17944991439584,4.17944991439584,0.588323467679595,0.588323467679595,99.6566154855316,99.6566154855316,0,0,0
106,4.17941109551493,4.17941109551493,0.588318003310097,0.588318003310097,99.653347036996,99.653347036996,0,0,0
107,4.17937235356756,4.17937235356756,0.588312549770208,0.588312549770208,99.6500786187881,99.6500786187881,0,0,0
108,4.17933368653089,4.17933368653089,0.588307106775182,0.588307106775182,99.6468102308484,99.6468102308484,0,0,0
109,4.17929509243539,4.17929509243539,0.588301674047775,0.588301674047775,99.6435418731192,99.6435418731192,0,0,0
110,4.17925656936344,4.17925656936344,0.588296251318052,0.588296251318052,99.6402735455442,99.6402735455442,0,0,0
111,4.17921811544795,4.17921811544795,0.588290838323191,0.588290838323191,99.6370052480685,99.6370052480685,0,0,0
112,4.17917972887104,4.17917972887104,0.588285434807297,0.588285434807297,99.6337369806389,99.6337369806389,0,0,0
113,4.17914140786276,4.17914140786276,0.588280040521222,0.588280040521222,99.6304687432032,99.6304687432032,0,0,0
114,4.17910315069981,4.17910315069981,0.588274655222383,0.588274655222383,99.6272005357109,99.6272005357109,0,0,0
115,4.1790649557043,4.1790649557043,0.588269278674592,0.588269278674592,99.6239323581127,99.6239323581127,0,0,0
116,4.1790268212426,4.1790268212426,0.588263910647889,0.588263910647889,99.6206642103607,99.6206642103607,0,0,0
117,4.17898874572413,4.17898874572413,0.588258550918374,0.588258550918374,99.6173960924081,99.6173960924081,0,0,0
118,4.17895072760025,4.17895072760025,0.588253199268053,0.588253199268053,99.6141280042095,99.6141280042095,0,0,0
119,4.17891276536314,4.17891276536314,0.588247855484677,0.588247855484677,99.6108599457205,99.6108599457205,0,0,0
120,4.17887485754476,4.17887485754476,0.588242519361594,0.588242519361594,99.607591916898,99.607591916898,0,0,0
121,4.17883700271576,4.17883700271576,0.588237190697602,0.588237190697602,99.6043239177,99.6043239177,0,0,0
122,4.17879919948449,4.17879919948449,0.588231869296804,0.588231869296804,99.6010559480855,99.6010559480855,0,0,0
123,4.17876144649599,4.17876144649599,0.588226554968468,0.588226554968468,99.5977880080149,99.5977880080149,0,0,0
124,4.17872374243105,4.17872374243105,0.588221247526894,0.588221247526894,99.5945200974493,99.5945200974493,0,0,0
125,4.17868608600523,4.17868608600523,0.588215946791277,0.588215946791277,99.5912522163509,99.5912522163509,0,0,0
126,4.17864847596798,4.17864847596798,0.588210652585583,0.588210652585583,99.587984364683,99.587984364683,0,0,0
127,4.17861091110173,4.17861091110173,0.588205364738419,0.588205364738419,99.5847165424098,99.5847165424098,0,0,0
128,4.17857339022103,4.17857339022103,0.588200083082916,0.588200083082916,99.5814487494963,99.5814487494963,0,0,0
129,4.1785359121717,4.1785359121717,0.588194807456602,0.588194807456602,99.5781809859087,99.5781809859087,0,0,0
130,4.17849847583,4.17849847583,0.588189537701294,0.588189537701294,99.5749132516139,99.5749132516139,0,0,0
131,4.17846108010183,4.17846108010183,0.588184273662983,0.588184273662983,99.5716455465798,99.5716455465798,0,0,0
132,4.17842372392198,4.17842372392198,0.58817901519172,0.58817901519172,99.5683778707748,99.5683778707748,0,0,0
133,4.17838640625331,4.17838640625331,0.588173762141514,0.588173762141514,99.5651102241686,99.5651102241686,0,0,0
134,4.17834912608608,4.17834912608608,0.588168514370225,0.588168514370225,99.5618426067315,99.5618426067315,0,0,0
135,4.17831188243715,4.17831188243715,0.588163271739464,0.588163271739464,99.5585750184344,99.5585750184344,0,0,0
136,4.17827467434937,4.17827467434937,0.588158034114495,0.588158034114495,99.5553074592492,99.5553074592492,0,0,0
137,4.17823750089081,4.17823750089081,0.588152801364135,0.588152801364135,99.5520399291484,99.5520399291484,0,0,0
138,4.17820036115415,4.17820036115415,0.588147573360664,0.588147573360664,99.5487724281053,99.5487724281053,0,0,0
139,4.17816325425602,4.17816325425602,0.588142349979732,0.588142349979732,99.5455049560939,99.5455049560939,0,0,0
140,4.17812617933634,4.17812617933634,0.588137131100273,0.588137131100273,99.5422375130889,99.5422375130889,0,0,0
141,4.17808913555775,4.17808913555775,0.588131916604413,0.588131916604413,99.5389700990655,99.5389700990655,0,0,0
142,4.17805212210499,4.17805212210499,0.588126706377392,0.588126706377392,99.5357027139997,99.5357027139997,0,0,0
143,4.17801513818432,4.17801513818432,0.588121500307478,0.588121500307478,99.5324353578681,99.5324353578681,0,0,0
144,4.17797818302294,4.17797818302294,0.588116298285887,0.588116298285887,99.529168030648,99.529168030648,0,0,0
145,4.17794125586847,4.17794125586847,0.588111100206711,0.588111100206711,99.525900732317,99.525900732317,0,0,0
146,4.17790435598838,4.17790435598838,0.588105905966833,0.588105905966833,99.5226334628537,99.5226334628537,0,0,0
147,4.17786748266947,4.17786748266947,0.588100715465861,0.588100715465861,99.5193662222369,99.5193662222369,0,0,0
148,4.1778306352174,4.1778306352174,0.588095528606053,0.588095528606053,99.5160990104461,99.5160990104461,0,0,0
149,4.17779381295613,4.17779381295613,0.588090345292247,0.588090345292247,99.5128318274615,99.5128318274615,0,0,0
150,4.17775701522748,4.17775701522748,0.588085165431796,0.588085165431796,99.5095646732634,99.5095646732634,0,0,0
151,4.17772024139067,4.17772024139067,0.588079988934498,0.588079988934498,99.5062975478331,99.5062975478331,0,0,0
152,4.17768349082182,4.17768349082182,0.588074815712531,0.588074815712531,99.503030451152,99.503030451152,0,0,0
153,4.17764676291352,4.17764676291352,0.588069645680395,0.588069645680395,99.4997633832023,99.4997633832023,0,0,0
154,4.17761005707443,4.17761005707443,0.588064478754847,0.588064478754847,99.4964963439663,99.4964963439663,0,0,0
155,4.1775733727288,4.1775733727288,0.588059314854842,0.588059314854842,99.4932293334271,99.4932293334271,0,0,0
156,4.1775367093161,4.1775367093161,0.588054153901478,0.588054153901478,99.4899623515682,99.4899623515682,0,0,0
157,4.17750006629059,4.17750006629059,0.588048995817932,0.588048995817932,99.4866953983732,99.4866953983732,0,0,0
158,4.17746344312098,4.17746344312098,0.588043840529417,0.588043840529417,99.4834284738265,99.4834284738265,0,0,0
159,4.17742683928997,4.17742683928997,0.588038687963116,0.588038687963116,99.4801615779128,99.4801615779128,0,0,0
160,4.17739025429397,4.17739025429397,0.588033538048137,0.588033538048137,99.4768947106171,99.4768947106171,0,0,0
161,4.17735368764265,4.17735368764265,0.588028390715463,0.588028390715463,99.4736278719249,99.4736278719249,0,0,0
162,4.17731713885867,4.17731713885867,0.588023245897898,0.588023245897898,99.470361061822,99.470361061822,0,0,0
163,4.17728060747728,4.17728060747728,0.588018103530022,0.588018103530022,99.4670942802947,99.4670942802947,0,0,0
164,4.17724409304602,4.17724409304602,0.588012963548144,0.588012963548144,99.4638275273295,99.4638275273295,0,0,0
165,4.17720759512438,4.17720759512438,0.588007825890256,0.588007825890256,99.4605608029134,99.4605608029134,0,0,0
166,4.17717111328349,4.17717111328349,0.588002690495988,0.588002690495988,99.4572941070335,99.4572941070335,0,0,0
167,4.17713464710584,4.17713464710584,0.587997557306565,0.587997557306565,99.4540274396775,99.4540274396775,0,0,0
168,4.17709819618489,4.17709819618489,0.587992426264766,0.587992426264766,99.4507608008333,99.4507608008333,0,0,0
169,4.17706176012492,4.17706176012492,0.587987297314882,0.587987297314882,99.447494190489,99.447494190489,0,0,0
170,4.17702533854062,4.17702533854062,0.587982170402677,0.587982170402677,99.4442276086333,99.4442276086333,0,0,0
171,4.17698893105686,4.17698893105686,0.587977045475347,0.587977045475347,99.440961055255,99.440961055255,0,0,0
172,4.17695253730847,4.17695253730847,0.587971922481485,0.587971922481485,99.4376945303431,99.4376945303431,0,0,0
173,4.17691615693988,4.17691615693988,0.587966801371042,0.587966801371042,99.4344280338871,99.4344280338871,0,0,0
174,4.17687978960497,4.17687978960497,0.587961682095294,0.587961682095294,99.4311615658766,99.4311615658766,0,0,0
175,4.17684343496672,4.17684343496672,0.587956564606801,0.587956564606801,99.4278951263016,99.4278951263016,0,0,0
176,4.17680709269705,4.17680709269705,0.587951448859382,0.587951448859382,99.4246287151523,99.4246287151523,0,0,0
177,4.17677076247655,4.17677076247655,0.587946334808073,0.587946334808073,99.4213623324191,99.4213623324191,0,0,0
178,4.17673444399426,4.17673444399426,0.587941222409102,0.587941222409102,99.4180959780928,99.4180959780928,0,0,0
179,4.17669813694743,4.17669813694743,0.587936111619852,0.587936111619852,99.4148296521642,99.4148296521642,0,0,0
180,4.17666184104131,4.17666184104131,0.587931002398833,0.587931002398833,99.4115633546245,99.4115633546245,0,0,0
181,4.17662555598897,4.17662555598897,0.587925894705654,0.587925894705654,99.4082970854652,99.4082970854652,0,0,0
182,4.17658928151104,4.17658928151104,0.587920788500991,0.587920788500991,99.4050308446778,99.4050308446778,0,0,0
183,4.17655301733556,4.17655301733556,0.587915683746559,0.587915683746559,99.4017646322543,99.4017646322543,0,0,0
184,4.17651676319774,4.17651676319774,0.587910580405088,0.587910580405088,99.3984984481865,99.3984984481865,0,0,0
185,4.17648051883982,4.17648051883982,0.58790547844029,0.58790547844029,99.3952322924669,99.3952322924669,0,0,0
186,4.17644428401084,4.17644428401084,0.587900377816841,0.587900377816841,99.3919661650878,99.3919661650878,0,0,0
187,4.17640805846647,4.17640805846647,0.587895278500348,0.587895278500348,99.3887000660419,99.3887000660419,0,0,0
188,4.17637184196887,4.17637184196887,0.58789018045733,0.58789018045733,99.385433995322,99.385433995322,0,0,0
189,4.17633563428647,4.17633563428647,0.58788508365519,0.58788508365519,99.3821679529211,99.3821679529211,0,0,0
190,4.17629943519383,4.17629943519383,0.587879988062195,0.587879988062195,99.3789019388325,99.3789019388325,0,0,0
191,4.17626324447148,4.17626324447148,0.587874893647449,0.587874893647449,99.3756359530494,99.3756359530494,0,0,0
192,4.17622706190575,4.17622706190575,0.587869800380878,0.587869800380878,99.3723699955655,99.3723699955655,0,0,0
193,4.17619088728864,4.17619088728864,0.587864708233198,0.587864708233198,99.3691040663744,99.3691040663744,0,0,0
194,4.17615472041762,4.17615472041762,0.587859617175904,0.587859617175904,99.36583816547,99.36583816547,0,0,0
195,4.17611856109555,4.17611856109555,0.587854527181243,0.587854527181243,99.3625722928463,99.3625722928463,0,0,0
196,4.1760824091305,4.1760824091305,0.587849438222198,0.587849438222198,99.3593064484975,99.3593064484975,0,0,0
197,4.1760462643356,4.1760462643356,0.587844350272467,0.587844350272467,99.3560406324179,99.3560406324179,0,0,0
198,4.17601012652896,4.17601012652896,0.587839263306442,0.587839263306442,99.3527748446019,99.3527748446019,0,0,0
199,4.17597399553347,4.17597399553347,0.587834177299194,0.587834177299194,99.3495090850442,99.3495090850442,0,0,0
200,4.17593787117673,4.17593787117673,0.587829092226454,0.587829092226454,99.3462433537396,99.3462433537396,0,0,0
201,4.17590175329089,4.17590175329089,0.587824008064596,0.587824008064596,99.3429776506828,99.3429776506828,0,0,0
202,4.17586564171256,4.17586564171256,0.587818924790619,0.587818924790619,99.3397119758689,99.3397119758689,0,0,0
203,4.17582953628264,4.17582953628264,0.587813842382128,0.587813842382128,99.336446329293,99.336446329293,0,0,0
204,4.17579343684628,4.17579343684628,0.587808760817326,0.587808760817326,99.3331807109504,99.3331807109504,0,0,0
205,4.17575734325272,4.17575734325272,0.587803680074989,0.587803680074989,99.3299151208364,99.3299151208364,0,0,0
206,4.17572125535517,4.17572125535517,0.587798600134456,0.587798600134456,99.3266495589466,99.3266495589466,0,0,0
207,4.17568517301076,4.17568517301076,0.587793520975614,0.587793520975614,99.3233840252765,99.3233840252765,0,0,0
208,4.17564909608037,4.17564909608037,0.587788442578881,0.587788442578881,99.3201185198218,99.3201185198218,0,0,0
209,4.17561302442858,4.17561302442858,0.587783364925195,0.587783364925195,99.3168530425784,99.3168530425784,0,0,0
210,4.17557695792356,4.17557695792356,0.587778287995997,0.587778287995997,99.3135875935422,99.3135875935422,0,0,0
211,4.17554089643697,4.17554089643697,0.587773211773222,0.587773211773222,99.3103221727092,99.3103221727092,0,0,0
212,4.17550483984385,4.17550483984385,0.587768136239281,0.587768136239281,99.3070567800755,99.3070567800755,0,0,0
213,4.17546878802257,4.17546878802257,0.587763061377051,0.587763061377051,99.3037914156374,99.3037914156374,0,0,0
214,4.17543274085472,4.17543274085472,0.587757987169865,0.587757987169865,99.3005260793911,99.3005260793911,0,0,0
215,4.17539669822501,4.17539669822501,0.587752913601493,0.587752913601493,99.2972607713332,99.2972607713332,0,0,0
216,4.17536066002122,4.17536066002122,0.58774784065614,0.58774784065614,99.2939954914599,99.2939954914599,0,0,0
217,4.1753246261341,4.1753246261341,0.587742768318426,0.587742768318426,99.290730239768,99.290730239768,0,0,0
218,4.17528859645729,4.17528859645729,0.58773769657338,0.58773769657338,99.2874650162542,99.2874650162542,0,0,0
219,4.17525257088724,4.17525257088724,0.587732625406425,0.587732625406425,99.2841998209151,99.2841998209151,0,0,0
220,4.17521654932316,4.17521654932316,0.587727554803373,0.587727554803373,99.2809346537476,99.2809346537476,0,0,0
221,4.17518053166693,4.17518053166693,0.587722484750412,0.587722484750412,99.2776695147486,99.2776695147486,0,0,0
222,4.175144517823,4.175144517823,0.587717415234094,0.587717415234094,99.2744044039151,99.2744044039151,0,0,0
223,4.17510850769839,4.17510850769839,0.587712346241328,0.587712346241328,99.271139321244,99.271139321244,0,0,0
224,4.17507250120257,4.17507250120257,0.58770727775937,0.58770727775937,99.2678742667327,99.2678742667327,0,0,0
225,4.17503649824739,4.17503649824739,0.587702209775815,0.587702209775815,99.2646092403782,99.2646092403782,0,0,0
226,4.17500049874706,4.17500049874706,0.587697142278584,0.587697142278584,99.2613442421778,99.2613442421778,0,0,0
227,4.17496450261806,4.17496450261806,0.587692075255921,0.587692075255921,99.2580792721289,99.2580792721289,0,0,0
228,4.17492850977907,4.17492850977907,0.587687008696379,0.587687008696379,99.2548143302288,99.2548143302288,0,0,0
229,4.17489252015095,4.17489252015095,0.587681942588816,0.587681942588816,99.251549416475,99.251549416475,0,0,0
230,4.17485653365662,4.17485653365662,0.587676876922385,0.587676876922385,99.2482845308651,99.2482845308651,0,0,0
231,4.17482055022108,4.17482055022108,0.587671811686525,0.587671811686525,99.2450196733966,99.2450196733966,0,0,0
232,4.17478456977129,4.17478456977129,0.587666746870959,0.587666746870959,99.241754844067,99.241754844067,0,0,0
233,4.17474859223618,4.17474859223618,0.587661682465678,0.587661682465678,99.2384900428742,99.2384900428742,0,0,0
234,4.17471261754652,4.17471261754652,0.58765661846094,0.58765661846094,99.2352252698159,99.2352252698159,0,0,0
235,4.17467664563495,4.17467664563495,0.587651554847262,0.587651554847262,99.2319605248899,99.2319605248899,0,0,0
236,4.17464067643588,4.17464067643588,0.587646491615411,0.587646491615411,99.228695808094,99.228695808094,0,0,0
237,4.17460470988547,4.17460470988547,0.5876414287564,0.5876414287564,99.2254311194261,99.2254311194261,0,0,0
238,4.17456874592155,4.17456874592155,0.58763636626148,0.58763636626148,99.2221664588842,99.2221664588842,0,0,0
239,4.17453278448363,4.17453278448363,0.587631304122133,0.587631304122133,99.2189018264663,99.2189018264663,0,0,0
240,4.17449682551281,4.17449682551281,0.587626242330069,0.587626242330069,99.2156372221705,99.2156372221705,0,0,0
241,4.17446086895174,4.17446086895174,0.587621180877215,0.587621180877215,99.2123726459947,99.2123726459947,0,0,0
242,4.1744249147446,4.1744249147446,0.587616119755715,0.587616119755715,99.2091080979373,99.2091080979373,0,0,0
243,4.17438896283706,4.17438896283706,0.587611058957919,0.587611058957919,99.2058435779963,99.2058435779963,0,0,0
244,4.17435301317621,4.17435301317621,0.587605998476381,0.587605998476381,99.2025790861699,99.2025790861699,0,0,0
245,4.17431706571057,4.17431706571057,0.587600938303853,0.587600938303853,99.1993146224565,99.1993146224565,0,0,0
246,4.17428112039,4.17428112039,0.587595878433278,0.587595878433278,99.1960501868543,99.1960501868543,0,0,0
247,4.17424517716571,4.17424517716571,0.587590818857786,0.587590818857786,99.1927857793617,99.1927857793617,0,0,0
248,4.17420923599019,4.17420923599019,0.587585759570692,0.587585759570692,99.189521399977,99.189521399977,0,0,0
249,4.1741732968172,4.1741732968172,0.587580700565484,0.587580700565484,99.1862570486987,99.1862570486987,0,0,0
250,4.17413735960171,4.17413735960171,0.587575641835827,0.587575641835827,99.1829927255252,99.1829927255252,0,0,0
251,4.17410142429992,4.17410142429992,0.587570583375551,0.587570583375551,99.1797284304551,99.1797284304551,0,0,0
252,4.17406549086914,4.17406549086914,0.587565525178652,0.587565525178652,99.1764641634868,99.1764641634868,0,0,0
253,4.17402955926786,4.17402955926786,0.587560467239283,0.587560467239283,99.1731999246188,99.1731999246188,0,0,0
254,4.17399362945566,4.17399362945566,0.587555409551754,0.587555409551754,99.1699357138498,99.1699357138498,0,0,0
255,4.17395770139317,4.17395770139317,0.587550352110525,0.587550352110525,99.1666715311784,99.1666715311784,0,0,0
256,4.17392177504208,4.17392177504208,0.587545294910203,0.587545294910203,99.1634073766033,99.1634073766033,0,0,0
257,4.17388585036511,4.17388585036511,0.58754023794554,0.58754023794554,99.160143250123,99.160143250123,0,0,0
258,4.17384992732595,4.17384992732595,0.587535181211423,0.587535181211423,99.1568791517363,99.1568791517363,0,0,0
259,4.17381400588926,4.17381400588926,0.58753012470288,0.58753012470288,99.153615081442,99.153615081442,0,0,0
260,4.17377808602064,4.17377808602064,0.587525068415067,0.587525068415067,99.1503510392388,99.1503510392388,0,0,0
261,4.1737421676866,4.1737421676866,0.587520012343271,0.587520012343271,99.1470870251255,99.1470870251255,0,0,0
262,4.17370625085453,4.17370625085453,0.587514956482902,0.587514956482902,99.1438230391009,99.1438230391009,0,0,0
263,4.17367033549272,4.17367033549272,0.587509900829493,0.587509900829493,99.1405590811638,99.1405590811638,0,0,0
264,4.17363442157025,4.17363442157025,0.587504845378696,0.587504845378696,99.1372951513132,99.1372951513132,0,0,0
265,4.17359850905707,4.17359850905707,0.587499790126277,0.587499790126277,99.1340312495478,99.1340312495478,0,0,0
266,4.1735625979239,4.1735625979239,0.587494735068116,0.587494735068116,99.1307673758666,99.1307673758666,0,0,0
267,4.17352668814223,4.17352668814223,0.587489680200202,0.587489680200202,99.1275035302686,99.1275035302686,0,0,0
268,4.17349077968434,4.17349077968434,0.587484625518629,0.587484625518629,99.1242397127526,99.1242397127526,0,0,0
269,4.17345487252322,4.17345487252322,0.587479571019598,0.587479571019598,99.1209759233177,99.1209759233177,0,0,0
270,4.17341896663258,4.17341896663258,0.587474516699406,0.587474516699406,99.1177121619629,99.1177121619629,0,0,0
271,4.17338306198684,4.17338306198684,0.587469462554454,0.587469462554454,99.1144484286871,99.1144484286871,0,0,0
272,4.17334715856108,4.17334715856108,0.587464408581233,0.587464408581233,99.1111847234894,99.1111847234894,0,0,0
273,4.17331125633106,4.17331125633106,0.587459354776332,0.587459354776332,99.1079210463689,99.1079210463689,0,0,0
274,4.17327535527317,4.17327535527317,0.587454301136426,0.587454301136426,99.1046573973246,99.1046573973246,0,0,0
275,4.17323945536445,4.17323945536445,0.587449247658284,0.587449247658284,99.1013937763557,99.1013937763557,0,0,0
276,4.17320355658252,4.17320355658252,0.587444194338755,0.587444194338755,99.0981301834612,99.0981301834612,0,0,0
277,4.1731676589056,4.1731676589056,0.587439141174775,0.587439141174775,99.0948666186402,99.0948666186402,0,0,0
278,4.17313176231252,4.17313176231252,0.587434088163361,0.587434088163361,99.091603081892,99.091603081892,0,0,0
279,4.17309586678263,4.17309586678263,0.587429035301609,0.587429035301609,99.0883395732156,99.0883395732156,0,0,0
280,4.17305997229586,4.17305997229586,0.587423982586692,0.587423982586692,99.0850760926103,99.0850760926103,0,0,0
281,4.17302407883265,4.17302407883265,0.587418930015858,0.587418930015858,99.0818126400753,99.0818126400753,0,0,0
282,4.17298818637398,4.17298818637398,0.587413877586427,0.587413877586427,99.0785492156096,99.0785492156096,0,0,0
283,4.17295229490132,4.17295229490132,0.587408825295794,0.587408825295794,99.0752858192127,99.0752858192127,0,0,0
284,4.17291640439664,4.17291640439664,0.587403773141419,0.587403773141419,99.0720224508837,99.0720224508837,0,0,0
285,4.17288051484238,4.17288051484238,0.587398721120831,0.587398721120831,99.0687591106217,99.0687591106217,0,0,0
286,4.17284462622147,4.17284462622147,0.587393669231626,0.587393669231626,99.0654957984263,99.0654957984263,0,0,0
287,4.17280873851726,4.17280873851726,0.587388617471462,0.587388617471462,99.0622325142965,99.0622325142965,0,0,0
288,4.17277285171357,4.17277285171357,0.587383565838059,0.587383565838059,99.0589692582317,99.0589692582317,0,0,0
289,4.17273696579464,4.17273696579464,0.587378514329201,0.587378514329201,99.0557060302311,99.0557060302311,0,0,0
290,4.17270108074513,4.17270108074513,0.587373462942727,0.587373462942727,99.0524428302942,99.0524428302942,0,0,0
291,4.1726651965501,4.1726651965501,0.587368411676534,0.587368411676534,99.0491796584202,99.0491796584202,0,0,0
292,4.17262931319501,4.17262931319501,0.587363360528578,0.587363360528578,99.0459165146085,99.0459165146085,0,0,0
293,4.17259343066573,4.17259343066573,0.587358309496865,0.587358309496865,99.0426533988583,99.0426533988583,0,0,0
294,4.17255754894846,4.17255754894846,0.587353258579457,0.587353258579457,99.0393903111692,99.0393903111692,0,0,0
295,4.17252166802981,4.17252166802981,0.587348207774466,0.587348207774466,99.0361272515403,99.0361272515403,0,0,0
296,4.17248578789672,4.17248578789672,0.587343157080056,0.587343157080056,99.0328642199712,99.0328642199712,0,0,0
297,4.17244990853649,4.17244990853649,0.587338106494439,0.587338106494439,99.0296012164613,99.0296012164613,0,0,0
298,4.17241402993675,4.17241402993675,0.587333056015872,0.587333056015872,99.0263382410098,99.0263382410098,0,0,0
299,4.17237815208547,4.17237815208547,0.587328005642662,0.587328005642662,99.0230752936163,99.0230752936163,0,0,0
300,4.17234227497092,4.17234227497092,0.587322955373159,0.587322955373159,99.0198123742801,99.0198123742801,0,0,0
301,4.1723063985817,4.1723063985817,0.587317905205758,0.587317905205758,99.0165494830006,99.0165494830006,0,0,0
302,4.17227052290671,4.17227052290671,0.587312855138895,0.587312855138895,99.0132866197774,99.0132866197774,0,0,0
303,4.17223464793514,4.17223464793514,0.58730780517105,0.58730780517105,99.0100237846098,99.0100237846098,0,0,0
304,4.17219877365646,4.17219877365646,0.587302755300741,0.587302755300741,99.0067609774974,99.0067609774974,0,0,0
305,4.17216290006045,4.17216290006045,0.587297705526527,0.587297705526527,99.0034981984395,99.0034981984395,0,0,0
306,4.17212702713712,4.17212702713712,0.587292655847005,0.587292655847005,99.0002354474356,99.0002354474356,0,0,0
307,4.17209115487678,4.17209115487678,0.587287606260808,0.587287606260808,98.9969727244853,98.9969727244853,0,0,0
308,4.17205528326998,4.17205528326998,0.587282556766608,0.587282556766608,98.9937100295879,98.9937100295879,0,0,0
309,4.17201941230753,4.17201941230753,0.58727750736311,0.58727750736311,98.9904473627431,98.9904473627431,0,0,0
310,4.17198354198048,4.17198354198048,0.587272458049054,0.587272458049054,98.9871847239502,98.9871847239502,0,0,0
311,4.17194767228012,4.17194767228012,0.587267408823215,0.587267408823215,98.9839221132089,98.9839221132089,0,0,0
312,4.17191180319796,4.17191180319796,0.587262359684398,0.587262359684398,98.9806595305186,98.9806595305186,0,0,0
313,4.17187593472576,4.17187593472576,0.587257310631441,0.587257310631441,98.9773969758787,98.9773969758787,0,0,0
314,4.17184006685548,4.17184006685548,0.587252261663215,0.587252261663215,98.974134449289,98.974134449289,0,0,0
315,4.17180419957929,4.17180419957929,0.587247212778617,0.587247212778617,98.9708719507488,98.9708719507488,0,0,0
316,4.1717683328896,4.1717683328896,0.587242163976576,0.587242163976576,98.9676094802578,98.9676094802578,0,0,0
317,4.17173246677898,4.17173246677898,0.58723711525605,0.58723711525605,98.9643470378155,98.9643470378155,0,0,0
318,4.17169660124022,4.17169660124022,0.587232066616022,0.587232066616022,98.9610846234213,98.9610846234213,0,0,0
319,4.17166073626631,4.17166073626631,0.587227018055505,0.587227018055505,98.957822237075,98.957822237075,0,0,0
320,4.1716248718504,4.1716248718504,0.587221969573537,0.587221969573537,98.954559878776,98.954559878776,0,0,0
321,4.17158900798586,4.17158900798586,0.58721692116918,0.58721692116918,98.9512975485239,98.9512975485239,0,0,0
322,4.17155314466619,4.17155314466619,0.587211872841525,0.587211872841525,98.9480352463183,98.9480352463183,0,0,0
323,4.1715172818851,4.1715172818851,0.587206824589682,0.587206824589682,98.9447729721587,98.9447729721587,0,0,0
324,4.17148141963646,4.17148141963646,0.58720177641279,0.58720177641279,98.9415107260448,98.9415107260448,0,0,0
325,4.17144555791429,4.17144555791429,0.587196728310006,0.587196728310006,98.9382485079761,98.9382485079761,0,0,0
326,4.17140969671277,4.17140969671277,0.587191680280514,0.587191680280514,98.9349863179522,98.9349863179522,0,0,0
327,4.17137383602626,4.17137383602626,0.587186632323516,0.587186632323516,98.9317241559727,98.9317241559727,0,0,0
328,4.17133797584924,4.17133797584924,0.587181584438237,0.587181584438237,98.9284620220372,98.9284620220372,0,0,0
329,4.17130211617635,4.17130211617635,0.587176536623923,0.587176536623923,98.9251999161453,98.9251999161453,0,0,0
330,4.17126625700238,4.17126625700238,0.587171488879839,0.587171488879839,98.9219378382967,98.9219378382967,0,0,0
331,4.17123039832223,4.17123039832223,0.58716644120527,0.58716644120527,98.9186757884908,98.9186757884908,0,0,0
332,4.17119454013098,4.17119454013098,0.587161393599519,0.587161393599519,98.9154137667275,98.9154137667275,0,0,0
333,4.17115868242381,4.17115868242381,0.587156346061911,0.587156346061911,98.9121517730062,98.9121517730062,0,0,0
334,4.17112282519603,4.17112282519603,0.587151298591784,0.587151298591784,98.9088898073265,98.9088898073265,0,0,0
335,4.17108696844309,4.17108696844309,0.587146251188498,0.587146251188498,98.9056278696882,98.9056278696882,0,0,0
336,4.17105111216054,4.17105111216054,0.587141203851427,0.587141203851427,98.9023659600909,98.9023659600909,0,0,0
337,4.17101525634406,4.17101525634406,0.587136156579964,0.587136156579964,98.8991040785341,98.8991040785341,0,0,0
338,4.17097940098946,4.17097940098946,0.587131109373516,0.587131109373516,98.8958422250175,98.8958422250175,0,0,0
339,4.17094354609263,4.17094354609263,0.587126062231508,0.587126062231508,98.8925803995408,98.8925803995408,0,0,0
340,4.17090769164959,4.17090769164959,0.587121015153377,0.587121015153377,98.8893186021036,98.8893186021036,0,0,0
341,4.17087183765647,4.17087183765647,0.58711596813858,0.58711596813858,98.8860568327055,98.8860568327055,0,0,0
342,4.17083598410949,4.17083598410949,0.587110921186584,0.587110921186584,98.8827950913463,98.8827950913463,0,0,0
343,4.17080013100498,4.17080013100498,0.587105874296872,0.587105874296872,98.8795333780254,98.8795333780254,0,0,0
344,4.17076427833935,4.17076427833935,0.58710082746894,0.58710082746894,98.8762716927427,98.8762716927427,0,0,0
345,4.17072842610913,4.17072842610913,0.587095780702299,0.587095780702299,98.8730100354978,98.8730100354978,0,0,0
346,4.17069257431094,4.17069257431094,0.587090733996472,0.587090733996472,98.8697484062902,98.8697484062902,0,0,0
347,4.17065672294146,4.17065672294146,0.587085687350994,0.587085687350994,98.8664868051198,98.8664868051198,0,0,0
348,4.1706208719975,4.1706208719975,0.587080640765413,0.587080640765413,98.8632252319861,98.8632252319861,0,0,0
349,4.17058502147592,4.17058502147592,0.58707559423929,0.58707559423929,98.8599636868888,98.8599636868888,0,0,0
350,4.17054917137368,4.17054917137368,0.587070547772196,0.587070547772196,98.8567021698277,98.8567021698277,0,0,0
351,4.17051332168783,4.17051332168783,0.587065501363715,0.587065501363715,98.8534406808023,98.8534406808023,0,0,0
352,4.17047747241549,4.17047747241549,0.587060455013441,0.587060455013441,98.8501792198123,98.8501792198123,0,0,0
353,4.17044162355384,4.17044162355384,0.587055408720979,0.587055408720979,98.8469177868574,98.8469177868574,0,0,0
354,4.17040577510015,4.17040577510015,0.587050362485945,0.587050362485945,98.8436563819374,98.8436563819374,0,0,0
355,4.17036992705178,4.17036992705178,0.587045316307965,0.587045316307965,98.8403950050518,98.8403950050518,0,0,0
356,4.17033407940613,4.17033407940613,0.587040270186674,0.587040270186674,98.8371336562004,98.8371336562004,0,0,0
357,4.17029823216068,4.17029823216068,0.587035224121718,0.587035224121718,98.8338723353828,98.8338723353828,0,0,0
358,4.17026238531299,4.17026238531299,0.587030178112752,0.587030178112752,98.8306110425988,98.8306110425988,0,0,0
359,4.17022653886067,4.17022653886067,0.587025132159441,0.587025132159441,98.8273497778481,98.8273497778481,0,0,0
360,4.1701906928014,4.1701906928014,0.587020086261458,0.587020086261458,98.8240885411302,98.8240885411302,0,0,0
361,4.17015484713291,4.17015484713291,0.587015040418483,0.587015040418483,98.8208273324449,98.8208273324449,0,0,0
362,4.170119001853,4.170119001853,0.587009994630209,0.587009994630209,98.817566151792,98.817566151792,0,0,0
363,4.17008315695955,4.17008315695955,0.587004948896333,0.587004948896333,98.8143049991711,98.8143049991711,0,0,0
364,4.17004731245045,4.17004731245045,0.586999903216562,0.586999903216562,98.8110438745819,98.8110438745819,0,0,0
365,4.17001146832369,4.17001146832369,0.58699485759061,0.58699485759061,98.807782778024,98.807782778024,0,0,0
366,4.16997562457729,4.16997562457729,0.586989812018199,0.586989812018199,98.8045217094973,98.8045217094973,0,0,0
367,4.16993978120932,4.16993978120932,0.58698476649906,0.58698476649906,98.8012606690014,98.8012606690014,0,0,0
368,4.16990393821792,4.16990393821792,0.586979721032928,0.586979721032928,98.797999656536,98.797999656536,0,0,0
369,4.16986809560126,4.16986809560126,0.586974675619547,0.586974675619547,98.7947386721009,98.7947386721009,0,0,0
370,4.16983225335758,4.16983225335758,0.586969630258668,0.586969630258668,98.7914777156956,98.7914777156956,0,0,0
371,4.16979641148514,4.16979641148514,0.586964584950048,0.586964584950048,98.78821678732,98.78821678732,0,0,0
372,4.16976056998227,4.16976056998227,0.58695953969345,0.58695953969345,98.7849558869737,98.7849558869737,0,0,0
373,4.16972472884733,4.16972472884733,0.586954494488644,0.586954494488644,98.7816950146565,98.7816950146565,0,0,0
374,4.16968888807873,4.16968888807873,0.586949449335407,0.586949449335407,98.7784341703681,98.7784341703681,0,0,0
375,4.16965304767493,4.16965304767493,0.586944404233521,0.586944404233521,98.7751733541082,98.7751733541082,0,0,0
376,4.16961720763441,4.16961720763441,0.586939359182772,0.586939359182772,98.7719125658764,98.7719125658764,0,0,0
377,4.16958136795572,4.16958136795572,0.586934314182956,0.586934314182956,98.7686518056726,98.7686518056726,0,0,0
378,4.16954552863741,4.16954552863741,0.58692926923387,0.58692926923387,98.7653910734964,98.7653910734964,0,0,0
379,4.16950968967811,4.16950968967811,0.586924224335319,0.586924224335319,98.7621303693476,98.7621303693476,0,0,0
380,4.16947385107645,4.16947385107645,0.586919179487113,0.586919179487113,98.7588696932258,98.7588696932258,0,0,0
381,4.16943801283113,4.16943801283113,0.586914134689066,0.586914134689066,98.7556090451309,98.7556090451309,0,0,0
382,4.16940217494085,4.16940217494085,0.586909089940998,0.586909089940998,98.7523484250625,98.7523484250625,0,0,0
383,4.16936633740438,4.16936633740438,0.586904045242733,0.586904045242733,98.7490878330203,98.7490878330203,0,0,0
384,4.16933050022049,4.16933050022049,0.586899000594101,0.586899000594101,98.745827269004,98.745827269004,0,0,0
385,4.16929466338801,4.16929466338801,0.586893955994934,0.586893955994934,98.7425667330135,98.7425667330135,0,0,0
386,4.16925882690578,4.16925882690578,0.586888911445071,0.586888911445071,98.7393062250484,98.7393062250484,0,0,0
387,4.16922299077269,4.16922299077269,0.586883866944354,0.586883866944354,98.7360457451084,98.7360457451084,0,0,0
388,4.16918715498765,4.16918715498765,0.58687882249263,0.58687882249263,98.7327852931932,98.7327852931932,0,0,0
389,4.16915131954958,4.16915131954958,0.58687377808975,0.58687377808975,98.7295248693027,98.7295248693027,0,0,0
390,4.16911548445747,4.16911548445747,0.586868733735568,0.586868733735568,98.7262644734365,98.7262644734365,0,0,0
391,4.16907964971031,4.16907964971031,0.586863689429942,0.586863689429942,98.7230041055944,98.7230041055944,0,0,0
392,4.16904381530711,4.16904381530711,0.586858645172735,0.586858645172735,98.719743765776,98.719743765776,0,0,0
393,4.16900798124692,4.16900798124692,0.586853600963812,0.586853600963812,98.7164834539812,98.7164834539812,0,0,0
394,4.16897214752883,4.16897214752883,0.586848556803044,0.586848556803044,98.7132231702095,98.7132231702095,0,0,0
395,4.16893631415192,4.16893631415192,0.586843512690304,0.586843512690304,98.7099629144609,98.7099629144609,0,0,0
396,4.16890048111531,4.16890048111531,0.586838468625467,0.586838468625467,98.706702686735,98.706702686735,0,0,0
397,4.16886464841816,4.16886464841816,0.586833424608413,0.586833424608413,98.7034424870316,98.7034424870316,0,0,0
398,4.16882881605963,4.16882881605963,0.586828380639025,0.586828380639025,98.7001823153503,98.7001823153503,0,0,0
399,4.16879298403891,4.16879298403891,0.586823336717189,0.586823336717189,98.6969221716909,98.6969221716909,0,0,0
400,4.16875715235521,4.16875715235521,0.586818292842795,0.586818292842795,98.6936620560533,98.6936620560533,0,0,0
401,4.16872132100777,4.16872132100777,0.586813249015733,0.586813249015733,98.690401968437,98.690401968437,0,0,0
402,4.16868548999583,4.16868548999583,0.5868082052359,0.5868082052359,98.6871419088418,98.6871419088418,0,0,0
403,4.16864965931867,4.16864965931867,0.586803161503192,0.586803161503192,98.6838818772675,98.6838818772675,0,0,0
404,4.16861382897559,4.16861382897559,0.58679811781751,0.58679811781751,98.6806218737138,98.6806218737138,0,0,0
405,4.16857799896589,4.16857799896589,0.586793074178757,0.586793074178757,98.6773618981804,98.6773618981804,0,0,0
406,4.1685421692889,4.1685421692889,0.586788030586839,0.586788030586839,98.6741019506672,98.6741019506672,0,0,0
407,4.16850633994398,4.16850633994398,0.586782987041663,0.586782987041663,98.6708420311737,98.6708420311737,0,0,0
408,4.16847051093048,4.16847051093048,0.586777943543141,0.586777943543141,98.6675821396999,98.6675821396999,0,0,0
409,4.16843468224778,4.16843468224778,0.586772900091185,0.586772900091185,98.6643222762453,98.6643222762453,0,0,0
410,4.16839885389529,4.16839885389529,0.586767856685711,0.586767856685711,98.6610624408098,98.6610624408098,0,0,0
411,4.16836302587242,4.16836302587242,0.586762813326636,0.586762813326636,98.6578026333931,98.6578026333931,0,0,0
412,4.1683271981786,4.1683271981786,0.58675777001388,0.58675777001388,98.6545428539949,98.6545428539949,0,0,0
413,4.16829137081327,4.16829137081327,0.586752726747364,0.586752726747364,98.651283102615,98.651283102615,0,0,0
414,4.1682555437759,4.1682555437759,0.586747683527013,0.586747683527013,98.6480233792531,98.6480233792531,0,0,0
415,4.16821971706595,4.16821971706595,0.586742640352753,0.586742640352753,98.6447636839089,98.6447636839089,0,0,0
416,4.16818389068292,4.16818389068292,0.58673759722451,0.58673759722451,98.6415040165823,98.6415040165823,0,0,0
417,4.16814806462631,4.16814806462631,0.586732554142217,0.586732554142217,98.6382443772729,98.6382443772729,0,0,0
418,4.16811223889562,4.16811223889562,0.586727511105803,0.586727511105803,98.6349847659806,98.6349847659806,0,0,0
419,4.1680764134904,4.1680764134904,0.586722468115203,0.586722468115203,98.6317251827049,98.6317251827049,0,0,0
420,4.16804058841018,4.16804058841018,0.586717425170352,0.586717425170352,98.6284656274458,98.6284656274458,0,0,0
421,4.16800476365451,4.16800476365451,0.586712382271186,0.586712382271186,98.6252061002028,98.6252061002028,0,0,0
422,4.16796893922295,4.16796893922295,0.586707339417646,0.586707339417646,98.6219466009759,98.6219466009759,0,0,0
423,4.16793311511509,4.16793311511509,0.58670229660967,0.58670229660967,98.6186871297647,98.6186871297647,0,0,0
424,4.16789729133052,4.16789729133052,0.586697253847201,0.586697253847201,98.615427686569,98.615427686569,0,0,0
425,4.16786146786882,4.16786146786882,0.586692211130182,0.586692211130182,98.6121682713885,98.6121682713885,0,0,0
426,4.1678256447296,4.1678256447296,0.586687168458559,0.586687168458559,98.608908884223,98.608908884223,0,0,0
427,4.1677898219125,4.1677898219125,0.586682125832277,0.586682125832277,98.6056495250721,98.6056495250721,0,0,0
428,4.16775399941713,4.16775399941713,0.586677083251285,0.586677083251285,98.6023901939358,98.6023901939358,0,0,0
429,4.16771817724313,4.16771817724313,0.586672040715531,0.586672040715531,98.5991308908136,98.5991308908136,0,0,0
430,4.16768235539017,4.16768235539017,0.586666998224967,0.586666998224967,98.5958716157054,98.5958716157054,0,0,0
431,4.16764653385788,4.16764653385788,0.586661955779544,0.586661955779544,98.592612368611,98.592612368611,0,0,0
432,4.16761071264594,4.16761071264594,0.586656913379215,0.586656913379215,98.5893531495299,98.5893531495299,0,0,0
433,4.16757489175404,4.16757489175404,0.586651871023935,0.586651871023935,98.5860939584621,98.5860939584621,0,0,0
434,4.16753907118184,4.16753907118184,0.58664682871366,0.58664682871366,98.5828347954073,98.5828347954073,0,0,0
435,4.16750325092905,4.16750325092905,0.586641786448346,0.586641786448346,98.5795756603652,98.5795756603652,0,0,0
436,4.16746743099536,4.16746743099536,0.58663674422795,0.58663674422795,98.5763165533355,98.5763165533355,0,0,0
437,4.16743161138049,4.16743161138049,0.586631702052433,0.586631702052433,98.573057474318,98.573057474318,0,0,0
438,4.16739579208415,4.16739579208415,0.586626659921755,0.586626659921755,98.5697984233125,98.5697984233125,0,0,0
439,4.16735997310606,4.16735997310606,0.586621617835876,0.586621617835876,98.5665394003187,98.5665394003187,0,0,0
440,4.16732415444596,4.16732415444596,0.586616575794758,0.586616575794758,98.5632804053364,98.5632804053364,0,0,0
441,4.16728833610359,4.16728833610359,0.586611533798366,0.586611533798366,98.5600214383653,98.5600214383653,0,0,0
442,4.1672525180787,4.1672525180787,0.586606491846663,0.586606491846663,98.5567624994052,98.5567624994052,0,0,0
443,4.16721670037102,4.16721670037102,0.586601449939614,0.586601449939614,98.5535035884557,98.5535035884557,0,0,0
444,4.16718088298033,4.16718088298033,0.586596408077186,0.586596408077186,98.5502447055168,98.5502447055168,0,0,0
445,4.16714506590639,4.16714506590639,0.586591366259345,0.586591366259345,98.5469858505881,98.5469858505881,0,0,0
446,4.16710924914897,4.16710924914897,0.58658632448606,0.58658632448606,98.5437270236693,98.5437270236693,0,0,0
447,4.16707343270785,4.16707343270785,0.586581282757299,0.586581282757299,98.5404682247603,98.5404682247603,0,0,0
448,4.16703761658281,4.16703761658281,0.586576241073031,0.586576241073031,98.5372094538607,98.5372094538607,0,0,0
449,4.16700180077364,4.16700180077364,0.586571199433227,0.586571199433227,98.5339507109704,98.5339507109704,0,0,0
450,4.16696598528014,4.16696598528014,0.586566157837858,0.586566157837858,98.5306919960891,98.5306919960891,0,0,0
451,4.16693017010211,4.16693017010211,0.586561116286896,0.586561116286896,98.5274333092165,98.5274333092165,0,0,0
452,4.16689435523934,4.16689435523934,0.586556074780313,0.586556074780313,98.5241746503524,98.5241746503524,0,0,0
453,4.16685854069166,4.16685854069166,0.586551033318083,0.586551033318083,98.5209160194966,98.5209160194966,0,0,0
454,4.16682272645888,4.16682272645888,0.58654599190018,0.58654599190018,98.5176574166487,98.5176574166487,0,0,0
455,4.16678691254082,4.16678691254082,0.586540950526579,0.586540950526579,98.5143988418086,98.5143988418086,0,0,0
456,4.1667510989373,4.1667510989373,0.586535909197255,0.586535909197255,98.511140294976,98.511140294976,0,0,0
457,4.16671528564815,4.16671528564815,0.586530867912184,0.586530867912184,98.5078817761507,98.5078817761507,0,0,0
458,4.16667947267322,4.16667947267322,0.586525826671342,0.586525826671342,98.5046232853324,98.5046232853324,0,0,0
459,4.16664366001233,4.16664366001233,0.586520785474708,0.586520785474708,98.5013648225208,98.5013648225208,0,0,0
460,4.16660784766533,4.16660784766533,0.586515744322259,0.586515744322259,98.4981063877158,98.4981063877158,0,0,0
461,4.16657203563207,4.16657203563207,0.586510703213973,0.586510703213973,98.4948479809171,98.4948479809171,0,0,0
462,4.1665362239124,4.1665362239124,0.586505662149831,0.586505662149831,98.4915896021244,98.4915896021244,0,0,0
463,4.16650041250617,4.16650041250617,0.586500621129809,0.586500621129809,98.4883312513375,98.4883312513375,0,0,0
464,4.16646460141324,4.16646460141324,0.586495580153891,0.586495580153891,98.4850729285561,98.4850729285561,0,0,0
465,4.16642879063348,4.16642879063348,0.586490539222055,0.586490539222055,98.48181463378,98.48181463378,0,0,0
466,4.16639298016675,4.16639298016675,0.586485498334283,0.586485498334283,98.478556367009,98.478556367009,0,0,0
467,4.16635717001292,4.16635717001292,0.586480457490558,0.586480457490558,98.4752981282429,98.4752981282429,0,0,0
468,4.16632136017187,4.16632136017187,0.58647541669086,0.58647541669086,98.4720399174812,98.4720399174812,0,0,0
469,4.16628555064347,4.16628555064347,0.586470375935172,0.586470375935172,98.4687817347239,98.4687817347239,0,0,0
470,4.16624974142759,4.16624974142759,0.586465335223479,0.586465335223479,98.4655235799707,98.4655235799707,0,0,0
471,4.16621393252413,4.16621393252413,0.586460294555762,0.586460294555762,98.4622654532212,98.4622654532212,0,0,0
472,4.16617812393297,4.16617812393297,0.586455253932006,0.586455253932006,98.4590073544754,98.4590073544754,0,0,0
473,4.166142315654,4.166142315654,0.586450213352196,0.586450213352196,98.455749283733,98.455749283733,0,0,0
474,4.16610650768711,4.16610650768711,0.586445172816316,0.586445172816316,98.4524912409936,98.4524912409936,0,0,0
475,4.16607070003219,4.16607070003219,0.586440132324352,0.586440132324352,98.4492332262571,98.4492332262571,0,0,0
476,4.16603489268915,4.16603489268915,0.586435091876288,0.586435091876288,98.4459752395232,98.4459752395232,0,0,0
477,4.16599908565788,4.16599908565788,0.586430051472111,0.586430051472111,98.4427172807916,98.4427172807916,0,0,0
478,4.16596327893828,4.16596327893828,0.586425011111808,0.586425011111808,98.4394593500622,98.4394593500622,0,0,0
479,4.16592747253027,4.16592747253027,0.586419970795364,0.586419970795364,98.4362014473347,98.4362014473347,0,0,0
480,4.16589166643374,4.16589166643374,0.586414930522767,0.586414930522767,98.4329435726088,98.4329435726088,0,0,0
481,4.16585586064861,4.16585586064861,0.586409890294004,0.586409890294004,98.4296857258843,98.4296857258843,0,0,0
482,4.16582005517479,4.16582005517479,0.586404850109064,0.586404850109064,98.4264279071609,98.4264279071609,0,0,0
483,4.1657842500122,4.1657842500122,0.586399809967933,0.586399809967933,98.4231701164384,98.4231701164384,0,0,0
484,4.16574844516074,4.16574844516074,0.5863947698706,0.5863947698706,98.4199123537166,98.4199123537166,0,0,0
485,4.16571264062036,4.16571264062036,0.586389729817055,0.586389729817055,98.4166546189953,98.4166546189953,0,0,0
486,4.16567683639095,4.16567683639095,0.586384689807284,0.586384689807284,98.4133969122741,98.4133969122741,0,0,0
487,4.16564103247245,4.16564103247245,0.586379649841279,0.586379649841279,98.4101392335528,98.4101392335528,0,0,0
488,4.16560522886478,4.16560522886478,0.586374609919028,0.586374609919028,98.4068815828312,98.4068815828312,0,0,0
489,4.16556942556787,4.16556942556787,0.586369570040522,0.586369570040522,98.4036239601091,98.4036239601091,0,0,0
490,4.16553362258164,4.16553362258164,0.586364530205749,0.586364530205749,98.4003663653862,98.4003663653862,0,0,0
491,4.16549781990603,4.16549781990603,0.586359490414701,0.586359490414701,98.3971087986622,98.3971087986622,0,0,0
492,4.16546201754098,4.16546201754098,0.586354450667368,0.586354450667368,98.3938512599369,98.3938512599369,0,0,0
493,4.16542621548641,4.16542621548641,0.58634941096374,0.58634941096374,98.3905937492102,98.3905937492102,0,0,0
494,4.16539041374226,4.16539041374226,0.58634437130381,0.58634437130381,98.3873362664816,98.3873362664816,0,0,0
495,4.16535461230847,4.16535461230847,0.586339331687567,0.586339331687567,98.3840788117511,98.3840788117511,0,0,0
496,4.16531881118499,4.16531881118499,0.586334292115004,0.586334292115004,98.3808213850182,98.3808213850182,0,0,0
497,4.16528301037173,4.16528301037173,0.586329252586111,0.586329252586111,98.3775639862829,98.3775639862829,0,0,0
498,4.16524720986867,4.16524720986867,0.586324213100882,0.586324213100882,98.3743066155449,98.3743066155449,0,0,0
499,4.16521140967572,4.16521140967572,0.586319173659308,0.586319173659308,98.3710492728039,98.3710492728039,0,0,0
500,4.16517560979285,4.16517560979285,0.586314134261381,0.586314134261381,98.3677919580596,98.3677919580596,0,0,0
501,4.16513981022,4.16513981022,0.586309094907095,0.586309094907095,98.3645346713119,98.3645346713119,0,0,0
502,4.16510401095711,4.16510401095711,0.58630405559644,0.58630405559644,98.3612774125605,98.3612774125605,0,0,0
503,4.16506821200414,4.16506821200414,0.586299016329412,0.586299016329412,98.3580201818051,98.3580201818051,0,0,0
504,4.16503241336103,4.16503241336103,0.586293977106002,0.586293977106002,98.3547629790455,98.3547629790455,0,0,0
505,4.16499661502775,4.16499661502775,0.586288937926203,0.586288937926203,98.3515058042815,98.3515058042815,0,0,0
506,4.16496081700423,4.16496081700423,0.58628389879001,0.58628389879001,98.3482486575129,98.3482486575129,0,0,0
507,4.16492501929044,4.16492501929044,0.586278859697416,0.586278859697416,98.3449915387393,98.3449915387393,0,0,0
508,4.16488922188633,4.16488922188633,0.586273820648414,0.586273820648414,98.3417344479605,98.3417344479605,0,0,0
509,4.16485342479186,4.16485342479186,0.586268781642998,0.586268781642998,98.3384773851763,98.3384773851763,0,0,0
510,4.16481762800698,4.16481762800698,0.586263742681163,0.586263742681163,98.3352203503865,98.3352203503865,0,0,0
511,4.16478183153166,4.16478183153166,0.586258703762903,0.586258703762903,98.3319633435908,98.3319633435908,0,0,0
512,4.16474603536585,4.16474603536585,0.586253664888211,0.586253664888211,98.328706364789,98.328706364789,0,0,0
513,4.16471023950952,4.16471023950952,0.586248626057083,0.586248626057083,98.3254494139808,98.3254494139808,0,0,0
514,4.16467444396262,4.16467444396262,0.586243587269513,0.586243587269513,98.3221924911659,98.3221924911659,0,0,0
515,4.16463864872513,4.16463864872513,0.586238548525496,0.586238548525496,98.3189355963443,98.3189355963443,0,0,0
516,4.16460285379699,4.16460285379699,0.586233509825027,0.586233509825027,98.3156787295155,98.3156787295155,0,0,0
517,4.16456705917818,4.16456705917818,0.5862284711681,0.5862284711681,98.3124218906794,98.3124218906794,0,0,0
518,4.16453126486867,4.16453126486867,0.586223432554712,0.586223432554712,98.3091650798357,98.3091650798357,0,0,0
519,4.16449547086842,4.16449547086842,0.586218393984856,0.586218393984856,98.3059082969842,98.3059082969842,0,0,0
520,4.16445967717739,4.16445967717739,0.586213355458529,0.586213355458529,98.3026515421246,98.3026515421246,0,0,0
521,4.16442388379556,4.16442388379556,0.586208316975727,0.586208316975727,98.2993948152567,98.2993948152567,0,0,0
522,4.16438809072289,4.16438809072289,0.586203278536443,0.586203278536443,98.2961381163803,98.2961381163803,0,0,0
523,4.16435229795936,4.16435229795936,0.586198240140675,0.586198240140675,98.292881445495,98.292881445495,0,0,0
524,4.16431650550493,4.16431650550493,0.586193201788419,0.586193201788419,98.2896248026008,98.2896248026008,0,0,0
525,4.16428071335957,4.16428071335957,0.586188163479669,0.586188163479669,98.2863681876972,98.2863681876972,0,0,0
526,4.16424492152326,4.16424492152326,0.586183125214423,0.586183125214423,98.2831116007842,98.2831116007842,0,0,0
527,4.16420912999597,4.16420912999597,0.586178086992675,0.586178086992675,98.2798550418614,98.2798550418614,0,0,0
528,4.16417333877767,4.16417333877767,0.586173048814424,0.586173048814424,98.2765985109286,98.2765985109286,0,0,0
529,4.16413754786833,4.16413754786833,0.586168010679664,0.586168010679664,98.2733420079855,98.2733420079855,0,0,0
530,4.16410175726793,4.16410175726793,0.586162972588392,0.586162972588392,98.270085533032,98.270085533032,0,0,0
531,4.16406596697645,4.16406596697645,0.586157934540604,0.586157934540604,98.2668290860677,98.2668290860677,0,0,0
532,4.16403017699386,4.16403017699386,0.586152896536298,0.586152896536298,98.2635726670925,98.2635726670925,0,0,0
533,4.16399438732014,4.16399438732014,0.58614785857547,0.58614785857547,98.260316276106,98.260316276106,0,0,0
534,4.16395859795525,4.16395859795525,0.586142820658116,0.586142820658116,98.2570599131081,98.2570599131081,0,0,0
535,4.16392280889919,4.16392280889919,0.586137782784233,0.586137782784233,98.2538035780985,98.2538035780985,0,0,0
536,4.16388702015193,4.16388702015193,0.586132744953819,0.586132744953819,98.250547271077,98.250547271077,0,0,0
537,4.16385123171344,4.16385123171344,0.58612770716687,0.58612770716687,98.2472909920433,98.2472909920433,0,0,0
538,4.16381544358371,4.16381544358371,0.586122669423383,0.586122669423383,98.2440347409972,98.2440347409972,0,0,0
539,4.16377965576272,4.16377965576272,0.586117631723355,0.586117631723355,98.2407785179385,98.2407785179385,0,0,0
540,4.16374386825044,4.16374386825044,0.586112594066784,0.586112594066784,98.2375223228668,98.2375223228668,0,0,0
541,4.16370808104685,4.16370808104685,0.586107556453667,0.586107556453667,98.234266155782,98.234266155782,0,0,0
542,4.16367229415194,4.16367229415194,0.586102518884,0.586102518884,98.2310100166838,98.2310100166838,0,0,0
543,4.16363650756569,4.16363650756569,0.586097481357782,0.586097481357782,98.227753905572,98.227753905572,0,0,0
544,4.16360072128807,4.16360072128807,0.58609244387501,0.58609244387501,98.2244978224464,98.2244978224464,0,0,0
545,4.16356493531908,4.16356493531908,0.586087406435681,0.586087406435681,98.2212417673066,98.2212417673066,0,0,0
546,4.16352914965869,4.16352914965869,0.586082369039793,0.586082369039793,98.2179857401525,98.2179857401525,0,0,0
547,4.16349336430688,4.16349336430688,0.586077331687343,0.586077331687343,98.2147297409838,98.2147297409838,0,0,0
548,4.16345757926365,4.16345757926365,0.586072294378329,0.586072294378329,98.2114737698002,98.2114737698002,0,0,0
549,4.16342179452897,4.16342179452897,0.586067257112749,0.586067257112749,98.2082178266016,98.2082178266016,0,0,0
550,4.16338601010282,4.16338601010282,0.5860622198906,0.5860622198906,98.2049619113877,98.2049619113877,0,0,0
551,4.1633502259852,4.1633502259852,0.586057182711881,0.586057182711881,98.2017060241582,98.2017060241582,0,0,0
552,4.16331444217608,4.16331444217608,0.586052145576588,0.586052145576588,98.198450164913,98.198450164913,0,0,0
553,4.16327865867546,4.16327865867546,0.586047108484721,0.586047108484721,98.1951943336517,98.1951943336517,0,0,0
554,4.16324287548331,4.16324287548331,0.586042071436276,0.586042071436276,98.1919385303741,98.1919385303741,0,0,0
555,4.16320709259962,4.16320709259962,0.586037034431253,0.586037034431253,98.18868275508,98.18868275508,0,0,0
556,4.16317131002438,4.16317131002438,0.586031997469649,0.586031997469649,98.1854270077691,98.1854270077691,0,0,0
557,4.16313552775758,4.16313552775758,0.586026960551461,0.586026960551461,98.1821712884413,98.1821712884413,0,0,0
558,4.1630997457992,4.1630997457992,0.586021923676689,0.586021923676689,98.1789155970962,98.1789155970962,0,0,0
559,4.16306396414923,4.16306396414923,0.58601688684533,0.58601688684533,98.1756599337336,98.1756599337336,0,0,0
560,4.16302818280765,4.16302818280765,0.586011850057383,0.586011850057383,98.1724042983533,98.1724042983533,0,0,0
561,4.16299240177445,4.16299240177445,0.586006813312845,0.586006813312845,98.169148690955,98.169148690955,0,0,0
562,4.16295662104963,4.16295662104963,0.586001776611716,0.586001776611716,98.1658931115385,98.1658931115385,0,0,0
563,4.16292084063316,4.16292084063316,0.585996739953993,0.585996739953993,98.1626375601036,98.1626375601036,0,0,0
564,4.16288506052505,4.16288506052505,0.585991703339674,0.585991703339674,98.15938203665,98.15938203665,0,0,0
565,4.16284928072526,4.16284928072526,0.585986666768759,0.585986666768759,98.1561265411775,98.1561265411775,0,0,0
566,4.16281350123381,4.16281350123381,0.585981630241245,0.585981630241245,98.1528710736858,98.1528710736858,0,0,0
567,4.16277772205066,4.16277772205066,0.585976593757131,0.585976593757131,98.1496156341747,98.1496156341747,0,0,0
568,4.16274194317582,4.16274194317582,0.585971557316416,0.585971557316416,98.1463602226439,98.1463602226439,0,0,0
569,4.16270616460927,4.16270616460927,0.585966520919098,0.585966520919098,98.1431048390932,98.1431048390932,0,0,0
570,4.162670386351,4.162670386351,0.585961484565174,0.585961484565174,98.1398494835224,98.1398494835224,0,0,0
571,4.162634608401,4.162634608401,0.585956448254646,0.585956448254646,98.1365941559312,98.1365941559312,0,0,0
572,4.16259883075927,4.16259883075927,0.585951411987509,0.585951411987509,98.1333388563194,98.1333388563194,0,0,0
573,4.16256305342578,4.16256305342578,0.585946375763764,0.585946375763764,98.1300835846867,98.1300835846867,0,0,0
574,4.16252727640054,4.16252727640054,0.585941339583409,0.585941339583409,98.126828341033,98.126828341033,0,0,0
575,4.16249149968353,4.16249149968353,0.585936303446443,0.585936303446443,98.1235731253579,98.1235731253579,0,0,0
576,4.16245572327474,4.16245572327474,0.585931267352864,0.585931267352864,98.1203179376612,98.1203179376612,0,0,0
577,4.16241994717417,4.16241994717417,0.585926231302671,0.585926231302671,98.1170627779427,98.1170627779427,0,0,0
578,4.1623841713818,4.1623841713818,0.585921195295862,0.585921195295862,98.1138076462021,98.1138076462021,0,0,0
579,4.16234839589764,4.16234839589764,0.585916159332437,0.585916159332437,98.1105525424393,98.1105525424393,0,0,0
580,4.16231262072165,4.16231262072165,0.585911123412395,0.585911123412395,98.1072974666539,98.1072974666539,0,0,0
581,4.16227684585385,4.16227684585385,0.585906087535734,0.585906087535734,98.1040424188457,98.1040424188457,0,0,0
582,4.16224107129422,4.16224107129422,0.585901051702453,0.585901051702453,98.1007873990144,98.1007873990144,0,0,0
583,4.16220529704276,4.16220529704276,0.58589601591255,0.58589601591255,98.0975324071599,98.0975324071599,0,0,0
584,4.16216952309945,4.16216952309945,0.585890980166026,0.585890980166026,98.0942774432819,98.0942774432819,0,0,0
585,4.16213374946428,4.16213374946428,0.585885944462878,0.585885944462878,98.0910225073801,98.0910225073801,0,0,0
586,4.16209797613726,4.16209797613726,0.585880908803106,0.585880908803106,98.0877675994544,98.0877675994544,0,0,0
587,4.16206220311837,4.16206220311837,0.585875873186708,0.585875873186708,98.0845127195044,98.0845127195044,0,0,0
588,4.16202643040761,4.16202643040761,0.585870837613684,0.585870837613684,98.0812578675299,98.0812578675299,0,0,0
589,4.16199065800496,4.16199065800496,0.585865802084032,0.585865802084032,98.0780030435307,98.0780030435307,0,0,0
590,4.16195488591043,4.16195488591043,0.585860766597752,0.585860766597752,98.0747482475066,98.0747482475066,0,0,0
591,4.161919114124,4.161919114124,0.585855731154842,0.585855731154842,98.0714934794573,98.0714934794573,0,0,0
592,4.16188334264567,4.16188334264567,0.585850695755302,0.585850695755302,98.0682387393825,98.0682387393825,0,0,0
593,4.16184757147543,4.16184757147543,0.585845660399131,0.585845660399131,98.064984027282,98.064984027282,0,0,0
594,4.16181180061326,4.16181180061326,0.585840625086327,0.585840625086327,98.0617293431557,98.0617293431557,0,0,0
595,4.16177603005919,4.16177603005919,0.58583558981689,0.58583558981689,98.0584746870031,98.0584746870031,0,0,0
596,4.16174025981317,4.16174025981317,0.585830554590818,0.585830554590818,98.0552200588242,98.0552200588242,0,0,0
597,4.16170448987523,4.16170448987523,0.585825519408112,0.585825519408112,98.0519654586186,98.0519654586186,0,0,0
598,4.16166872024534,4.16166872024534,0.58582048426877,0.58582048426877,98.0487108863862,98.0487108863862,0,0,0
599,4.1616329509235,4.1616329509235,0.58581544917279,0.58581544917279,98.0454563421266,98.0454563421266,0,0,0
600,4.16159718190971,4.16159718190971,0.585810414120173,0.585810414120173,98.0422018258396,98.0422018258396,0,0,0
601,4.16156141320396,4.16156141320396,0.585805379110918,0.585805379110918,98.0389473375251,98.0389473375251,0,0,0
602,4.16152564480625,4.16152564480625,0.585800344145023,0.585800344145023,98.0356928771827,98.0356928771827,0,0,0
603,4.16148987671656,4.16148987671656,0.585795309222488,0.585795309222488,98.0324384448122,98.0324384448122,0,0,0
604,4.16145410893489,4.16145410893489,0.585790274343313,0.585790274343313,98.0291840404134,98.0291840404134,0,0,0
605,4.16141834146124,4.16141834146124,0.585785239507495,0.585785239507495,98.025929663986,98.025929663986,0,0,0
606,4.16138257429561,4.16138257429561,0.585780204715035,0.585780204715035,98.0226753155298,98.0226753155298,0,0,0
607,4.16134680743798,4.16134680743798,0.585775169965931,0.585775169965931,98.0194209950446,98.0194209950446,0,0,0
608,4.16131104088835,4.16131104088835,0.585770135260184,0.585770135260184,98.01616670253,98.01616670253,0,0,0
609,4.16127527464671,4.16127527464671,0.585765100597792,0.585765100597792,98.012912437986,98.012912437986,0,0,0
610,4.16123950871307,4.16123950871307,0.585760065978754,0.585760065978754,98.0096582014121,98.0096582014121,0,0,0
611,4.16120374308741,4.16120374308741,0.58575503140307,0.58575503140307,98.0064039928083,98.0064039928083,0,0,0
612,4.16116797776973,4.16116797776973,0.585749996870738,0.585749996870738,98.0031498121742,98.0031498121742,0,0,0
613,4.16113221276002,4.16113221276002,0.58574496238176,0.58574496238176,97.9998956595096,97.9998956595096,0,0,0
614,4.16109644805828,4.16109644805828,0.585739927936132,0.585739927936132,97.9966415348142,97.9966415348142,0,0,0
615,4.16106068366451,4.16106068366451,0.585734893533856,0.585734893533856,97.9933874380879,97.9933874380879,0,0,0
616,4.1610249195787,4.1610249195787,0.58572985917493,0.58572985917493,97.9901333693304,97.9901333693304,0,0,0
617,4.16098915580085,4.16098915580085,0.585724824859354,0.585724824859354,97.9868793285414,97.9868793285414,0,0,0
618,4.16095339233094,4.16095339233094,0.585719790587126,0.585719790587126,97.9836253157207,97.9836253157207,0,0,0
619,4.16091762916898,4.16091762916898,0.585714756358247,0.585714756358247,97.980371330868,97.980371330868,0,0,0
620,4.16088186631496,4.16088186631496,0.585709722172715,0.585709722172715,97.9771173739832,97.9771173739832,0,0,0
621,4.16084610376888,4.16084610376888,0.58570468803053,0.58570468803053,97.973863445066,97.973863445066,0,0,0
622,4.16081034153073,4.16081034153073,0.585699653931691,0.585699653931691,97.970609544116,97.970609544116,0,0,0
623,4.16077457960051,4.16077457960051,0.585694619876198,0.585694619876198,97.9673556711332,97.9673556711332,0,0,0
624,4.16073881797821,4.16073881797821,0.58568958586405,0.58568958586405,97.9641018261173,97.9641018261173,0,0,0
625,4.16070305666383,4.16070305666383,0.585684551895247,0.585684551895247,97.9608480090679,97.9608480090679,0,0,0
626,4.16066729565737,4.16066729565737,0.585679517969787,0.585679517969787,97.9575942199849,97.9575942199849,0,0,0
627,4.16063153495881,4.16063153495881,0.585674484087671,0.585674484087671,97.9543404588681,97.9543404588681,0,0,0
628,4.16059577456816,4.16059577456816,0.585669450248897,0.585669450248897,97.9510867257171,97.9510867257171,0,0,0
629,4.16056001448541,4.16056001448541,0.585664416453465,0.585664416453465,97.9478330205318,97.9478330205318,0,0,0
630,4.16052425471056,4.16052425471056,0.585659382701375,0.585659382701375,97.9445793433119,97.9445793433119,0,0,0
631,4.16048849524361,4.16048849524361,0.585654348992625,0.585654348992625,97.9413256940572,97.9413256940572,0,0,0
632,4.16045273608454,4.16045273608454,0.585649315327216,0.585649315327216,97.9380720727674,97.9380720727674,0,0,0
633,4.16041697723336,4.16041697723336,0.585644281705146,0.585644281705146,97.9348184794423,97.9348184794423,0,0,0
634,4.16038121869006,4.16038121869006,0.585639248126416,0.585639248126416,97.9315649140816,97.9315649140816,0,0,0
635,4.16034546045464,4.16034546045464,0.585634214591024,0.585634214591024,97.9283113766852,97.9283113766852,0,0,0
636,4.16030970252709,4.16030970252709,0.585629181098971,0.585629181098971,97.9250578672527,97.9250578672527,0,0,0
637,4.16027394490741,4.16027394490741,0.585624147650254,0.585624147650254,97.9218043857839,97.9218043857839,0,0,0
638,4.16023818759559,4.16023818759559,0.585619114244875,0.585619114244875,97.9185509322787,97.9185509322787,0,0,0
639,4.16020243059164,4.16020243059164,0.585614080882832,0.585614080882832,97.9152975067366,97.9152975067366,0,0,0
640,4.16016667389555,4.16016667389555,0.585609047564125,0.585609047564125,97.9120441091576,97.9120441091576,0,0,0
641,4.16013091750731,4.16013091750731,0.585604014288754,0.585604014288754,97.9087907395413,97.9087907395413,0,0,0
642,4.16009516142692,4.16009516142692,0.585598981056717,0.585598981056717,97.9055373978875,97.9055373978875,0,0,0
643,4.16005940565438,4.16005940565438,0.585593947868015,0.585593947868015,97.9022840841961,97.9022840841961,0,0,0
644,4.16002365018968,4.16002365018968,0.585588914722646,0.585588914722646,97.8990307984666,97.8990307984666,0,0,0
645,4.15998789503282,4.15998789503282,0.585583881620611,0.585583881620611,97.895777540699,97.895777540699,0,0,0
646,4.15995214018379,4.15995214018379,0.585578848561908,0.585578848561908,97.8925243108929,97.8925243108929,0,0,0
647,4.1599163856426,4.1599163856426,0.585573815546538,0.585573815546538,97.8892711090481,97.8892711090481,0,0,0
648,4.15988063140924,4.15988063140924,0.585568782574499,0.585568782574499,97.8860179351644,97.8860179351644,0,0,0
649,4.15984487748371,4.15984487748371,0.585563749645792,0.585563749645792,97.8827647892416,97.8827647892416,0,0,0
650,4.15980912386599,4.15980912386599,0.585558716760415,0.585558716760415,97.8795116712793,97.8795116712793,0,0,0
651,4.15977337055609,4.15977337055609,0.585553683918369,0.585553683918369,97.8762585812774,97.8762585812774,0,0,0
652,4.15973761755401,4.15973761755401,0.585548651119653,0.585548651119653,97.8730055192357,97.8730055192357,0,0,0
653,4.15970186485974,4.15970186485974,0.585543618364265,0.585543618364265,97.8697524851537,97.8697524851537,0,0,0
654,4.15966611247328,4.15966611247328,0.585538585652207,0.585538585652207,97.8664994790314,97.8664994790314,0,0,0
655,4.15963036039462,4.15963036039462,0.585533552983477,0.585533552983477,97.8632465008686,97.8632465008686,0,0,0
656,4.15959460862376,4.15959460862376,0.585528520358075,0.585528520358075,97.8599935506648,97.8599935506648,0,0,0
657,4.1595588571607,4.1595588571607,0.585523487776,0.585523487776,97.85674062842,97.85674062842,0,0,0
658,4.15952310600544,4.15952310600544,0.585518455237252,0.585518455237252,97.8534877341338,97.8534877341338,0,0,0
659,4.15948735515796,4.15948735515796,0.585513422741831,0.585513422741831,97.8502348678061,97.8502348678061,0,0,0
660,4.15945160461828,4.15945160461828,0.585508390289735,0.585508390289735,97.8469820294365,97.8469820294365,0,0,0
661,4.15941585438638,4.15941585438638,0.585503357880965,0.585503357880965,97.8437292190249,97.8437292190249,0,0,0
662,4.15938010446226,4.15938010446226,0.58549832551552,0.58549832551552,97.840476436571,97.840476436571,0,0,0
663,4.15934435484591,4.15934435484591,0.5854932931934,0.5854932931934,97.8372236820746,97.8372236820746,0,0,0
664,4.15930860553734,4.15930860553734,0.585488260914604,0.585488260914604,97.8339709555353,97.8339709555353,0,0,0
665,4.15927285653655,4.15927285653655,0.585483228679131,0.585483228679131,97.8307182569531,97.8307182569531,0,0,0
666,4.15923710784352,4.15923710784352,0.585478196486982,0.585478196486982,97.8274655863277,97.8274655863277,0,0,0
667,4.15920135945826,4.15920135945826,0.585473164338155,0.585473164338155,97.8242129436587,97.8242129436587,0,0,0
668,4.15916561138075,4.15916561138075,0.585468132232651,0.585468132232651,97.820960328946,97.820960328946,0,0,0
669,4.15912986361101,4.15912986361101,0.585463100170469,0.585463100170469,97.8177077421893,97.8177077421893,0,0,0
670,4.15909411614902,4.15909411614902,0.585458068151608,0.585458068151608,97.8144551833884,97.8144551833884,0,0,0
671,4.15905836899479,4.15905836899479,0.585453036176068,0.585453036176068,97.811202652543,97.811202652543,0,0,0
672,4.1590226221483,4.1590226221483,0.585448004243849,0.585448004243849,97.8079501496529,97.8079501496529,0,0,0
673,4.15898687560956,4.15898687560956,0.58544297235495,0.58544297235495,97.8046976747179,97.8046976747179,0,0,0
674,4.15895112937856,4.15895112937856,0.58543794050937,0.58543794050937,97.8014452277377,97.8014452277377,0,0,0
675,4.15891538345531,4.15891538345531,0.58543290870711,0.58543290870711,97.7981928087121,97.7981928087121,0,0,0
676,4.15887963783979,4.15887963783979,0.585427876948168,0.585427876948168,97.7949404176408,97.7949404176408,0,0,0
677,4.158843892532,4.158843892532,0.585422845232545,0.585422845232545,97.7916880545236,97.7916880545236,0,0,0
678,4.15880814753194,4.15880814753194,0.58541781356024,0.58541781356024,97.7884357193603,97.7884357193603,0,0,0
679,4.15877240283962,4.15877240283962,0.585412781931252,0.585412781931252,97.7851834121506,97.7851834121506,0,0,0
680,4.15873665845501,4.15873665845501,0.585407750345582,0.585407750345582,97.7819311328943,97.7819311328943,0,0,0
681,4.15870091437813,4.15870091437813,0.585402718803228,0.585402718803228,97.778678881591,97.778678881591,0,0,0
682,4.15866517060897,4.15866517060897,0.58539768730419,0.58539768730419,97.7754266582407,97.7754266582407,0,0,0
683,4.15862942714752,4.15862942714752,0.585392655848468,0.585392655848468,97.7721744628431,97.7721744628431,0,0,0
684,4.15859368399378,4.15859368399378,0.585387624436062,0.585387624436062,97.7689222953978,97.7689222953978,0,0,0
685,4.15855794114776,4.15855794114776,0.58538259306697,0.58538259306697,97.7656701559047,97.7656701559047,0,0,0
686,4.15852219860944,4.15852219860944,0.585377561741193,0.585377561741193,97.7624180443636,97.7624180443636,0,0,0
687,4.15848645637882,4.15848645637882,0.585372530458731,0.585372530458731,97.7591659607741,97.7591659607741,0,0,0
688,4.15845071445591,4.15845071445591,0.585367499219582,0.585367499219582,97.7559139051361,97.7559139051361,0,0,0
689,4.15841497284069,4.15841497284069,0.585362468023746,0.585362468023746,97.7526618774493,97.7526618774493,0,0,0
690,4.15837923153317,4.15837923153317,0.585357436871223,0.585357436871223,97.7494098777134,97.7494098777134,0,0,0
691,4.15834349053334,4.15834349053334,0.585352405762012,0.585352405762012,97.7461579059283,97.7461579059283,0,0,0
692,4.15830774984119,4.15830774984119,0.585347374696114,0.585347374696114,97.7429059620937,97.7429059620937,0,0,0
693,4.15827200945674,4.15827200945674,0.585342343673527,0.585342343673527,97.7396540462093,97.7396540462093,0,0,0
694,4.15823626937997,4.15823626937997,0.585337312694252,0.585337312694252,97.736402158275,97.736402158275,0,0,0
695,4.15820052961087,4.15820052961087,0.585332281758287,0.585332281758287,97.7331502982903,97.7331502982903,0,0,0
696,4.15816479014946,4.15816479014946,0.585327250865633,0.585327250865633,97.7298984662552,97.7298984662552,0,0,0
697,4.15812905099571,4.15812905099571,0.585322220016289,0.585322220016289,97.7266466621694,97.7266466621694,0,0,0
698,4.15809331214965,4.15809331214965,0.585317189210254,0.585317189210254,97.7233948860327,97.7233948860327,0,0,0
699,4.15805757361125,4.15805757361125,0.585312158447529,0.585312158447529,97.7201431378447,97.7201431378447,0,0,0
700,4.15802183538051,4.15802183538051,0.585307127728112,0.585307127728112,97.7168914176053,97.7168914176053,0,0,0
701,4.15798609745744,4.15798609745744,0.585302097052004,0.585302097052004,97.7136397253143,97.7136397253143,0,0,0
702,4.15795035984202,4.15795035984202,0.585297066419204,0.585297066419204,97.7103880609713,97.7103880609713,0,0,0
703,4.15791462253427,4.15791462253427,0.585292035829711,0.585292035829711,97.7071364245761,97.7071364245761,0,0,0
704,4.15787888553417,4.15787888553417,0.585287005283526,0.585287005283526,97.7038848161286,97.7038848161286,0,0,0
705,4.15784314884172,4.15784314884172,0.585281974780647,0.585281974780647,97.7006332356284,97.7006332356284,0,0,0
706,4.15780741245691,4.15780741245691,0.585276944321075,0.585276944321075,97.6973816830753,97.6973816830753,0,0,0
707,4.15777167637976,4.15777167637976,0.585271913904808,0.585271913904808,97.6941301584691,97.6941301584691,0,0,0
708,4.15773594061025,4.15773594061025,0.585266883531848,0.585266883531848,97.6908786618095,97.6908786618095,0,0,0
709,4.15770020514837,4.15770020514837,0.585261853202192,0.585261853202192,97.6876271930963,97.6876271930963,0,0,0
710,4.15766446999414,4.15766446999414,0.585256822915842,0.585256822915842,97.6843757523293,97.6843757523293,0,0,0
711,4.15762873514754,4.15762873514754,0.585251792672795,0.585251792672795,97.6811243395082,97.6811243395082,0,0,0
712,4.15759300060857,4.15759300060857,0.585246762473053,0.585246762473053,97.6778729546328,97.6778729546328,0,0,0
713,4.15755726637723,4.15755726637723,0.585241732316614,0.585241732316614,97.6746215977028,97.6746215977028,0,0,0
714,4.15752153245351,4.15752153245351,0.585236702203479,0.585236702203479,97.671370268718,97.671370268718,0,0,0
715,4.15748579883742,4.15748579883742,0.585231672133646,0.585231672133646,97.6681189676781,97.6681189676781,0,0,0
716,4.15745006552895,4.15745006552895,0.585226642107116,0.585226642107116,97.664867694583,97.664867694583,0,0,0
717,4.1574143325281,4.1574143325281,0.585221612123888,0.585221612123888,97.6616164494323,97.6616164494323,0,0,0
718,4.15737859983486,4.15737859983486,0.585216582183961,0.585216582183961,97.6583652322259,97.6583652322259,0,0,0
719,4.15734286744923,4.15734286744923,0.585211552287336,0.585211552287336,97.6551140429635,97.6551140429635,0,0,0
720,4.15730713537121,4.15730713537121,0.585206522434011,0.585206522434011,97.6518628816448,97.6518628816448,0,0,0
721,4.1572714036008,4.1572714036008,0.585201492623987,0.585201492623987,97.6486117482696,97.6486117482696,0,0,0
722,4.157235672138,4.157235672138,0.585196462857263,0.585196462857263,97.6453606428377,97.6453606428377,0,0,0
723,4.15719994098279,4.15719994098279,0.585191433133839,0.585191433133839,97.6421095653488,97.6421095653488,0,0,0
724,4.15716421013518,4.15716421013518,0.585186403453714,0.585186403453714,97.6388585158027,97.6388585158027,0,0,0
725,4.15712847959517,4.15712847959517,0.585181373816888,0.585181373816888,97.6356074941992,97.6356074941992,0,0,0
726,4.15709274936275,4.15709274936275,0.58517634422336,0.58517634422336,97.6323565005379,97.6323565005379,0,0,0
727,4.15705701943792,4.15705701943792,0.58517131467313,0.58517131467313,97.6291055348188,97.6291055348188,0,0,0
728,4.15702128982068,4.15702128982068,0.585166285166199,0.585166285166199,97.6258545970414,97.6258545970414,0,0,0
729,4.15698556051102,4.15698556051102,0.585161255702564,0.585161255702564,97.6226036872056,97.6226036872056,0,0,0
730,4.15694983150894,4.15694983150894,0.585156226282227,0.585156226282227,97.6193528053112,97.6193528053112,0,0,0
731,4.15691410281444,4.15691410281444,0.585151196905186,0.585151196905186,97.6161019513579,97.6161019513579,0,0,0
732,4.15687837442752,4.15687837442752,0.585146167571441,0.585146167571441,97.6128511253454,97.6128511253454,0,0,0
733,4.15684264634817,4.15684264634817,0.585141138280992,0.585141138280992,97.6096003272736,97.6096003272736,0,0,0
734,4.15680691857639,4.15680691857639,0.585136109033839,0.585136109033839,97.6063495571422,97.6063495571422,0,0,0
735,4.15677119111218,4.15677119111218,0.58513107982998,0.58513107982998,97.6030988149509,97.6030988149509,0,0,0
736,4.15673546395554,4.15673546395554,0.585126050669417,0.585126050669417,97.5998481006994,97.5998481006994,0,0,0
737,4.15669973710645,4.15669973710645,0.585121021552147,0.585121021552147,97.5965974143877,97.5965974143877,0,0,0
738,4.15666401056493,4.15666401056493,0.585115992478171,0.585115992478171,97.5933467560154,97.5933467560154,0,0,0
739,4.15662828433096,4.15662828433096,0.585110963447489,0.585110963447489,97.5900961255822,97.5900961255822,0,0,0
740,4.15659255840455,4.15659255840455,0.5851059344601,0.5851059344601,97.586845523088,97.586845523088,0,0,0
741,4.15655683278569,4.15655683278569,0.585100905516004,0.585100905516004,97.5835949485325,97.5835949485325,0,0,0
742,4.15652110747438,4.15652110747438,0.5850958766152,0.5850958766152,97.5803444019154,97.5803444019154,0,0,0
743,4.15648538247061,4.15648538247061,0.585090847757687,0.585090847757687,97.5770938832366,97.5770938832366,0,0,0
744,4.15644965777439,4.15644965777439,0.585085818943467,0.585085818943467,97.5738433924958,97.5738433924958,0,0,0
745,4.15641393338571,4.15641393338571,0.585080790172538,0.585080790172538,97.5705929296927,97.5705929296927,0,0,0
746,4.15637820930456,4.15637820930456,0.585075761444899,0.585075761444899,97.5673424948271,97.5673424948271,0,0,0
747,4.15634248553095,4.15634248553095,0.585070732760551,0.585070732760551,97.5640920878987,97.5640920878987,0,0,0
748,4.15630676206488,4.15630676206488,0.585065704119493,0.585065704119493,97.5608417089074,97.5608417089074,0,0,0
749,4.15627103890633,4.15627103890633,0.585060675521724,0.585060675521724,97.5575913578528,97.5575913578528,0,0,0
750,4.15623531605531,4.15623531605531,0.585055646967245,0.585055646967245,97.5543410347347,97.5543410347347,0,0,0
751,4.15619959351182,4.15619959351182,0.585050618456055,0.585050618456055,97.551090739553,97.551090739553,0,0,0
752,4.15616387127584,4.15616387127584,0.585045589988153,0.585045589988153,97.5478404723073,97.5478404723073,0,0,0
753,4.15612814934739,4.15612814934739,0.58504056156354,0.58504056156354,97.5445902329974,97.5445902329974,0,0,0
754,4.15609242772645,4.15609242772645,0.585035533182214,0.585035533182214,97.5413400216231,97.5413400216231,0,0,0
755,4.15605670641302,4.15605670641302,0.585030504844175,0.585030504844175,97.5380898381841,97.5380898381841,0,0,0
756,4.15602098540711,4.15602098540711,0.585025476549424,0.585025476549424,97.5348396826803,97.5348396826803,0,0,0
757,4.1559852647087,4.1559852647087,0.585020448297959,0.585020448297959,97.5315895551112,97.5315895551112,0,0,0
758,4.1559495443178,4.1559495443178,0.58501542008978,0.58501542008978,97.5283394554768,97.5283394554768,0,0,0
759,4.1559138242344,4.1559138242344,0.585010391924887,0.585010391924887,97.5250893837767,97.5250893837767,0,0,0
760,4.1558781044585,4.1558781044585,0.58500536380328,0.58500536380328,97.5218393400108,97.5218393400108,0,0,0
761,4.1558423849901,4.1558423849901,0.585000335724958,0.585000335724958,97.5185893241787,97.5185893241787,0,0,0
762,4.15580666582919,4.15580666582919,0.58499530768992,0.58499530768992,97.5153393362803,97.5153393362803,0,0,0
763,4.15577094697578,4.15577094697578,0.584990279698167,0.584990279698167,97.5120893763154,97.5120893763154,0,0,0
764,4.15573522842985,4.15573522842985,0.584985251749698,0.584985251749698,97.5088394442835,97.5088394442835,0,0,0
765,4.15569951019142,4.15569951019142,0.584980223844512,0.584980223844512,97.5055895401846,97.5055895401846,0,0,0
766,4.15566379226046,4.15566379226046,0.58497519598261,0.58497519598261,97.5023396640184,97.5023396640184,0,0,0
767,4.15562807463699,4.15562807463699,0.58497016816399,0.58497016816399,97.4990898157847,97.4990898157847,0,0,0
768,4.15559235732099,4.15559235732099,0.584965140388653,0.584965140388653,97.4958399954831,97.4958399954831,0,0,0
769,4.15555664031247,4.15555664031247,0.584960112656598,0.584960112656598,97.4925902031135,97.4925902031135,0,0,0
770,4.15552092361142,4.15552092361142,0.584955084967824,0.584955084967824,97.4893404386757,97.4893404386757,0,0,0
771,4.15548520721785,4.15548520721785,0.584950057322332,0.584950057322332,97.4860907021693,97.4860907021693,0,0,0
772,4.15544949113174,4.15544949113174,0.584945029720121,0.584945029720121,97.4828409935941,97.4828409935941,0,0,0
773,4.15541377535309,4.15541377535309,0.58494000216119,0.58494000216119,97.47959131295,97.47959131295,0,0,0
774,4.15537805988191,4.15537805988191,0.58493497464554,0.58493497464554,97.4763416602366,97.4763416602366,0,0,0
775,4.15534234471819,4.15534234471819,0.584929947173169,0.584929947173169,97.4730920354538,97.4730920354538,0,0,0
776,4.15530662986193,4.15530662986193,0.584924919744078,0.584924919744078,97.4698424386012,97.4698424386012,0,0,0
777,4.15527091531312,4.15527091531312,0.584919892358265,0.584919892358265,97.4665928696787,97.4665928696787,0,0,0
778,4.15523520107176,4.15523520107176,0.584914865015732,0.584914865015732,97.463343328686,97.463343328686,0,0,0
779,4.15519948713785,4.15519948713785,0.584909837716476,0.584909837716476,97.4600938156228,97.4600938156228,0,0,0
780,4.15516377351138,4.15516377351138,0.584904810460498,0.584904810460498,97.456844330489,97.456844330489,0,0,0
781,4.15512806019236,4.15512806019236,0.584899783247799,0.584899783247799,97.4535948732842,97.4535948732842,0,0,0
782,4.15509234718078,4.15509234718078,0.584894756078376,0.584894756078376,97.4503454440083,97.4503454440083,0,0,0
783,4.15505663447664,4.15505663447664,0.58488972895223,0.58488972895223,97.447096042661,97.447096042661,0,0,0
784,4.15502092207994,4.15502092207994,0.58488470186936,0.58488470186936,97.443846669242,97.443846669242,0,0,0
785,4.15498520999066,4.15498520999066,0.584879674829767,0.584879674829767,97.4405973237511,97.4405973237511,0,0,0
786,4.15494949820882,4.15494949820882,0.584874647833449,0.584874647833449,97.4373480061882,97.4373480061882,0,0,0
787,4.15491378673441,4.15491378673441,0.584869620880406,0.584869620880406,97.4340987165529,97.4340987165529,0,0,0
788,4.15487807556741,4.15487807556741,0.584864593970638,0.584864593970638,97.4308494548449,97.4308494548449,0,0,0
789,4.15484236470785,4.15484236470785,0.584859567104145,0.584859567104145,97.4276002210641,97.4276002210641,0,0,0
790,4.1548066541557,4.1548066541557,0.584854540280926,0.584854540280926,97.4243510152102,97.4243510152102,0,0,0
791,4.15477094391097,4.15477094391097,0.584849513500981,0.584849513500981,97.4211018372831,97.4211018372831,0,0,0
792,4.15473523397365,4.15473523397365,0.584844486764309,0.584844486764309,97.4178526872823,97.4178526872823,0,0,0
793,4.15469952434374,4.15469952434374,0.58483946007091,0.58483946007091,97.4146035652077,97.4146035652077,0,0,0
794,4.15466381502124,4.15466381502124,0.584834433420783,0.584834433420783,97.4113544710591,97.4113544710591,0,0,0
795,4.15462810600615,4.15462810600615,0.584829406813929,0.584829406813929,97.4081054048362,97.4081054048362,0,0,0
796,4.15459239729847,4.15459239729847,0.584824380250347,0.584824380250347,97.4048563665388,97.4048563665388,0,0,0
797,4.15455668889818,4.15455668889818,0.584819353730036,0.584819353730036,97.4016073561666,97.4016073561666,0,0,0
798,4.15452098080529,4.15452098080529,0.584814327252997,0.584814327252997,97.3983583737194,97.3983583737194,0,0,0
799,4.1544852730198,4.1544852730198,0.584809300819228,0.584809300819228,97.395109419197,97.395109419197,0,0,0
800,4.1544495655417,4.1544495655417,0.58480427442873,0.58480427442873,97.3918604925991,97.3918604925991,0,0,0
801,4.15441385837098,4.15441385837098,0.584799248081501,0.584799248081501,97.3886115939254,97.3886115939254,0,0,0
802,4.15437815150766,4.15437815150766,0.584794221777542,0.584794221777542,97.3853627231758,97.3853627231758,0,0,0
803,4.15434244495172,4.15434244495172,0.584789195516853,0.584789195516853,97.3821138803499,97.3821138803499,0,0,0
804,4.15430673870317,4.15430673870317,0.584784169299432,0.584784169299432,97.3788650654477,97.3788650654477,0,0,0
805,4.15427103276199,4.15427103276199,0.58477914312528,0.58477914312528,97.3756162784687,97.3756162784687,0,0,0
806,4.15423532712819,4.15423532712819,0.584774116994396,0.584774116994396,97.3723675194127,97.3723675194127,0,0,0
807,4.15419962180176,4.15419962180176,0.58476909090678,0.58476909090678,97.3691187882797,97.3691187882797,0,0,0
808,4.15416391678271,4.15416391678271,0.584764064862431,0.584764064862431,97.3658700850692,97.3658700850692,0,0,0
809,4.15412821207102,4.15412821207102,0.584759038861349,0.584759038861349,97.362621409781,97.362621409781,0,0,0
810,4.1540925076667,4.1540925076667,0.584754012903534,0.584754012903534,97.359372762415,97.359372762415,0,0,0
811,4.15405680356975,4.15405680356975,0.584748986988985,0.584748986988985,97.3561241429709,97.3561241429709,0,0,0
812,4.15402109978015,4.15402109978015,0.584743961117702,0.584743961117702,97.3528755514483,97.3528755514483,0,0,0
813,4.15398539629791,4.15398539629791,0.584738935289684,0.584738935289684,97.3496269878472,97.3496269878472,0,0,0
814,4.15394969312303,4.15394969312303,0.584733909504931,0.584733909504931,97.3463784521672,97.3463784521672,0,0,0
815,4.1539139902555,4.1539139902555,0.584728883763444,0.584728883763444,97.3431299444081,97.3431299444081,0,0,0
816,4.15387828769532,4.15387828769532,0.58472385806522,0.58472385806522,97.3398814645697,97.3398814645697,0,0,0
817,4.15384258544249,4.15384258544249,0.584718832410261,0.584718832410261,97.3366330126516,97.3366330126516,0,0,0
818,4.15380688349701,4.15380688349701,0.584713806798565,0.584713806798565,97.3333845886538,97.3333845886538,0,0,0
819,4.15377118185886,4.15377118185886,0.584708781230132,0.584708781230132,97.3301361925759,97.3301361925759,0,0,0
820,4.15373548052806,4.15373548052806,0.584703755704963,0.584703755704963,97.3268878244178,97.3268878244178,0,0,0
821,4.15369977950459,4.15369977950459,0.584698730223056,0.584698730223056,97.3236394841791,97.3236394841791,0,0,0
822,4.15366407878845,4.15366407878845,0.584693704784411,0.584693704784411,97.3203911718596,97.3203911718596,0,0,0
823,4.15362837837965,4.15362837837965,0.584688679389028,0.584688679389028,97.3171428874591,97.3171428874591,0,0,0
824,4.15359267827818,4.15359267827818,0.584683654036906,0.584683654036906,97.3138946309774,97.3138946309774,0,0,0
825,4.15355697848403,4.15355697848403,0.584678628728045,0.584678628728045,97.3106464024141,97.3106464024141,0,0,0
826,4.1535212789972,4.1535212789972,0.584673603462444,0.584673603462444,97.3073982017691,97.3073982017691,0,0,0
827,4.1534855798177,4.1534855798177,0.584668578240105,0.584668578240105,97.3041500290421,97.3041500290421,0,0,0
828,4.15344988094552,4.15344988094552,0.584663553061024,0.584663553061024,97.300901884233,97.300901884233,0,0,0
829,4.15341418238065,4.15341418238065,0.584658527925204,0.584658527925204,97.2976537673413,97.2976537673413,0,0,0
830,4.15337848412309,4.15337848412309,0.584653502832642,0.584653502832642,97.294405678367,97.294405678367,0,0,0
831,4.15334278617284,4.15334278617284,0.58464847778334,0.58464847778334,97.2911576173097,97.2911576173097,0,0,0
832,4.15330708852991,4.15330708852991,0.584643452777295,0.584643452777295,97.2879095841693,97.2879095841693,0,0,0
833,4.15327139119427,4.15327139119427,0.584638427814509,0.584638427814509,97.2846615789454,97.2846615789454,0,0,0
834,4.15323569416594,4.15323569416594,0.58463340289498,0.58463340289498,97.2814136016378,97.2814136016378,0,0,0
835,4.15319999744491,4.15319999744491,0.584628378018709,0.584628378018709,97.2781656522464,97.2781656522464,0,0,0
836,4.15316430103117,4.15316430103117,0.584623353185694,0.584623353185694,97.2749177307708,97.2749177307708,0,0,0
837,4.15312860492473,4.15312860492473,0.584618328395936,0.584618328395936,97.2716698372108,97.2716698372108,0,0,0
838,4.15309290912558,4.15309290912558,0.584613303649434,0.584613303649434,97.2684219715662,97.2684219715662,0,0,0
839,4.15305721363372,4.15305721363372,0.584608278946188,0.584608278946188,97.2651741338368,97.2651741338368,0,0,0
840,4.15302151844915,4.15302151844915,0.584603254286197,0.584603254286197,97.2619263240222,97.2619263240222,0,0,0
841,4.15298582357185,4.15298582357185,0.584598229669462,0.584598229669462,97.2586785421223,97.2586785421223,0,0,0
842,4.15295012900185,4.15295012900185,0.58459320509598,0.58459320509598,97.2554307881368,97.2554307881368,0,0,0
843,4.15291443473911,4.15291443473911,0.584588180565754,0.584588180565754,97.2521830620655,97.2521830620655,0,0,0
844,4.15287874078366,4.15287874078366,0.584583156078781,0.584583156078781,97.2489353639082,97.2489353639082,0,0,0
845,4.15284304713548,4.15284304713548,0.584578131635061,0.584578131635061,97.2456876936645,97.2456876936645,0,0,0
846,4.15280735379456,4.15280735379456,0.584573107234595,0.584573107234595,97.2424400513343,97.2424400513343,0,0,0
847,4.15277166076092,4.15277166076092,0.584568082877381,0.584568082877381,97.2391924369173,97.2391924369173,0,0,0
848,4.15273596803454,4.15273596803454,0.58456305856342,0.58456305856342,97.2359448504133,97.2359448504133,0,0,0
849,4.15270027561542,4.15270027561542,0.584558034292711,0.584558034292711,97.232697291822,97.232697291822,0,0,0
850,4.15266458350356,4.15266458350356,0.584553010065254,0.584553010065254,97.2294497611432,97.2294497611432,0,0,0
851,4.15262889169896,4.15262889169896,0.584547985881048,0.584547985881048,97.2262022583767,97.2262022583767,0,0,0
852,4.15259320020162,4.15259320020162,0.584542961740092,0.584542961740092,97.2229547835221,97.2229547835221,0,0,0
853,4.15255750901152,4.15255750901152,0.584537937642387,0.584537937642387,97.2197073365794,97.2197073365794,0,0,0
854,4.15252181812868,4.15252181812868,0.584532913587933,0.584532913587933,97.2164599175482,97.2164599175482,0,0,0
855,4.15248612755308,4.15248612755308,0.584527889576728,0.584527889576728,97.2132125264283,97.2132125264283,0,0,0
856,4.15245043728472,4.15245043728472,0.584522865608773,0.584522865608773,97.2099651632194,97.2099651632194,0,0,0
857,4.15241474732361,4.15241474732361,0.584517841684066,0.584517841684066,97.2067178279213,97.2067178279213,0,0,0
858,4.15237905766973,4.15237905766973,0.584512817802608,0.584512817802608,97.2034705205339,97.2034705205339,0,0,0
859,4.15234336832309,4.15234336832309,0.584507793964399,0.584507793964399,97.2002232410567,97.2002232410567,0,0,0
860,4.15230767928368,4.15230767928368,0.584502770169438,0.584502770169438,97.1969759894897,97.1969759894897,0,0,0
861,4.15227199055151,4.15227199055151,0.584497746417724,0.584497746417724,97.1937287658325,97.1937287658325,0,0,0
862,4.15223630212656,4.15223630212656,0.584492722709257,0.584492722709257,97.1904815700849,97.1904815700849,0,0,0
863,4.15220061400884,4.15220061400884,0.584487699044037,0.584487699044037,97.1872344022466,97.1872344022466,0,0,0
864,4.15216492619833,4.15216492619833,0.584482675422063,0.584482675422063,97.1839872623176,97.1839872623176,0,0,0
865,4.15212923869505,4.15212923869505,0.584477651843335,0.584477651843335,97.1807401502974,97.1807401502974,0,0,0
866,4.15209355149899,4.15209355149899,0.584472628307853,0.584472628307853,97.1774930661858,97.1774930661858,0,0,0
867,4.15205786461014,4.15205786461014,0.584467604815617,0.584467604815617,97.1742460099827,97.1742460099827,0,0,0
868,4.1520221780285,4.1520221780285,0.584462581366625,0.584462581366625,97.1709989816877,97.1709989816877,0,0,0
869,4.15198649175408,4.15198649175408,0.584457557960878,0.584457557960878,97.1677519813007,97.1677519813007,0,0,0
870,4.15195080578685,4.15195080578685,0.584452534598375,0.584452534598375,97.1645050088214,97.1645050088214,0,0,0
871,4.15191512012684,4.15191512012684,0.584447511279116,0.584447511279116,97.1612580642495,97.1612580642495,0,0,0
872,4.15187943477402,4.15187943477402,0.5844424880031,0.5844424880031,97.1580111475848,97.1580111475848,0,0,0
873,4.1518437497284,4.1518437497284,0.584437464770327,0.584437464770327,97.1547642588271,97.1547642588271,0,0,0
874,4.15180806498998,4.15180806498998,0.584432441580797,0.584432441580797,97.1515173979761,97.1515173979761,0,0,0
875,4.15177238055875,4.15177238055875,0.584427418434509,0.584427418434509,97.1482705650316,97.1482705650316,0,0,0
876,4.15173669643471,4.15173669643471,0.584422395331463,0.584422395331463,97.1450237599933,97.1450237599933,0,0,0
877,4.15170101261787,4.15170101261787,0.584417372271659,0.584417372271659,97.141776982861,97.141776982861,0,0,0
878,4.1516653291082,4.1516653291082,0.584412349255096,0.584412349255096,97.1385302336346,97.1385302336346,0,0,0
879,4.15162964590572,4.15162964590572,0.584407326281773,0.584407326281773,97.1352835123136,97.1352835123136,0,0,0
880,4.15159396301042,4.15159396301042,0.584402303351692,0.584402303351692,97.1320368188979,97.1320368188979,0,0,0
881,4.15155828042229,4.15155828042229,0.58439728046485,0.58439728046485,97.1287901533873,97.1287901533873,0,0,0
882,4.15152259814134,4.15152259814134,0.584392257621248,0.584392257621248,97.1255435157815,97.1255435157815,0,0,0
883,4.15148691616757,4.15148691616757,0.584387234820885,0.584387234820885,97.1222969060803,97.1222969060803,0,0,0
884,4.15145123450096,4.15145123450096,0.584382212063761,0.584382212063761,97.1190503242833,97.1190503242833,0,0,0
885,4.15141555314152,4.15141555314152,0.584377189349876,0.584377189349876,97.1158037703905,97.1158037703905,0,0,0
886,4.15137987208924,4.15137987208924,0.584372166679228,0.584372166679228,97.1125572444015,97.1125572444015,0,0,0
887,4.15134419134412,4.15134419134412,0.584367144051819,0.584367144051819,97.1093107463161,97.1093107463161,0,0,0
888,4.15130851090616,4.15130851090616,0.584362121467647,0.584362121467647,97.1060642761341,97.1060642761341,0,0,0
889,4.15127283077536,4.15127283077536,0.584357098926712,0.584357098926712,97.1028178338552,97.1028178338552,0,0,0
890,4.15123715095172,4.15123715095172,0.584352076429014,0.584352076429014,97.0995714194792,97.0995714194792,0,0,0
891,4.15120147143522,4.15120147143522,0.584347053974552,0.584347053974552,97.0963250330058,97.0963250330058,0,0,0
892,4.15116579222587,4.15116579222587,0.584342031563326,0.584342031563326,97.0930786744349,97.0930786744349,0,0,0
893,4.15113011332367,4.15113011332367,0.584337009195336,0.584337009195336,97.0898323437661,97.0898323437661,0,0,0
894,4.15109443472861,4.15109443472861,0.584331986870581,0.584331986870581,97.0865860409992,97.0865860409992,0,0,0
895,4.15105875644069,4.15105875644069,0.584326964589061,0.584326964589061,97.083339766134,97.083339766134,0,0,0
896,4.15102307845991,4.15102307845991,0.584321942350775,0.584321942350775,97.0800935191703,97.0800935191703,0,0,0
897,4.15098740078626,4.15098740078626,0.584316920155724,0.584316920155724,97.0768473001078,97.0768473001078,0,0,0
898,4.15095172341975,4.15095172341975,0.584311898003906,0.584311898003906,97.0736011089462,97.0736011089462,0,0,0
899,4.15091604636036,4.15091604636036,0.584306875895321,0.584306875895321,97.0703549456853,97.0703549456853,0,0,0
900,4.1508803696081,4.1508803696081,0.584301853829969,0.584301853829969,97.067108810325,97.067108810325,0,0,0
901,4.15084469316297,4.15084469316297,0.58429683180785,0.58429683180785,97.0638627028649,97.0638627028649,0,0,0
902,4.15080901702495,4.15080901702495,0.584291809828963,0.584291809828963,97.0606166233047,97.0606166233047,0,0,0
903,4.15077334119406,4.15077334119406,0.584286787893308,0.584286787893308,97.0573705716444,97.0573705716444,0,0,0
904,4.15073766567028,4.15073766567028,0.584281766000884,0.584281766000884,97.0541245478835,97.0541245478835,0,0,0
905,4.15070199045362,4.15070199045362,0.584276744151692,0.584276744151692,97.050878552022,97.050878552022,0,0,0
906,4.15066631554407,4.15066631554407,0.58427172234573,0.58427172234573,97.0476325840595,97.0476325840595,0,0,0
907,4.15063064094162,4.15063064094162,0.584266700582999,0.584266700582999,97.0443866439957,97.0443866439957,0,0,0
908,4.15059496664629,4.15059496664629,0.584261678863497,0.584261678863497,97.0411407318306,97.0411407318306,0,0,0
909,4.15055929265805,4.15055929265805,0.584256657187226,0.584256657187226,97.0378948475638,97.0378948475638,0,0,0
910,4.15052361897692,4.15052361897692,0.584251635554183,0.584251635554183,97.0346489911951,97.0346489911951,0,0,0
911,4.15048794560288,4.15048794560288,0.584246613964369,0.584246613964369,97.0314031627242,97.0314031627242,0,0,0
912,4.15045227253594,4.15045227253594,0.584241592417784,0.584241592417784,97.0281573621509,97.0281573621509,0,0,0
913,4.15041659977609,4.15041659977609,0.584236570914427,0.584236570914427,97.0249115894749,97.0249115894749,0,0,0
914,4.15038092732333,4.15038092732333,0.584231549454298,0.584231549454298,97.0216658446961,97.0216658446961,0,0,0
915,4.15034525517766,4.15034525517766,0.584226528037395,0.584226528037395,97.0184201278142,97.0184201278142,0,0,0
916,4.15030958333907,4.15030958333907,0.58422150666372,0.58422150666372,97.0151744388289,97.0151744388289,0,0,0
917,4.15027391180756,4.15027391180756,0.584216485333272,0.584216485333272,97.01192877774,97.01192877774,0,0,0
918,4.15023824058314,4.15023824058314,0.58421146404605,0.58421146404605,97.0086831445472,97.0086831445472,0,0,0
919,4.15020256966579,4.15020256966579,0.584206442802053,0.584206442802053,97.0054375392504,97.0054375392504,0,0,0
920,4.15016689905551,4.15016689905551,0.584201421601283,0.584201421601283,97.0021919618493,97.0021919618493,0,0,0
921,4.1501312287523,4.1501312287523,0.584196400443737,0.584196400443737,96.9989464123436,96.9989464123436,0,0,0
922,4.15009555875617,4.15009555875617,0.584191379329416,0.584191379329416,96.9957008907331,96.9957008907331,0,0,0
923,4.1500598890671,4.1500598890671,0.584186358258319,0.584186358258319,96.9924553970175,96.9924553970175,0,0,0
924,4.15002421968509,4.15002421968509,0.584181337230446,0.584181337230446,96.9892099311967,96.9892099311967,0,0,0
925,4.14998855061014,4.14998855061014,0.584176316245797,0.584176316245797,96.9859644932704,96.9859644932704,0,0,0
926,4.14995288184226,4.14995288184226,0.584171295304372,0.584171295304372,96.9827190832383,96.9827190832383,0,0,0
927,4.14991721338142,4.14991721338142,0.584166274406169,0.584166274406169,96.9794737011001,96.9794737011001,0,0,0
928,4.14988154522764,4.14988154522764,0.584161253551188,0.584161253551188,96.9762283468558,96.9762283468558,0,0,0
929,4.14984587738091,4.14984587738091,0.58415623273943,0.58415623273943,96.972983020505,96.972983020505,0,0,0
930,4.14981020984123,4.14981020984123,0.584151211970894,0.584151211970894,96.9697377220474,96.9697377220474,0,0,0
931,4.14977454260859,4.14977454260859,0.584146191245579,0.584146191245579,96.9664924514829,96.9664924514829,0,0,0
932,4.14973887568299,4.14973887568299,0.584141170563484,0.584141170563484,96.9632472088112,96.9632472088112,0,0,0
933,4.14970320906444,4.14970320906444,0.584136149924611,0.584136149924611,96.9600019940321,96.9600019940321,0,0,0
934,4.14966754275292,4.14966754275292,0.584131129328958,0.584131129328958,96.9567568071452,96.9567568071452,0,0,0
935,4.14963187674843,4.14963187674843,0.584126108776524,0.584126108776524,96.9535116481505,96.9535116481505,0,0,0
936,4.14959621105098,4.14959621105098,0.584121088267311,0.584121088267311,96.9502665170476,96.9502665170476,0,0,0
937,4.14956054566055,4.14956054566055,0.584116067801316,0.584116067801316,96.9470214138362,96.9470214138362,0,0,0
938,4.14952488057715,4.14952488057715,0.584111047378541,0.584111047378541,96.9437763385163,96.9437763385163,0,0,0
939,4.14948921580078,4.14948921580078,0.584106026998983,0.584106026998983,96.9405312910874,96.9405312910874,0,0,0
940,4.14945355133142,4.14945355133142,0.584101006662644,0.584101006662644,96.9372862715494,96.9372862715494,0,0,0
941,4.14941788716908,4.14941788716908,0.584095986369522,0.584095986369522,96.9340412799021,96.9340412799021,0,0,0
942,4.14938222331376,4.14938222331376,0.584090966119617,0.584090966119617,96.9307963161452,96.9307963161452,0,0,0
943,4.14934655976545,4.14934655976545,0.58408594591293,0.58408594591293,96.9275513802784,96.9275513802784,0,0,0
944,4.14931089652416,4.14931089652416,0.584080925749459,0.584080925749459,96.9243064723016,96.9243064723016,0,0,0
945,4.14927523358987,4.14927523358987,0.584075905629204,0.584075905629204,96.9210615922144,96.9210615922144,0,0,0
946,4.14923957096258,4.14923957096258,0.584070885552165,0.584070885552165,96.9178167400166,96.9178167400166,0,0,0
947,4.1492039086423,4.1492039086423,0.584065865518341,0.584065865518341,96.9145719157081,96.9145719157081,0,0,0
948,4.14916824662901,4.14916824662901,0.584060845527733,0.584060845527733,96.9113271192885,96.9113271192885,0,0,0
949,4.14913258492273,4.14913258492273,0.584055825580339,0.584055825580339,96.9080823507576,96.9080823507576,0,0,0
950,4.14909692352343,4.14909692352343,0.584050805676159,0.584050805676159,96.9048376101152,96.9048376101152,0,0,0
951,4.14906126243113,4.14906126243113,0.584045785815193,0.584045785815193,96.901592897361,96.901592897361,0,0,0
952,4.14902560164582,4.14902560164582,0.584040765997441,0.584040765997441,96.8983482124949,96.8983482124949,0,0,0
953,4.1489899411675,4.1489899411675,0.584035746222902,0.584035746222902,96.8951035555165,96.8951035555165,0,0,0
954,4.14895428099616,4.14895428099616,0.584030726491576,0.584030726491576,96.8918589264256,96.8918589264256,0,0,0
955,4.1489186211318,4.1489186211318,0.584025706803462,0.584025706803462,96.888614325222,96.888614325222,0,0,0
956,4.14888296157441,4.14888296157441,0.584020687158561,0.584020687158561,96.8853697519054,96.8853697519054,0,0,0
957,4.14884730232401,4.14884730232401,0.584015667556871,0.584015667556871,96.8821252064756,96.8821252064756,0,0,0
958,4.14881164338057,4.14881164338057,0.584010647998392,0.584010647998392,96.8788806889324,96.8788806889324,0,0,0
959,4.14877598474411,4.14877598474411,0.584005628483124,0.584005628483124,96.8756361992754,96.8756361992754,0,0,0
960,4.14874032641462,4.14874032641462,0.584000609011067,0.584000609011067,96.8723917375046,96.8723917375046,0,0,0
961,4.14870466839209,4.14870466839209,0.58399558958222,0.58399558958222,96.8691473036196,96.8691473036196,0,0,0
962,4.14866901067652,4.14866901067652,0.583990570196582,0.583990570196582,96.8659028976202,96.8659028976202,0,0,0
963,4.14863335326791,4.14863335326791,0.583985550854155,0.583985550854155,96.8626585195061,96.8626585195061,0,0,0
964,4.14859769616626,4.14859769616626,0.583980531554936,0.583980531554936,96.8594141692772,96.8594141692772,0,0,0
965,4.14856203937157,4.14856203937157,0.583975512298926,0.583975512298926,96.8561698469332,96.8561698469332,0,0,0
966,4.14852638288383,4.14852638288383,0.583970493086124,0.583970493086124,96.8529255524737,96.8529255524737,0,0,0
967,4.14849072670303,4.14849072670303,0.58396547391653,0.58396547391653,96.8496812858987,96.8496812858987,0,0,0
968,4.14845507082919,4.14845507082919,0.583960454790144,0.583960454790144,96.8464370472078,96.8464370472078,0,0,0
969,4.14841941526228,4.14841941526228,0.583955435706965,0.583955435706965,96.8431928364009,96.8431928364009,0,0,0
970,4.14838376000232,4.14838376000232,0.583950416666993,0.583950416666993,96.8399486534776,96.8399486534776,0,0,0
971,4.1483481050493,4.1483481050493,0.583945397670228,0.583945397670228,96.8367044984378,96.8367044984378,0,0,0
972,4.14831245040321,4.14831245040321,0.583940378716668,0.583940378716668,96.8334603712811,96.8334603712811,0,0,0
973,4.14827679606405,4.14827679606405,0.583935359806314,0.583935359806314,96.8302162720074,96.8302162720074,0,0,0
974,4.14824114203183,4.14824114203183,0.583930340939166,0.583930340939166,96.8269722006164,96.8269722006164,0,0,0
975,4.14820548830654,4.14820548830654,0.583925322115222,0.583925322115222,96.8237281571079,96.8237281571079,0,0,0
976,4.14816983488817,4.14816983488817,0.583920303334483,0.583920303334483,96.8204841414817,96.8204841414817,0,0,0
977,4.14813418177672,4.14813418177672,0.583915284596948,0.583915284596948,96.8172401537374,96.8172401537374,0,0,0
978,4.14809852897219,4.14809852897219,0.583910265902617,0.583910265902617,96.8139961938749,96.8139961938749,0,0,0
979,4.14806287647458,4.14806287647458,0.58390524725149,0.58390524725149,96.8107522618939,96.8107522618939,0,0,0
980,4.14802722428389,4.14802722428389,0.583900228643566,0.583900228643566,96.8075083577942,96.8075083577942,0,0,0
981,4.14799157240011,4.14799157240011,0.583895210078844,0.583895210078844,96.8042644815755,96.8042644815755,0,0,0
982,4.14795592082324,4.14795592082324,0.583890191557325,0.583890191557325,96.8010206332376,96.8010206332376,0,0,0
983,4.14792026955327,4.14792026955327,0.583885173079008,0.583885173079008,96.7977768127802,96.7977768127802,0,0,0
984,4.14788461859021,4.14788461859021,0.583880154643892,0.583880154643892,96.7945330202032,96.7945330202032,0,0,0
985,4.14784896793405,4.14784896793405,0.583875136251978,0.583875136251978,96.7912892555063,96.7912892555063,0,0,0
986,4.14781331758479,4.14781331758479,0.583870117903264,0.583870117903264,96.7880455186892,96.7880455186892,0,0,0
987,4.14777766754242,4.14777766754242,0.583865099597751,0.583865099597751,96.7848018097516,96.7848018097516,0,0,0
988,4.14774201780695,4.14774201780695,0.583860081335438,0.583860081335438,96.7815581286935,96.7815581286935,0,0,0
989,4.14770636837837,4.14770636837837,0.583855063116325,0.583855063116325,96.7783144755144,96.7783144755144,0,0,0
990,4.14767071925668,4.14767071925668,0.583850044940411,0.583850044940411,96.7750708502142,96.7750708502142,0,0,0
991,4.14763507044187,4.14763507044187,0.583845026807696,0.583845026807696,96.7718272527927,96.7718272527927,0,0,0
992,4.14759942193395,4.14759942193395,0.58384000871818,0.58384000871818,96.7685836832496,96.7685836832496,0,0,0
993,4.14756377373291,4.14756377373291,0.583834990671862,0.583834990671862,96.7653401415846,96.7653401415846,0,0,0
994,4.14752812583874,4.14752812583874,0.583829972668741,0.583829972668741,96.7620966277975,96.7620966277975,0,0,0
995,4.14749247825145,4.14749247825145,0.583824954708819,0.583824954708819,96.7588531418881,96.7588531418881,0,0,0
996,4.14745683097103,4.14745683097103,0.583819936792094,0.583819936792094,96.7556096838562,96.7556096838562,0,0,0
997,4.14742118399748,4.14742118399748,0.583814918918565,0.583814918918565,96.7523662537014,96.7523662537014,0,0,0
998,4.1473855373308,4.1473855373308,0.583809901088232,0.583809901088232,96.7491228514236,96.7491228514236,0,0,0
999,4.14734989097099,4.14734989097099,0.583804883301096,0.583804883301096,96.7458794770225,96.7458794770225,0,0,0
1000,4.14731424491803,4.14731424491803,0.583799865557155,0.583799865557155,96.7426361304979,96.7426361304979,0,0,0
1001,4.14727859917194,4.14727859917194,0.58379484785641,0.58379484785641,96.7393928118495,96.7393928118495,0,0,0
1002,4.1472429537327,4.1472429537327,0.583789830198859,0.583789830198859,96.7361495210771,96.7361495210771,0,0,0
1003,4.14720730860031,4.14720730860031,0.583784812584503,0.583784812584503,96.7329062581804,96.7329062581804,0,0,0
1004,4.14717166377478,4.14717166377478,0.583779795013342,0.583779795013342,96.7296630231593,96.7296630231593,0,0,0
1005,4.14713601925609,4.14713601925609,0.583774777485374,0.583774777485374,96.7264198160134,96.7264198160134,0,0,0
1006,4.14710037504425,4.14710037504425,0.583769760000599,0.583769760000599,96.7231766367426,96.7231766367426,0,0,0
1007,4.14706473113926,4.14706473113926,0.583764742559017,0.583764742559017,96.7199334853466,96.7199334853466,0,0,0
1008,4.1470290875411,4.1470290875411,0.583759725160628,0.583759725160628,96.7166903618252,96.7166903618252,0,0,0
1009,4.14699344424978,4.14699344424978,0.583754707805431,0.583754707805431,96.713447266178,96.713447266178,0,0,0
1010,4.1469578012653,4.1469578012653,0.583749690493427,0.583749690493427,96.7102041984049,96.7102041984049,0,0,0
1011,4.14692215858765,4.14692215858765,0.583744673224614,0.583744673224614,96.7069611585057,96.7069611585057,0,0,0
1012,4.14688651621683,4.14688651621683,0.583739655998991,0.583739655998991,96.70371814648,96.70371814648,0,0,0
1013,4.14685087415284,4.14685087415284,0.58373463881656,0.58373463881656,96.7004751623278,96.7004751623278,0,0,0
1014,4.14681523239567,4.14681523239567,0.583729621677319,0.583729621677319,96.6972322060486,96.6972322060486,0,0,0
1015,4.14677959094533,4.14677959094533,0.583724604581268,0.583724604581268,96.6939892776423,96.6939892776423,0,0,0
1016,4.1467439498018,4.1467439498018,0.583719587528407,0.583719587528407,96.6907463771087,96.6907463771087,0,0,0
1017,4.14670830896509,4.14670830896509,0.583714570518735,0.583714570518735,96.6875035044474,96.6875035044474,0,0,0
1018,4.1466726684352,4.1466726684352,0.583709553552252,0.583709553552252,96.6842606596583,96.6842606596583,0,0,0
1019,4.14663702821211,4.14663702821211,0.583704536628958,0.583704536628958,96.6810178427411,96.6810178427411,0,0,0
1020,4.14660138829584,4.14660138829584,0.583699519748851,0.583699519748851,96.6777750536956,96.6777750536956,0,0,0
1021,4.14656574868637,4.14656574868637,0.583694502911933,0.583694502911933,96.6745322925215,96.6745322925215,0,0,0
1022,4.14653010938371,4.14653010938371,0.583689486118202,0.583689486118202,96.6712895592186,96.6712895592186,0,0,0
1023,4.14649447038784,4.14649447038784,0.583684469367658,0.583684469367658,96.6680468537867,96.6680468537867,0,0,0
1024,4.14645883169878,4.14645883169878,0.583679452660301,0.583679452660301,96.6648041762255,96.6648041762255,0,0,0
1025,4.1464231933165,4.1464231933165,0.58367443599613,0.58367443599613,96.6615615265348,96.6615615265348,0,0,0
1026,4.14638755524103,4.14638755524103,0.583669419375145,0.583669419375145,96.6583189047143,96.6583189047143,0,0,0
1027,4.14635191747234,4.14635191747234,0.583664402797345,0.583664402797345,96.6550763107638,96.6550763107638,0,0,0
1028,4.14631628001044,4.14631628001044,0.583659386262731,0.583659386262731,96.6518337446831,96.6518337446831,0,0,0
1029,4.14628064285533,4.14628064285533,0.583654369771302,0.583654369771302,96.6485912064718,96.6485912064718,0,0,0
1030,4.146245006007,4.146245006007,0.583649353323057,0.583649353323057,96.6453486961299,96.6453486961299,0,0,0
1031,4.14620936946544,4.14620936946544,0.583644336917996,0.583644336917996,96.642106213657,96.642106213657,0,0,0
1032,4.14617373323067,4.14617373323067,0.583639320556118,0.583639320556118,96.6388637590529,96.6388637590529,0,0,0
1033,4.14613809730267,4.14613809730267,0.583634304237425,0.583634304237425,96.6356213323173,96.6356213323173,0,0,0
1034,4.14610246168144,4.14610246168144,0.583629287961914,0.583629287961914,96.6323789334501,96.6323789334501,0,0,0
1035,4.14606682636698,4.14606682636698,0.583624271729586,0.583624271729586,96.6291365624509,96.6291365624509,0,0,0
1036,4.14603119135928,4.14603119135928,0.583619255540439,0.583619255540439,96.6258942193196,96.6258942193196,0,0,0
1037,4.14599555665835,4.14599555665835,0.583614239394475,0.583614239394475,96.6226519040558,96.6226519040558,0,0,0
1038,4.14595992226418,4.14595992226418,0.583609223291692,0.583609223291692,96.6194096166595,96.6194096166595,0,0,0
1039,4.14592428817677,4.14592428817677,0.583604207232091,0.583604207232091,96.6161673571303,96.6161673571303,0,0,0
1040,4.14588865439612,4.14588865439612,0.58359919121567,0.58359919121567,96.6129251254679,96.6129251254679,0,0,0
1041,4.14585302092221,4.14585302092221,0.583594175242429,0.583594175242429,96.6096829216722,96.6096829216722,0,0,0
1042,4.14581738775506,4.14581738775506,0.583589159312368,0.583589159312368,96.6064407457428,96.6064407457428,0,0,0
1043,4.14578175489466,4.14578175489466,0.583584143425487,0.583584143425487,96.6031985976796,96.6031985976796,0,0,0
1044,4.145746122341,4.145746122341,0.583579127581786,0.583579127581786,96.5999564774824,96.5999564774824,0,0,0
1045,4.14571049009409,4.14571049009409,0.583574111781262,0.583574111781262,96.5967143851508,96.5967143851508,0,0,0
1046,4.14567485815391,4.14567485815391,0.583569096023918,0.583569096023918,96.5934723206847,96.5934723206847,0,0,0
1047,4.14563922652047,4.14563922652047,0.583564080309751,0.583564080309751,96.5902302840837,96.5902302840837,0,0,0
1048,4.14560359519377,4.14560359519377,0.583559064638763,0.583559064638763,96.5869882753478,96.5869882753478,0,0,0
1049,4.1455679641738,4.1455679641738,0.583554049010952,0.583554049010952,96.5837462944765,96.5837462944765,0,0,0
1050,4.14553233346056,4.14553233346056,0.583549033426317,0.583549033426317,96.5805043414697,96.5805043414697,0,0,0
1051,4.14549670305404,4.14549670305404,0.58354401788486,0.58354401788486,96.5772624163272,96.5772624163272,0,0,0
1052,4.14546107295425,4.14546107295425,0.583539002386578,0.583539002386578,96.5740205190486,96.5740205190486,0,0,0
1053,4.14542544316118,4.14542544316118,0.583533986931473,0.583533986931473,96.5707786496338,96.5707786496338,0,0,0
1054,4.14538981367483,4.14538981367483,0.583528971519542,0.583528971519542,96.5675368080826,96.5675368080826,0,0,0
1055,4.14535418449519,4.14535418449519,0.583523956150788,0.583523956150788,96.5642949943946,96.5642949943946,0,0,0
1056,4.14531855562227,4.14531855562227,0.583518940825207,0.583518940825207,96.5610532085696,96.5610532085696,0,0,0
1057,4.14528292705606,4.14528292705606,0.583513925542802,0.583513925542802,96.5578114506075,96.5578114506075,0,0,0
1058,4.14524729879656,4.14524729879656,0.58350891030357,0.58350891030357,96.5545697205079,96.5545697205079,0,0,0
1059,4.14521167084376,4.14521167084376,0.583503895107511,0.583503895107511,96.5513280182706,96.5513280182706,0,0,0
1060,4.14517604319767,4.14517604319767,0.583498879954627,0.583498879954627,96.5480863438954,96.5480863438954,0,0,0
1061,4.14514041585827,4.14514041585827,0.583493864844915,0.583493864844915,96.5448446973821,96.5448446973821,0,0,0
1062,4.14510478882558,4.14510478882558,0.583488849778375,0.583488849778375,96.5416030787303,96.5416030787303,0,0,0
1063,4.14506916209957,4.14506916209957,0.583483834755008,0.583483834755008,96.53836148794,96.53836148794,0,0,0
1064,4.14503353568027,4.14503353568027,0.583478819774812,0.583478819774812,96.5351199250107,96.5351199250107,0,0,0
1065,4.14499790956765,4.14499790956765,0.583473804837788,0.583473804837788,96.5318783899423,96.5318783899423,0,0,0
1066,4.14496228376171,4.14496228376171,0.583468789943935,0.583468789943935,96.5286368827346,96.5286368827346,0,0,0
1067,4.14492665826246,4.14492665826246,0.583463775093252,0.583463775093252,96.5253954033872,96.5253954033872,0,0,0
1068,4.1448910330699,4.1448910330699,0.58345876028574,0.58345876028574,96.5221539519001,96.5221539519001,0,0,0
1069,4.14485540818401,4.14485540818401,0.583453745521398,0.583453745521398,96.5189125282728,96.5189125282728,0,0,0
1070,4.1448197836048,4.1448197836048,0.583448730800225,0.583448730800225,96.5156711325052,96.5156711325052,0,0,0
1071,4.14478415933226,4.14478415933226,0.583443716122221,0.583443716122221,96.5124297645971,96.5124297645971,0,0,0
1072,4.14474853536639,4.14474853536639,0.583438701487386,0.583438701487386,96.5091884245482,96.5091884245482,0,0,0
1073,4.14471291170719,4.14471291170719,0.58343368689572,0.58343368689572,96.5059471123582,96.5059471123582,0,0,0
1074,4.14467728835466,4.14467728835466,0.583428672347222,0.583428672347222,96.5027058280269,96.5027058280269,0,0,0
1075,4.14464166530879,4.14464166530879,0.583423657841891,0.583423657841891,96.4994645715542,96.4994645715542,0,0,0
1076,4.14460604256958,4.14460604256958,0.583418643379728,0.583418643379728,96.4962233429397,96.4962233429397,0,0,0
1077,4.14457042013703,4.14457042013703,0.583413628960731,0.583413628960731,96.4929821421832,96.4929821421832,0,0,0
1078,4.14453479801114,4.14453479801114,0.583408614584901,0.583408614584901,96.4897409692844,96.4897409692844,0,0,0
1079,4.14449917619189,4.14449917619189,0.583403600252237,0.583403600252237,96.4864998242432,96.4864998242432,0,0,0
1080,4.1444635546793,4.1444635546793,0.583398585962739,0.583398585962739,96.4832587070593,96.4832587070593,0,0,0
1081,4.14442793347335,4.14442793347335,0.583393571716407,0.583393571716407,96.4800176177323,96.4800176177323,0,0,0
1082,4.14439231257405,4.14439231257405,0.58338855751324,0.58338855751324,96.4767765562623,96.4767765562623,0,0,0
1083,4.14435669198139,4.14435669198139,0.583383543353237,0.583383543353237,96.4735355226487,96.4735355226487,0,0,0
1084,4.14432107169537,4.14432107169537,0.583378529236398,0.583378529236398,96.4702945168915,96.4702945168915,0,0,0
1085,4.14428545171599,4.14428545171599,0.583373515162724,0.583373515162724,96.4670535389904,96.4670535389904,0,0,0
1086,4.14424983204324,4.14424983204324,0.583368501132213,0.583368501132213,96.4638125889451,96.4638125889451,0,0,0
1087,4.14421421267712,4.14421421267712,0.583363487144865,0.583363487144865,96.4605716667554,96.4605716667554,0,0,0
1088,4.14417859361763,4.14417859361763,0.58335847320068,0.58335847320068,96.4573307724211,96.4573307724211,0,0,0
1089,4.14414297486477,4.14414297486477,0.583353459299658,0.583353459299658,96.4540899059419,96.4540899059419,0,0,0
1090,4.14410735641853,4.14410735641853,0.583348445441797,0.583348445441797,96.4508490673176,96.4508490673176,0,0,0
1091,4.14407173827891,4.14407173827891,0.583343431627099,0.583343431627099,96.447608256548,96.447608256548,0,0,0
1092,4.14403612044591,4.14403612044591,0.583338417855561,0.583338417855561,96.4443674736328,96.4443674736328,0,0,0
1093,4.14400050291952,4.14400050291952,0.583333404127185,0.583333404127185,96.4411267185717,96.4411267185717,0,0,0
1094,4.14396488569975,4.14396488569975,0.583328390441969,0.583328390441969,96.4378859913646,96.4378859913646,0,0,0
1095,4.14392926878658,4.14392926878658,0.583323376799913,0.583323376799913,96.4346452920111,96.4346452920111,0,0,0
1096,4.14389365218003,4.14389365218003,0.583318363201018,0.583318363201018,96.431404620511,96.431404620511,0,0,0
1097,4.14385803588008,4.14385803588008,0.583313349645281,0.583313349645281,96.4281639768642,96.4281639768642,0,0,0
1098,4.14382241988673,4.14382241988673,0.583308336132704,0.583308336132704,96.4249233610704,96.4249233610704,0,0,0
1099,4.14378680419998,4.14378680419998,0.583303322663286,0.583303322663286,96.4216827731293,96.4216827731293,0,0,0
1100,4.14375118881983,4.14375118881983,0.583298309237026,0.583298309237026,96.4184422130406,96.4184422130406,0,0,0
1101,4.14371557374627,4.14371557374627,0.583293295853923,0.583293295853923,96.4152016808042,96.4152016808042,0,0,0
1102,4.14367995897931,4.14367995897931,0.583288282513979,0.583288282513979,96.4119611764199,96.4119611764199,0,0,0
1103,4.14364434451893,4.14364434451893,0.583283269217192,0.583283269217192,96.4087206998873,96.4087206998873,0,0,0
1104,4.14360873036514,4.14360873036514,0.583278255963561,0.583278255963561,96.4054802512062,96.4054802512062,0,0,0
1105,4.14357311651793,4.14357311651793,0.583273242753087,0.583273242753087,96.4022398303764,96.4022398303764,0,0,0
1106,4.14353750297731,4.14353750297731,0.583268229585769,0.583268229585769,96.3989994373977,96.3989994373977,0,0,0
1107,4.14350188974326,4.14350188974326,0.583263216461607,0.583263216461607,96.3957590722697,96.3957590722697,0,0,0
1108,4.14346627681579,4.14346627681579,0.5832582033806,0.5832582033806,96.3925187349924,96.3925187349924,0,0,0
1109,4.14343066419489,4.14343066419489,0.583253190342749,0.583253190342749,96.3892784255653,96.3892784255653,0,0,0
1110,4.14339505188056,4.14339505188056,0.583248177348052,0.583248177348052,96.3860381439884,96.3860381439884,0,0,0
1111,4.1433594398728,4.1433594398728,0.583243164396509,0.583243164396509,96.3827978902613,96.3827978902613,0,0,0
1112,4.1433238281716,4.1433238281716,0.58323815148812,0.58323815148812,96.3795576643838,96.3795576643838,0,0,0
1113,4.14328821677697,4.14328821677697,0.583233138622885,0.583233138622885,96.3763174663557,96.3763174663557,0,0,0
1114,4.1432526056889,4.1432526056889,0.583228125800802,0.583228125800802,96.3730772961767,96.3730772961767,0,0,0
1115,4.14321699490738,4.14321699490738,0.583223113021873,0.583223113021873,96.3698371538467,96.3698371538467,0,0,0
1116,4.14318138443242,4.14318138443242,0.583218100286095,0.583218100286095,96.3665970393652,96.3665970393652,0,0,0
1117,4.14314577426401,4.14314577426401,0.58321308759347,0.58321308759347,96.3633569527322,96.3633569527322,0,0,0
1118,4.14311016440215,4.14311016440215,0.583208074943997,0.583208074943997,96.3601168939473,96.3601168939473,0,0,0
1119,4.14307455484684,4.14307455484684,0.583203062337674,0.583203062337674,96.3568768630104,96.3568768630104,0,0,0
1120,4.14303894559807,4.14303894559807,0.583198049774503,0.583198049774503,96.3536368599212,96.3536368599212,0,0,0
1121,4.14300333665584,4.14300333665584,0.583193037254482,0.583193037254482,96.3503968846795,96.3503968846795,0,0,0
1122,4.14296772802015,4.14296772802015,0.583188024777612,0.583188024777612,96.3471569372849,96.3471569372849,0,0,0
1123,4.142932119691,4.142932119691,0.583183012343891,0.583183012343891,96.3439170177373,96.3439170177373,0,0,0
1124,4.14289651166838,4.14289651166838,0.583177999953319,0.583177999953319,96.3406771260365,96.3406771260365,0,0,0
1125,4.14286090395229,4.14286090395229,0.583172987605897,0.583172987605897,96.3374372621821,96.3374372621821,0,0,0
1126,4.14282529654273,4.14282529654273,0.583167975301623,0.583167975301623,96.3341974261741,96.3341974261741,0,0,0
1127,4.14278968943969,4.14278968943969,0.583162963040497,0.583162963040497,96.330957618012,96.330957618012,0,0,0
1128,4.14275408264318,4.14275408264318,0.58315795082252,0.58315795082252,96.3277178376957,96.3277178376957,0,0,0
1129,4.14271847615319,4.14271847615319,0.58315293864769,0.58315293864769,96.3244780852249,96.3244780852249,0,0,0
1130,4.14268286996971,4.14268286996971,0.583147926516007,0.583147926516007,96.3212383605994,96.3212383605994,0,0,0
1131,4.14264726409275,4.14264726409275,0.583142914427471,0.583142914427471,96.317998663819,96.317998663819,0,0,0
1132,4.1426116585223,4.1426116585223,0.583137902382081,0.583137902382081,96.3147589948834,96.3147589948834,0,0,0
1133,4.14257605325837,4.14257605325837,0.583132890379838,0.583132890379838,96.3115193537924,96.3115193537924,0,0,0
1134,4.14254044830093,4.14254044830093,0.58312787842074,0.58312787842074,96.3082797405457,96.3082797405457,0,0,0
1135,4.14250484365001,4.14250484365001,0.583122866504787,0.583122866504787,96.3050401551431,96.3050401551431,0,0,0
1136,4.14246923930558,4.14246923930558,0.583117854631979,0.583117854631979,96.3018005975844,96.3018005975844,0,0,0
1137,4.14243363526765,4.14243363526765,0.583112842802316,0.583112842802316,96.2985610678693,96.2985610678693,0,0,0
1138,4.14239803153622,4.14239803153622,0.583107831015797,0.583107831015797,96.2953215659975,96.2953215659975,0,0,0
1139,4.14236242811129,4.14236242811129,0.583102819272422,0.583102819272422,96.2920820919689,96.2920820919689,0,0,0
1140,4.14232682499284,4.14232682499284,0.583097807572191,0.583097807572191,96.2888426457832,96.2888426457832,0,0,0
1141,4.14229122218088,4.14229122218088,0.583092795915102,0.583092795915102,96.2856032274402,96.2856032274402,0,0,0
1142,4.14225561967541,4.14225561967541,0.583087784301156,0.583087784301156,96.2823638369396,96.2823638369396,0,0,0
1143,4.14222001747642,4.14222001747642,0.583082772730352,0.583082772730352,96.2791244742811,96.2791244742811,0,0,0
1144,4.14218441558392,4.14218441558392,0.583077761202691,0.583077761202691,96.2758851394646,96.2758851394646,0,0,0
1145,4.14214881399789,4.14214881399789,0.583072749718171,0.583072749718171,96.2726458324898,96.2726458324898,0,0,0
1146,4.14211321271833,4.14211321271833,0.583067738276792,0.583067738276792,96.2694065533565,96.2694065533565,0,0,0
1147,4.14207761174525,4.14207761174525,0.583062726878554,0.583062726878554,96.2661673020644,96.2661673020644,0,0,0
1148,4.14204201107864,4.14204201107864,0.583057715523457,0.583057715523457,96.2629280786133,96.2629280786133,0,0,0
1149,4.14200641071849,4.14200641071849,0.583052704211499,0.583052704211499,96.2596888830029,96.2596888830029,0,0,0
1150,4.14197081066481,4.14197081066481,0.583047692942682,0.583047692942682,96.256449715233,96.256449715233,0,0,0
1151,4.14193521091759,4.14193521091759,0.583042681717003,0.583042681717003,96.2532105753033,96.2532105753033,0,0,0
1152,4.14189961147683,4.14189961147683,0.583037670534464,0.583037670534464,96.2499714632137,96.2499714632137,0,0,0
1153,4.14186401234253,4.14186401234253,0.583032659395063,0.583032659395063,96.2467323789639,96.2467323789639,0,0,0
1154,4.14182841351468,4.14182841351468,0.583027648298801,0.583027648298801,96.2434933225536,96.2434933225536,0,0,0
1155,4.14179281499328,4.14179281499328,0.583022637245676,0.583022637245676,96.2402542939826,96.2402542939826,0,0,0
1156,4.14175721677833,4.14175721677833,0.583017626235689,0.583017626235689,96.2370152932507,96.2370152932507,0,0,0
1157,4.14172161886983,4.14172161886983,0.583012615268839,0.583012615268839,96.2337763203576,96.2337763203576,0,0,0
1158,4.14168602126777,4.14168602126777,0.583007604345126,0.583007604345126,96.2305373753031,96.2305373753031,0,0,0
1159,4.14165042397215,4.14165042397215,0.583002593464549,0.583002593464549,96.227298458087,96.227298458087,0,0,0
1160,4.14161482698297,4.14161482698297,0.582997582627108,0.582997582627108,96.2240595687089,96.2240595687089,0,0,0
1161,4.14157923030023,4.14157923030023,0.582992571832802,0.582992571832802,96.2208207071688,96.2208207071688,0,0,0
1162,4.14154363392391,4.14154363392391,0.582987561081632,0.582987561081632,96.2175818734662,96.2175818734662,0,0,0
1163,4.14150803785403,4.14150803785403,0.582982550373597,0.582982550373597,96.214343067601,96.214343067601,0,0,0
1164,4.14147244209058,4.14147244209058,0.582977539708696,0.582977539708696,96.211104289573,96.211104289573,0,0,0
1165,4.14143684663355,4.14143684663355,0.58297252908693,0.58297252908693,96.2078655393819,96.2078655393819,0,0,0
1166,4.14140125148294,4.14140125148294,0.582967518508297,0.582967518508297,96.2046268170274,96.2046268170274,0,0,0
1167,4.14136565663875,4.14136565663875,0.582962507972797,0.582962507972797,96.2013881225094,96.2013881225094,0,0,0
1168,4.14133006210098,4.14133006210098,0.582957497480431,0.582957497480431,96.1981494558276,96.1981494558276,0,0,0
1169,4.14129446786962,4.14129446786962,0.582952487031197,0.582952487031197,96.1949108169817,96.1949108169817,0,0,0
1170,4.14125887394468,4.14125887394468,0.582947476625095,0.582947476625095,96.1916722059715,96.1916722059715,0,0,0
1171,4.14122328032614,4.14122328032614,0.582942466262126,0.582942466262126,96.1884336227968,96.1884336227968,0,0,0
1172,4.14118768701401,4.14118768701401,0.582937455942288,0.582937455942288,96.1851950674573,96.1851950674573,0,0,0
1173,4.14115209400829,4.14115209400829,0.582932445665581,0.582932445665581,96.1819565399528,96.1819565399528,0,0,0
1174,4.14111650130896,4.14111650130896,0.582927435432005,0.582927435432005,96.1787180402831,96.1787180402831,0,0,0
1175,4.14108090891603,4.14108090891603,0.582922425241559,0.582922425241559,96.1754795684479,96.1754795684479,0,0,0
1176,4.1410453168295,4.1410453168295,0.582917415094243,0.582917415094243,96.1722411244469,96.1722411244469,0,0,0
1177,4.14100972504936,4.14100972504936,0.582912404990057,0.582912404990057,96.16900270828,96.16900270828,0,0,0
1178,4.14097413357562,4.14097413357562,0.582907394929,0.582907394929,96.1657643199469,96.1657643199469,0,0,0
1179,4.14093854240826,4.14093854240826,0.582902384911072,0.582902384911072,96.1625259594473,96.1625259594473,0,0,0
1180,4.14090295154728,4.14090295154728,0.582897374936273,0.582897374936273,96.159287626781,96.159287626781,0,0,0
1181,4.14086736099269,4.14086736099269,0.582892365004602,0.582892365004602,96.1560493219478,96.1560493219478,0,0,0
1182,4.14083177074448,4.14083177074448,0.582887355116058,0.582887355116058,96.1528110449475,96.1528110449475,0,0,0
1183,4.14079618080265,4.14079618080265,0.582882345270643,0.582882345270643,96.1495727957797,96.1495727957797,0,0,0
1184,4.14076059116718,4.14076059116718,0.582877335468354,0.582877335468354,96.1463345744443,96.1463345744443,0,0,0
1185,4.1407250018381,4.1407250018381,0.582872325709192,0.582872325709192,96.1430963809411,96.1430963809411,0,0,0
1186,4.14068941281538,4.14068941281538,0.582867315993156,0.582867315993156,96.1398582152697,96.1398582152697,0,0,0
1187,4.14065382409903,4.14065382409903,0.582862306320246,0.582862306320246,96.1366200774299,96.1366200774299,0,0,0
1188,4.14061823568904,4.14061823568904,0.582857296690461,0.582857296690461,96.1333819674215,96.1333819674215,0,0,0
1189,4.14058264758541,4.14058264758541,0.582852287103802,0.582852287103802,96.1301438852443,96.1301438852443,0,0,0
1190,4.14054705978814,4.14054705978814,0.582847277560268,0.582847277560268,96.1269058308979,96.1269058308979,0,0,0
1191,4.14051147229723,4.14051147229723,0.582842268059858,0.582842268059858,96.1236678043823,96.1236678043823,0,0,0
1192,4.14047588511267,4.14047588511267,0.582837258602572,0.582837258602572,96.1204298056971,96.1204298056971,0,0,0
1193,4.14044029823447,4.14044029823447,0.58283224918841,0.58283224918841,96.1171918348421,96.1171918348421,0,0,0
1194,4.14040471166261,4.14040471166261,0.582827239817371,0.582827239817371,96.1139538918171,96.1139538918171,0,0,0
1195,4.14036912539709,4.14036912539709,0.582822230489456,0.582822230489456,96.1107159766218,96.1107159766218,0,0,0
1196,4.14033353943792,4.14033353943792,0.582817221204662,0.582817221204662,96.107478089256,96.107478089256,0,0,0
1197,4.14029795378509,4.14029795378509,0.582812211962991,0.582812211962991,96.1042402297194,96.1042402297194,0,0,0
1198,4.1402623684386,4.1402623684386,0.582807202764442,0.582807202764442,96.1010023980118,96.1010023980118,0,0,0
1199,4.14022678339844,4.14022678339844,0.582802193609015,0.582802193609015,96.097764594133,96.097764594133,0,0,0
1200,4.14019119866461,4.14019119866461,0.582797184496708,0.582797184496708,96.0945268180827,96.0945268180827,0,0,0
1201,4.14015561423712,4.14015561423712,0.582792175427522,0.582792175427522,96.0912890698606,96.0912890698606,0,0,0
1202,4.14012003011595,4.14012003011595,0.582787166401456,0.582787166401456,96.0880513494666,96.0880513494666,0,0,0
1203,4.1400844463011,4.1400844463011,0.582782157418511,0.582782157418511,96.0848136569005,96.0848136569005,0,0,0
1204,4.14004886279258,4.14004886279258,0.582777148478685,0.582777148478685,96.0815759921618,96.0815759921618,0,0,0
1205,4.14001327959037,4.14001327959037,0.582772139581978,0.582772139581978,96.0783383552505,96.0783383552505,0,0,0
1206,4.13997769669449,4.13997769669449,0.58276713072839,0.58276713072839,96.0751007461663,96.0751007461663,0,0,0
1207,4.13994211410491,4.13994211410491,0.582762121917921,0.582762121917921,96.0718631649089,96.0718631649089,0,0,0
1208,4.13990653182165,4.13990653182165,0.58275711315057,0.58275711315057,96.0686256114782,96.0686256114782,0,0,0
1209,4.13987094984469,4.13987094984469,0.582752104426336,0.582752104426336,96.0653880858738,96.0653880858738,0,0,0
1210,4.13983536817404,4.13983536817404,0.58274709574522,0.58274709574522,96.0621505880955,96.0621505880955,0,0,0
1211,4.1397997868097,4.1397997868097,0.582742087107221,0.582742087107221,96.0589131181431,96.0589131181431,0,0,0
1212,4.13976420575165,4.13976420575165,0.582737078512338,0.582737078512338,96.0556756760164,96.0556756760164,0,0,0
1213,4.13972862499991,4.13972862499991,0.582732069960572,0.582732069960572,96.052438261715,96.052438261715,0,0,0
1214,4.13969304455445,4.13969304455445,0.582727061451922,0.582727061451922,96.0492008752389,96.0492008752389,0,0,0
1215,4.13965746441529,4.13965746441529,0.582722052986387,0.582722052986387,96.0459635165876,96.0459635165876,0,0,0
1216,4.13962188458242,4.13962188458242,0.582717044563967,0.582717044563967,96.0427261857611,96.0427261857611,0,0,0
1217,4.13958630505584,4.13958630505584,0.582712036184662,0.582712036184662,96.039488882759,96.039488882759,0,0,0
1218,4.13955072583554,4.13955072583554,0.582707027848472,0.582707027848472,96.0362516075811,96.0362516075811,0,0,0
1219,4.13951514692153,4.13951514692153,0.582702019555395,0.582702019555395,96.0330143602272,96.0330143602272,0,0,0
1220,4.13947956831379,4.13947956831379,0.582697011305432,0.582697011305432,96.029777140697,96.029777140697,0,0,0
1221,4.13944399001233,4.13944399001233,0.582692003098583,0.582692003098583,96.0265399489903,96.0265399489903,0,0,0
1222,4.13940841201715,4.13940841201715,0.582686994934846,0.582686994934846,96.0233027851068,96.0233027851068,0,0,0
1223,4.13937283432823,4.13937283432823,0.582681986814222,0.582681986814222,96.0200656490464,96.0200656490464,0,0,0
1224,4.13933725694559,4.13933725694559,0.58267697873671,0.58267697873671,96.0168285408087,96.0168285408087,0,0,0
1225,4.13930167986921,4.13930167986921,0.58267197070231,0.58267197070231,96.0135914603936,96.0135914603936,0,0,0
1226,4.13926610309909,4.13926610309909,0.582666962711021,0.582666962711021,96.0103544078008,96.0103544078008,0,0,0
1227,4.13923052663524,4.13923052663524,0.582661954762843,0.582661954762843,96.00711738303,96.00711738303,0,0,0
1228,4.13919495047764,4.13919495047764,0.582656946857776,0.582656946857776,96.0038803860811,96.0038803860811,0,0,0
1229,4.1391593746263,4.1391593746263,0.582651938995819,0.582651938995819,96.0006434169537,96.0006434169537,0,0,0
1230,4.13912379908121,4.13912379908121,0.582646931176973,0.582646931176973,95.9974064756476,95.9974064756476,0,0,0
1231,4.13908822384237,4.13908822384237,0.582641923401235,0.582641923401235,95.9941695621627,95.9941695621627,0,0,0
1232,4.13905264890978,4.13905264890978,0.582636915668607,0.582636915668607,95.9909326764986,95.9909326764986,0,0,0
1233,4.13901707428344,4.13901707428344,0.582631907979088,0.582631907979088,95.9876958186551,95.9876958186551,0,0,0
1234,4.13898149996334,4.13898149996334,0.582626900332677,0.582626900332677,95.9844589886319,95.9844589886319,0,0,0
1235,4.13894592594947,4.13894592594947,0.582621892729374,0.582621892729374,95.981222186429,95.981222186429,0,0,0
1236,4.13891035224185,4.13891035224185,0.582616885169179,0.582616885169179,95.9779854120459,95.9779854120459,0,0,0
1237,4.13887477884045,4.13887477884045,0.582611877652091,0.582611877652091,95.9747486654825,95.9747486654825,0,0,0
1238,4.13883920574529,4.13883920574529,0.58260687017811,0.58260687017811,95.9715119467385,95.9715119467385,0,0,0
1239,4.13880363295636,4.13880363295636,0.582601862747236,0.582601862747236,95.9682752558137,95.9682752558137,0,0,0
1240,4.13876806047366,4.13876806047366,0.582596855359468,0.582596855359468,95.9650385927079,95.9650385927079,0,0,0
1241,4.13873248829718,4.13873248829718,0.582591848014805,0.582591848014805,95.9618019574207,95.9618019574207,0,0,0
1242,4.13869691642692,4.13869691642692,0.582586840713249,0.582586840713249,95.958565349952,95.958565349952,0,0,0
1243,4.13866134486288,4.13866134486288,0.582581833454797,0.582581833454797,95.9553287703015,95.9553287703015,0,0,0
1244,4.13862577360505,4.13862577360505,0.58257682623945,0.58257682623945,95.952092218469,95.952092218469,0,0,0
1245,4.13859020265344,4.13859020265344,0.582571819067208,0.582571819067208,95.9488556944543,95.9488556944543,0,0,0
1246,4.13855463200804,4.13855463200804,0.582566811938069,0.582566811938069,95.945619198257,95.945619198257,0,0,0
1247,4.13851906166885,4.13851906166885,0.582561804852034,0.582561804852034,95.942382729877,95.942382729877,0,0,0
1248,4.13848349163586,4.13848349163586,0.582556797809102,0.582556797809102,95.939146289314,95.939146289314,0,0,0
1249,4.13844792190908,4.13844792190908,0.582551790809273,0.582551790809273,95.9359098765678,95.9359098765678,0,0,0
1250,4.13841235248849,4.13841235248849,0.582546783852547,0.582546783852547,95.9326734916382,95.9326734916382,0,0,0
1251,4.1383767833741,4.1383767833741,0.582541776938922,0.582541776938922,95.9294371345249,95.9294371345249,0,0,0
1252,4.13834121456591,4.13834121456591,0.5825367700684,0.5825367700684,95.9262008052276,95.9262008052276,0,0,0
1253,4.13830564606391,4.13830564606391,0.582531763240978,0.582531763240978,95.9229645037462,95.9229645037462,0,0,0
1254,4.1382700778681,4.1382700778681,0.582526756456658,0.582526756456658,95.9197282300804,95.9197282300804,0,0,0
1255,4.13823450997847,4.13823450997847,0.582521749715438,0.582521749715438,95.9164919842299,95.9164919842299,0,0,0
1256,4.13819894239503,4.13819894239503,0.582516743017319,0.582516743017319,95.9132557661945,95.9132557661945,0,0,0
1257,4.13816337511777,4.13816337511777,0.582511736362299,0.582511736362299,95.9100195759739,95.9100195759739,0,0,0
1258,4.13812780814669,4.13812780814669,0.582506729750379,0.582506729750379,95.9067834135681,95.9067834135681,0,0,0
1259,4.13809224148179,4.13809224148179,0.582501723181558,0.582501723181558,95.9035472789766,95.9035472789766,0,0,0
1260,4.13805667512306,4.13805667512306,0.582496716655836,0.582496716655836,95.9003111721992,95.9003111721992,0,0,0
1261,4.1380211090705,4.1380211090705,0.582491710173212,0.582491710173212,95.8970750932358,95.8970750932358,0,0,0
1262,4.13798554332411,4.13798554332411,0.582486703733686,0.582486703733686,95.893839042086,95.893839042086,0,0,0
1263,4.13794997788388,4.13794997788388,0.582481697337259,0.582481697337259,95.8906030187497,95.8906030187497,0,0,0
1264,4.13791441274982,4.13791441274982,0.582476690983928,0.582476690983928,95.8873670232266,95.8873670232266,0,0,0
1265,4.13787884792192,4.13787884792192,0.582471684673694,0.582471684673694,95.8841310555164,95.8841310555164,0,0,0
1266,4.13784328340017,4.13784328340017,0.582466678406556,0.582466678406556,95.8808951156189,95.8808951156189,0,0,0
1267,4.13780771918459,4.13780771918459,0.582461672182515,0.582461672182515,95.8776592035339,95.8776592035339,0,0,0
1268,4.13777215527515,4.13777215527515,0.582456666001569,0.582456666001569,95.8744233192612,95.8744233192612,0,0,0
1269,4.13773659167186,4.13773659167186,0.582451659863719,0.582451659863719,95.8711874628004,95.8711874628004,0,0,0
1270,4.13770102837472,4.13770102837472,0.582446653768964,0.582446653768964,95.8679516341514,95.8679516341514,0,0,0
1271,4.13766546538373,4.13766546538373,0.582441647717304,0.582441647717304,95.8647158333139,95.8647158333139,0,0,0
1272,4.13762990269887,4.13762990269887,0.582436641708738,0.582436641708738,95.8614800602877,95.8614800602877,0,0,0
1273,4.13759434032016,4.13759434032016,0.582431635743266,0.582431635743266,95.8582443150726,95.8582443150726,0,0,0
1274,4.13755877824758,4.13755877824758,0.582426629820887,0.582426629820887,95.8550085976682,95.8550085976682,0,0,0
1275,4.13752321648114,4.13752321648114,0.582421623941602,0.582421623941602,95.8517729080744,95.8517729080744,0,0,0
1276,4.13748765502082,4.13748765502082,0.582416618105409,0.582416618105409,95.8485372462909,95.8485372462909,0,0,0
1277,4.13745209386664,4.13745209386664,0.582411612312309,0.582411612312309,95.8453016123175,95.8453016123175,0,0,0
1278,4.13741653301858,4.13741653301858,0.582406606562301,0.582406606562301,95.842066006154,95.842066006154,0,0,0
1279,4.13738097247665,4.13738097247665,0.582401600855384,0.582401600855384,95.8388304278,95.8388304278,0,0,0
1280,4.13734541224084,4.13734541224084,0.582396595191559,0.582396595191559,95.8355948772554,95.8355948772554,0,0,0
1281,4.13730985231114,4.13730985231114,0.582391589570825,0.582391589570825,95.83235935452,95.83235935452,0,0,0
1282,4.13727429268756,4.13727429268756,0.582386583993181,0.582386583993181,95.8291238595934,95.8291238595934,0,0,0
1283,4.13723873337009,4.13723873337009,0.582381578458628,0.582381578458628,95.8258883924754,95.8258883924754,0,0,0
1284,4.13720317435873,4.13720317435873,0.582376572967164,0.582376572967164,95.8226529531659,95.8226529531659,0,0,0
1285,4.13716761565349,4.13716761565349,0.58237156751879,0.58237156751879,95.8194175416645,95.8194175416645,0,0,0
1286,4.13713205725434,4.13713205725434,0.582366562113505,0.582366562113505,95.8161821579711,95.8161821579711,0,0,0
1287,4.1370964991613,4.1370964991613,0.582361556751309,0.582361556751309,95.8129468020853,95.8129468020853,0,0,0
1288,4.13706094137435,4.13706094137435,0.582356551432201,0.582356551432201,95.809711474007,95.809711474007,0,0,0
1289,4.13702538389351,4.13702538389351,0.582351546156181,0.582351546156181,95.8064761737359,95.8064761737359,0,0,0
1290,4.13698982671876,4.13698982671876,0.582346540923248,0.582346540923248,95.8032409012718,95.8032409012718,0,0,0
1291,4.1369542698501,4.1369542698501,0.582341535733403,0.582341535733403,95.8000056566144,95.8000056566144,0,0,0
1292,4.13691871328753,4.13691871328753,0.582336530586645,0.582336530586645,95.7967704397635,95.7967704397635,0,0,0
1293,4.13688315703104,4.13688315703104,0.582331525482973,0.582331525482973,95.7935352507188,95.7935352507188,0,0,0
1294,4.13684760108064,4.13684760108064,0.582326520422387,0.582326520422387,95.7903000894802,95.7903000894802,0,0,0
1295,4.13681204543632,4.13681204543632,0.582321515404887,0.582321515404887,95.7870649560473,95.7870649560473,0,0,0
1296,4.13677649009808,4.13677649009808,0.582316510430473,0.582316510430473,95.78382985042,95.78382985042,0,0,0
1297,4.13674093506591,4.13674093506591,0.582311505499143,0.582311505499143,95.7805947725979,95.7805947725979,0,0,0
1298,4.13670538033982,4.13670538033982,0.582306500610898,0.582306500610898,95.7773597225809,95.7773597225809,0,0,0
1299,4.1366698259198,4.1366698259198,0.582301495765737,0.582301495765737,95.7741247003688,95.7741247003688,0,0,0
1300,4.13663427180584,4.13663427180584,0.58229649096366,0.58229649096366,95.7708897059612,95.7708897059612,0,0,0
1301,4.13659871799795,4.13659871799795,0.582291486204667,0.582291486204667,95.7676547393579,95.7676547393579,0,0,0
1302,4.13656316449612,4.13656316449612,0.582286481488756,0.582286481488756,95.7644198005587,95.7644198005587,0,0,0
1303,4.13652761130036,4.13652761130036,0.582281476815929,0.582281476815929,95.7611848895634,95.7611848895634,0,0,0
1304,4.13649205841065,4.13649205841065,0.582276472186183,0.582276472186183,95.7579500063717,95.7579500063717,0,0,0
1305,4.13645650582699,4.13645650582699,0.582271467599521,0.582271467599521,95.7547151509834,95.7547151509834,0,0,0
1306,4.13642095354939,4.13642095354939,0.582266463055939,0.582266463055939,95.7514803233983,95.7514803233983,0,0,0
1307,4.13638540157784,4.13638540157784,0.582261458555439,0.582261458555439,95.748245523616,95.748245523616,0,0,0
1308,4.13634984991233,4.13634984991233,0.582256454098019,0.582256454098019,95.7450107516364,95.7450107516364,0,0,0
1309,4.13631429855287,4.13631429855287,0.582251449683681,0.582251449683681,95.7417760074592,95.7417760074592,0,0,0
1310,4.13627874749945,4.13627874749945,0.582246445312422,0.582246445312422,95.7385412910842,95.7385412910842,0,0,0
1311,4.13624319675206,4.13624319675206,0.582241440984243,0.582241440984243,95.7353066025111,95.7353066025111,0,0,0
1312,4.13620764631072,4.13620764631072,0.582236436699144,0.582236436699144,95.7320719417398,95.7320719417398,0,0,0
1313,4.1361720961754,4.1361720961754,0.582231432457123,0.582231432457123,95.7288373087699,95.7288373087699,0,0,0
1314,4.13613654634612,4.13613654634612,0.582226428258181,0.582226428258181,95.7256027036012,95.7256027036012,0,0,0
1315,4.13610099682287,4.13610099682287,0.582221424102318,0.582221424102318,95.7223681262335,95.7223681262335,0,0,0
1316,4.13606544760564,4.13606544760564,0.582216419989532,0.582216419989532,95.7191335766666,95.7191335766666,0,0,0
1317,4.13602989869443,4.13602989869443,0.582211415919824,0.582211415919824,95.7158990549001,95.7158990549001,0,0,0
1318,4.13599435008925,4.13599435008925,0.582206411893193,0.582206411893193,95.712664560934,95.712664560934,0,0,0
1319,4.13595880179008,4.13595880179008,0.582201407909639,0.582201407909639,95.7094300947678,95.7094300947678,0,0,0
1320,4.13592325379693,4.13592325379693,0.582196403969162,0.582196403969162,95.7061956564015,95.7061956564015,0,0,0
1321,4.13588770610979,4.13588770610979,0.58219140007176,0.58219140007176,95.7029612458347,95.7029612458347,0,0,0
1322,4.13585215872865,4.13585215872865,0.582186396217434,0.582186396217434,95.6997268630672,95.6997268630672,0,0,0
1323,4.13581661165353,4.13581661165353,0.582181392406184,0.582181392406184,95.6964925080988,95.6964925080988,0,0,0
1324,4.13578106488441,4.13578106488441,0.582176388638008,0.582176388638008,95.6932581809292,95.6932581809292,0,0,0
1325,4.13574551842129,4.13574551842129,0.582171384912907,0.582171384912907,95.6900238815582,95.6900238815582,0,0,0
1326,4.13570997226418,4.13570997226418,0.582166381230881,0.582166381230881,95.6867896099855,95.6867896099855,0,0,0
1327,4.13567442641305,4.13567442641305,0.582161377591928,0.582161377591928,95.683555366211,95.683555366211,0,0,0
1328,4.13563888086793,4.13563888086793,0.582156373996048,0.582156373996048,95.6803211502344,95.6803211502344,0,0,0
1329,4.13560333562879,4.13560333562879,0.582151370443242,0.582151370443242,95.6770869620553,95.6770869620553,0,0,0
1330,4.13556779069564,4.13556779069564,0.582146366933508,0.582146366933508,95.6738528016737,95.6738528016737,0,0,0
1331,4.13553224606848,4.13553224606848,0.582141363466847,0.582141363466847,95.6706186690893,95.6706186690893,0,0,0
1332,4.1354967017473,4.1354967017473,0.582136360043257,0.582136360043257,95.6673845643017,95.6673845643017,0,0,0
1333,4.1354611577321,4.1354611577321,0.58213135666274,0.58213135666274,95.6641504873108,95.6641504873108,0,0,0
1334,4.13542561402288,4.13542561402288,0.582126353325293,0.582126353325293,95.6609164381164,95.6609164381164,0,0,0
1335,4.13539007061964,4.13539007061964,0.582121350030917,0.582121350030917,95.6576824167182,95.6576824167182,0,0,0
1336,4.13535452752236,4.13535452752236,0.582116346779612,0.582116346779612,95.6544484231159,95.6544484231159,0,0,0
1337,4.13531898473106,4.13531898473106,0.582111343571377,0.582111343571377,95.6512144573094,95.6512144573094,0,0,0
1338,4.13528344224573,4.13528344224573,0.582106340406212,0.582106340406212,95.6479805192983,95.6479805192983,0,0,0
1339,4.13524790006636,4.13524790006636,0.582101337284116,0.582101337284116,95.6447466090825,95.6447466090825,0,0,0
1340,4.13521235819295,4.13521235819295,0.582096334205089,0.582096334205089,95.6415127266616,95.6415127266616,0,0,0
1341,4.1351768166255,4.1351768166255,0.58209133116913,0.58209133116913,95.6382788720356,95.6382788720356,0,0,0
1342,4.13514127536401,4.13514127536401,0.58208632817624,0.58208632817624,95.6350450452041,95.6350450452041,0,0,0
1343,4.13510573440847,4.13510573440847,0.582081325226418,0.582081325226418,95.6318112461668,95.6318112461668,0,0,0
1344,4.13507019375889,4.13507019375889,0.582076322319663,0.582076322319663,95.6285774749236,95.6285774749236,0,0,0
1345,4.13503465341525,4.13503465341525,0.582071319455975,0.582071319455975,95.6253437314742,95.6253437314742,0,0,0
1346,4.13499911337756,4.13499911337756,0.582066316635354,0.582066316635354,95.6221100158184,95.6221100158184,0,0,0
1347,4.13496357364581,4.13496357364581,0.5820613138578,0.5820613138578,95.6188763279559,95.6188763279559,0,0,0
1348,4.13492803422,4.13492803422,0.582056311123312,0.582056311123312,95.6156426678865,95.6156426678865,0,0,0
1349,4.13489249510014,4.13489249510014,0.582051308431889,0.582051308431889,95.6124090356099,95.6124090356099,0,0,0
1350,4.13485695628621,4.13485695628621,0.582046305783531,0.582046305783531,95.609175431126,95.609175431126,0,0,0
1351,4.13482141777821,4.13482141777821,0.582041303178239,0.582041303178239,95.6059418544344,95.6059418544344,0,0,0
1352,4.13478587957614,4.13478587957614,0.582036300616011,0.582036300616011,95.602708305535,95.602708305535,0,0,0
1353,4.13475034168,4.13475034168,0.582031298096847,0.582031298096847,95.5994747844275,95.5994747844275,0,0,0
1354,4.13471480408978,4.13471480408978,0.582026295620746,0.582026295620746,95.5962412911116,95.5962412911116,0,0,0
1355,4.13467926680549,4.13467926680549,0.58202129318771,0.58202129318771,95.5930078255871,95.5930078255871,0,0,0
1356,4.13464372982712,4.13464372982712,0.582016290797736,0.582016290797736,95.5897743878538,95.5897743878538,0,0,0
1357,4.13460819315466,4.13460819315466,0.582011288450825,0.582011288450825,95.5865409779114,95.5865409779114,0,0,0
1358,4.13457265678812,4.13457265678812,0.582006286146977,0.582006286146977,95.5833075957597,95.5833075957597,0,0,0
1359,4.13453712072749,4.13453712072749,0.58200128388619,0.58200128388619,95.5800742413985,95.5800742413985,0,0,0
1360,4.13450158497277,4.13450158497277,0.581996281668465,0.581996281668465,95.5768409148275,95.5768409148275,0,0,0
1361,4.13446604952396,4.13446604952396,0.5819912794938,0.5819912794938,95.5736076160465,95.5736076160465,0,0,0
1362,4.13443051438105,4.13443051438105,0.581986277362197,0.581986277362197,95.5703743450552,95.5703743450552,0,0,0
1363,4.13439497954404,4.13439497954404,0.581981275273654,0.581981275273654,95.5671411018534,95.5671411018534,0,0,0
1364,4.13435944501293,4.13435944501293,0.581976273228172,0.581976273228172,95.5639078864409,95.5639078864409,0,0,0
1365,4.13432391078772,4.13432391078772,0.581971271225749,0.581971271225749,95.5606746988174,95.5606746988174,0,0,0
1366,4.1342883768684,4.1342883768684,0.581966269266385,0.581966269266385,95.5574415389827,95.5574415389827,0,0,0
1367,4.13425284325497,4.13425284325497,0.58196126735008,0.58196126735008,95.5542084069365,95.5542084069365,0,0,0
1368,4.13421730994743,4.13421730994743,0.581956265476834,0.581956265476834,95.5509753026786,95.5509753026786,0,0,0
1369,4.13418177694577,4.13418177694577,0.581951263646646,0.581951263646646,95.5477422262088,95.5477422262088,0,0,0
1370,4.13414624425,4.13414624425,0.581946261859516,0.581946261859516,95.5445091775268,95.5445091775268,0,0,0
1371,4.13411071186011,4.13411071186011,0.581941260115443,0.581941260115443,95.5412761566324,95.5412761566324,0,0,0
1372,4.1340751797761,4.1340751797761,0.581936258414428,0.581936258414428,95.5380431635254,95.5380431635254,0,0,0
1373,4.13403964799795,4.13403964799795,0.581931256756469,0.581931256756469,95.5348101982054,95.5348101982054,0,0,0
1374,4.13400411652569,4.13400411652569,0.581926255141566,0.581926255141566,95.5315772606724,95.5315772606724,0,0,0
1375,4.13396858535929,4.13396858535929,0.58192125356972,0.58192125356972,95.5283443509259,95.5283443509259,0,0,0
1376,4.13393305449876,4.13393305449876,0.581916252040929,0.581916252040929,95.5251114689659,95.5251114689659,0,0,0
1377,4.13389752394409,4.13389752394409,0.581911250555194,0.581911250555194,95.521878614792,95.521878614792,0,0,0
1378,4.13386199369529,4.13386199369529,0.581906249112513,0.581906249112513,95.518645788404,95.518645788404,0,0,0
1379,4.13382646375234,4.13382646375234,0.581901247712886,0.581901247712886,95.5154129898017,95.5154129898017,0,0,0
1380,4.13379093411526,4.13379093411526,0.581896246356314,0.581896246356314,95.5121802189849,95.5121802189849,0,0,0
1381,4.13375540478402,4.13375540478402,0.581891245042796,0.581891245042796,95.5089474759532,95.5089474759532,0,0,0
1382,4.13371987575864,4.13371987575864,0.581886243772331,0.581886243772331,95.5057147607065,95.5057147607065,0,0,0
1383,4.1336843470391,4.1336843470391,0.581881242544919,0.581881242544919,95.5024820732444,95.5024820732444,0,0,0
1384,4.13364881862541,4.13364881862541,0.581876241360559,0.581876241360559,95.4992494135669,95.4992494135669,0,0,0
1385,4.13361329051757,4.13361329051757,0.581871240219252,0.581871240219252,95.4960167816736,95.4960167816736,0,0,0
1386,4.13357776271556,4.13357776271556,0.581866239120997,0.581866239120997,95.4927841775643,95.4927841775643,0,0,0
1387,4.13354223521939,4.13354223521939,0.581861238065793,0.581861238065793,95.4895516012388,95.4895516012388,0,0,0
1388,4.13350670802906,4.13350670802906,0.581856237053641,0.581856237053641,95.4863190526968,95.4863190526968,0,0,0
1389,4.13347118114456,4.13347118114456,0.581851236084539,0.581851236084539,95.483086531938,95.483086531938,0,0,0
1390,4.13343565456589,4.13343565456589,0.581846235158487,0.581846235158487,95.4798540389624,95.4798540389624,0,0,0
1391,4.13340012829305,4.13340012829305,0.581841234275486,0.581841234275486,95.4766215737695,95.4766215737695,0,0,0
1392,4.13336460232603,4.13336460232603,0.581836233435534,0.581836233435534,95.4733891363591,95.4733891363591,0,0,0
1393,4.13332907666484,4.13332907666484,0.581831232638632,0.581831232638632,95.4701567267311,95.4701567267311,0,0,0
1394,4.13329355130946,4.13329355130946,0.581826231884778,0.581826231884778,95.4669243448852,95.4669243448852,0,0,0
1395,4.13325802625991,4.13325802625991,0.581821231173973,0.581821231173973,95.4636919908211,95.4636919908211,0,0,0
1396,4.13322250151616,4.13322250151616,0.581816230506216,0.581816230506216,95.4604596645387,95.4604596645387,0,0,0
1397,4.13318697707823,4.13318697707823,0.581811229881507,0.581811229881507,95.4572273660376,95.4572273660376,0,0,0
1398,4.1331514529461,4.1331514529461,0.581806229299846,0.581806229299846,95.4539950953176,95.4539950953176,0,0,0
1399,4.13311592911979,4.13311592911979,0.581801228761231,0.581801228761231,95.4507628523785,95.4507628523785,0,0,0
1400,4.13308040559927,4.13308040559927,0.581796228265663,0.581796228265663,95.4475306372201,95.4475306372201,0,0,0
1401,4.13304488238456,4.13304488238456,0.581791227813142,0.581791227813142,95.4442984498421,95.4442984498421,0,0,0
1402,4.13300935947564,4.13300935947564,0.581786227403666,0.581786227403666,95.4410662902443,95.4410662902443,0,0,0
1403,4.13297383687253,4.13297383687253,0.581781227037236,0.581781227037236,95.4378341584264,95.4378341584264,0,0,0
1404,4.1329383145752,4.1329383145752,0.581776226713851,0.581776226713851,95.4346020543882,95.4346020543882,0,0,0
1405,4.13290279258366,4.13290279258366,0.581771226433511,0.581771226433511,95.4313699781294,95.4313699781294,0,0,0
1406,4.13286727089792,4.13286727089792,0.581766226196216,0.581766226196216,95.4281379296498,95.4281379296498,0,0,0
1407,4.13283174951795,4.13283174951795,0.581761226001964,0.581761226001964,95.4249059089493,95.4249059089493,0,0,0
1408,4.13279622844377,4.13279622844377,0.581756225850756,0.581756225850756,95.4216739160274,95.4216739160274,0,0,0
1409,4.13276070767538,4.13276070767538,0.581751225742592,0.581751225742592,95.4184419508841,95.4184419508841,0,0,0
1410,4.13272518721275,4.13272518721275,0.581746225677471,0.581746225677471,95.415210013519,95.415210013519,0,0,0
1411,4.1326896670559,4.1326896670559,0.581741225655392,0.581741225655392,95.411978103932,95.411978103932,0,0,0
1412,4.13265414720483,4.13265414720483,0.581736225676355,0.581736225676355,95.4087462221227,95.4087462221227,0,0,0
1413,4.13261862765952,4.13261862765952,0.58173122574036,0.58173122574036,95.405514368091,95.405514368091,0,0,0
1414,4.13258310841998,4.13258310841998,0.581726225847407,0.581726225847407,95.4022825418365,95.4022825418365,0,0,0
1415,4.1325475894862,4.1325475894862,0.581721225997495,0.581721225997495,95.3990507433592,95.3990507433592,0,0,0
1416,4.13251207085819,4.13251207085819,0.581716226190623,0.581716226190623,95.3958189726586,95.3958189726586,0,0,0
1417,4.13247655253593,4.13247655253593,0.581711226426792,0.581711226426792,95.3925872297347,95.3925872297347,0,0,0
1418,4.13244103451943,4.13244103451943,0.581706226706001,0.581706226706001,95.3893555145871,95.3893555145871,0,0,0
1419,4.13240551680869,4.13240551680869,0.58170122702825,0.58170122702825,95.3861238272156,95.3861238272156,0,0,0
1420,4.13236999940369,4.13236999940369,0.581696227393538,0.581696227393538,95.38289216762,95.38289216762,0,0,0
1421,4.13233448230444,4.13233448230444,0.581691227801864,0.581691227801864,95.3796605358,95.3796605358,0,0,0
1422,4.13229896551094,4.13229896551094,0.58168622825323,0.58168622825323,95.3764289317554,95.3764289317554,0,0,0
1423,4.13226344902318,4.13226344902318,0.581681228747633,0.581681228747633,95.3731973554859,95.3731973554859,0,0,0
1424,4.13222793284116,4.13222793284116,0.581676229285074,0.581676229285074,95.3699658069913,95.3699658069913,0,0,0
1425,4.13219241696488,4.13219241696488,0.581671229865552,0.581671229865552,95.3667342862714,95.3667342862714,0,0,0
1426,4.13215690139434,4.13215690139434,0.581666230489068,0.581666230489068,95.363502793326,95.363502793326,0,0,0
1427,4.13212138612952,4.13212138612952,0.58166123115562,0.58166123115562,95.3602713281547,95.3602713281547,0,0,0
1428,4.13208587117044,4.13208587117044,0.581656231865208,0.581656231865208,95.3570398907574,95.3570398907574,0,0,0
1429,4.13205035651708,4.13205035651708,0.581651232617833,0.581651232617833,95.3538084811338,95.3538084811338,0,0,0
1430,4.13201484216945,4.13201484216945,0.581646233413492,0.581646233413492,95.3505770992837,95.3505770992837,0,0,0
1431,4.13197932812754,4.13197932812754,0.581641234252187,0.581641234252187,95.3473457452069,95.3473457452069,0,0,0
1432,4.13194381439135,4.13194381439135,0.581636235133917,0.581636235133917,95.344114418903,95.344114418903,0,0,0
1433,4.13190830096087,4.13190830096087,0.581631236058681,0.581631236058681,95.3408831203719,95.3408831203719,0,0,0
1434,4.13187278783611,4.13187278783611,0.58162623702648,0.58162623702648,95.3376518496133,95.3376518496133,0,0,0
1435,4.13183727501706,4.13183727501706,0.581621238037312,0.581621238037312,95.334420606627,95.334420606627,0,0,0
1436,4.13180176250372,4.13180176250372,0.581616239091177,0.581616239091177,95.3311893914127,95.3311893914127,0,0,0
1437,4.13176625029609,4.13176625029609,0.581611240188075,0.581611240188075,95.3279582039703,95.3279582039703,0,0,0
1438,4.13173073839415,4.13173073839415,0.581606241328006,0.581606241328006,95.3247270442994,95.3247270442994,0,0,0
1439,4.13169522679792,4.13169522679792,0.581601242510969,0.581601242510969,95.3214959123998,95.3214959123998,0,0,0
1440,4.13165971550739,4.13165971550739,0.581596243736963,0.581596243736963,95.3182648082713,95.3182648082713,0,0,0
1441,4.13162420452255,4.13162420452255,0.58159124500599,0.58159124500599,95.3150337319137,95.3150337319137,0,0,0
1442,4.1315886938434,4.1315886938434,0.581586246318047,0.581586246318047,95.3118026833266,95.3118026833266,0,0,0
1443,4.13155318346995,4.13155318346995,0.581581247673135,0.581581247673135,95.30857166251,95.30857166251,0,0,0
1444,4.13151767340218,4.13151767340218,0.581576249071253,0.581576249071253,95.3053406694635,95.3053406694635,0,0,0
1445,4.1314821636401,4.1314821636401,0.581571250512401,0.581571250512401,95.3021097041868,95.3021097041868,0,0,0
1446,4.1314466541837,4.1314466541837,0.581566251996579,0.581566251996579,95.2988787666798,95.2988787666798,0,0,0
1447,4.13141114503298,4.13141114503298,0.581561253523786,0.581561253523786,95.2956478569423,95.2956478569423,0,0,0
1448,4.13137563618793,4.13137563618793,0.581556255094022,0.581556255094022,95.2924169749739,95.2924169749739,0,0,0
1449,4.13134012764856,4.13134012764856,0.581551256707287,0.581551256707287,95.2891861207744,95.2891861207744,0,0,0
1450,4.13130461941487,4.13130461941487,0.581546258363579,0.581546258363579,95.2859552943437,95.2859552943437,0,0,0
1451,4.13126911148684,4.13126911148684,0.581541260062899,0.581541260062899,95.2827244956813,95.2827244956813,0,0,0
1452,4.13123360386447,4.13123360386447,0.581536261805247,0.581536261805247,95.2794937247872,95.2794937247872,0,0,0
1453,4.13119809654778,4.13119809654778,0.581531263590622,0.581531263590622,95.2762629816611,95.2762629816611,0,0,0
1454,4.13116258953674,4.13116258953674,0.581526265419023,0.581526265419023,95.2730322663028,95.2730322663028,0,0,0
1455,4.13112708283136,4.13112708283136,0.58152126729045,0.58152126729045,95.2698015787119,95.2698015787119,0,0,0
1456,4.13109157643163,4.13109157643163,0.581516269204903,0.581516269204903,95.2665709188882,95.2665709188882,0,0,0
1457,4.13105607033756,4.13105607033756,0.581511271162382,0.581511271162382,95.2633402868316,95.2633402868316,0,0,0
1458,4.13102056454914,4.13102056454914,0.581506273162886,0.581506273162886,95.2601096825419,95.2601096825419,0,0,0
1459,4.13098505906637,4.13098505906637,0.581501275206415,0.581501275206415,95.2568791060186,95.2568791060186,0,0,0
1460,4.13094955388924,4.13094955388924,0.581496277292968,0.581496277292968,95.2536485572616,95.2536485572616,0,0,0
1461,4.13091404901776,4.13091404901776,0.581491279422545,0.581491279422545,95.2504180362707,95.2504180362707,0,0,0
1462,4.13087854445191,4.13087854445191,0.581486281595146,0.581486281595146,95.2471875430457,95.2471875430457,0,0,0
1463,4.13084304019171,4.13084304019171,0.58148128381077,0.58148128381077,95.2439570775862,95.2439570775862,0,0,0
1464,4.13080753623713,4.13080753623713,0.581476286069416,0.581476286069416,95.2407266398921,95.2407266398921,0,0,0
1465,4.13077203258819,4.13077203258819,0.581471288371086,0.581471288371086,95.237496229963,95.237496229963,0,0,0
1466,4.13073652924488,4.13073652924488,0.581466290715777,0.581466290715777,95.2342658477989,95.2342658477989,0,0,0
1467,4.1307010262072,4.1307010262072,0.581461293103491,0.581461293103491,95.2310354933994,95.2310354933994,0,0,0
1468,4.13066552347514,4.13066552347514,0.581456295534226,0.581456295534226,95.2278051667642,95.2278051667642,0,0,0
1469,4.1306300210487,4.1306300210487,0.581451298007981,0.581451298007981,95.2245748678933,95.2245748678933,0,0,0
1470,4.13059451892788,4.13059451892788,0.581446300524758,0.581446300524758,95.2213445967862,95.2213445967862,0,0,0
1471,4.13055901711268,4.13055901711268,0.581441303084555,0.581441303084555,95.2181143534428,95.2181143534428,0,0,0
1472,4.13052351560309,4.13052351560309,0.581436305687371,0.581436305687371,95.2148841378629,95.2148841378629,0,0,0
1473,4.13048801439911,4.13048801439911,0.581431308333208,0.581431308333208,95.2116539500462,95.2116539500462,0,0,0
1474,4.13045251350074,4.13045251350074,0.581426311022063,0.581426311022063,95.2084237899924,95.2084237899924,0,0,0
1475,4.13041701290797,4.13041701290797,0.581421313753937,0.581421313753937,95.2051936577013,95.2051936577013,0,0,0
1476,4.13038151262081,4.13038151262081,0.58141631652883,0.58141631652883,95.2019635531727,95.2019635531727,0,0,0
1477,4.13034601263925,4.13034601263925,0.581411319346741,0.581411319346741,95.1987334764064,95.1987334764064,0,0,0
1478,4.13031051296328,4.13031051296328,0.58140632220767,0.58140632220767,95.1955034274021,95.1955034274021,0,0,0
1479,4.13027501359291,4.13027501359291,0.581401325111615,0.581401325111615,95.1922734061595,95.1922734061595,0,0,0
1480,4.13023951452814,4.13023951452814,0.581396328058578,0.581396328058578,95.1890434126784,95.1890434126784,0,0,0
1481,4.13020401576895,4.13020401576895,0.581391331048557,0.581391331048557,95.1858134469587,95.1858134469587,0,0,0
1482,4.13016851731535,4.13016851731535,0.581386334081553,0.581386334081553,95.1825835089999,95.1825835089999,0,0,0
1483,4.13013301916734,4.13013301916734,0.581381337157564,0.581381337157564,95.179353598802,95.179353598802,0,0,0
1484,4.1300975213249,4.1300975213249,0.581376340276591,0.581376340276591,95.1761237163647,95.1761237163647,0,0,0
1485,4.13006202378805,4.13006202378805,0.581371343438633,0.581371343438633,95.1728938616877,95.1728938616877,0,0,0
1486,4.13002652655677,4.13002652655677,0.58136634664369,0.58136634664369,95.1696640347708,95.1696640347708,0,0,0
1487,4.12999102963107,4.12999102963107,0.581361349891761,0.581361349891761,95.1664342356137,95.1664342356137,0,0,0
1488,4.12995553301094,4.12995553301094,0.581356353182846,0.581356353182846,95.1632044642163,95.1632044642163,0,0,0
1489,4.12992003669637,4.12992003669637,0.581351356516944,0.581351356516944,95.1599747205782,95.1599747205782,0,0,0
1490,4.12988454068738,4.12988454068738,0.581346359894056,0.581346359894056,95.1567450046992,95.1567450046992,0,0,0
1491,4.12984904498394,4.12984904498394,0.581341363314181,0.581341363314181,95.1535153165792,95.1535153165792,0,0,0
1492,4.12981354958607,4.12981354958607,0.581336366777318,0.581336366777318,95.1502856562178,95.1502856562178,0,0,0
1493,4.12977805449376,4.12977805449376,0.581331370283468,0.581331370283468,95.1470560236149,95.1470560236149,0,0,0
1494,4.129742559707,4.129742559707,0.581326373832629,0.581326373832629,95.1438264187701,95.1438264187701,0,0,0
1495,4.12970706522579,4.12970706522579,0.581321377424801,0.581321377424801,95.1405968416832,95.1405968416832,0,0,0
1496,4.12967157105013,4.12967157105013,0.581316381059985,0.581316381059985,95.1373672923541,95.1373672923541,0,0,0
1497,4.12963607718002,4.12963607718002,0.581311384738179,0.581311384738179,95.1341377707824,95.1341377707824,0,0,0
1498,4.12960058361546,4.12960058361546,0.581306388459384,0.581306388459384,95.130908276968,95.130908276968,0,0,0
1499,4.12956509035644,4.12956509035644,0.581301392223598,0.581301392223598,95.1276788109105,95.1276788109105,0,0,0
1500,4.12952959740296,4.12952959740296,0.581296396030822,0.581296396030822,95.1244493726098,95.1244493726098,0,0,0
1501,4.12949410475501,4.12949410475501,0.581291399881055,0.581291399881055,95.1212199620656,95.1212199620656,0,0,0
1502,4.1294586124126,4.1294586124126,0.581286403774297,0.581286403774297,95.1179905792776,95.1179905792776,0,0,0
1503,4.12942312037573,4.12942312037573,0.581281407710547,0.581281407710547,95.1147612242457,95.1147612242457,0,0,0
1504,4.12938762864438,4.12938762864438,0.581276411689805,0.581276411689805,95.1115318969696,95.1115318969696,0,0,0
1505,4.12935213721855,4.12935213721855,0.581271415712071,0.581271415712071,95.108302597449,95.108302597449,0,0,0
1506,4.12931664609826,4.12931664609826,0.581266419777345,0.581266419777345,95.1050733256837,95.1050733256837,0,0,0
1507,4.12928115528348,4.12928115528348,0.581261423885625,0.581261423885625,95.1018440816735,95.1018440816735,0,0,0
1508,4.12924566477422,4.12924566477422,0.581256428036911,0.581256428036911,95.0986148654182,95.0986148654182,0,0,0
1509,4.12921017457047,4.12921017457047,0.581251432231204,0.581251432231204,95.0953856769174,95.0953856769174,0,0,0
1510,4.12917468467225,4.12917468467225,0.581246436468503,0.581246436468503,95.092156516171,95.092156516171,0,0,0
1511,4.12913919507953,4.12913919507953,0.581241440748807,0.581241440748807,95.0889273831787,95.0889273831787,0,0,0
1512,4.12910370579232,4.12910370579232,0.581236445072117,0.581236445072117,95.0856982779403,95.0856982779403,0,0,0
1513,4.12906821681061,4.12906821681061,0.58123144943843,0.58123144943843,95.0824692004555,95.0824692004555,0,0,0
1514,4.12903272813441,4.12903272813441,0.581226453847749,0.581226453847749,95.0792401507242,95.0792401507242,0,0,0
1515,4.1289972397637,4.1289972397637,0.581221458300071,0.581221458300071,95.076011128746,95.076011128746,0,0,0
1516,4.1289617516985,4.1289617516985,0.581216462795397,0.581216462795397,95.0727821345207,95.0727821345207,0,0,0
1517,4.12892626393879,4.12892626393879,0.581211467333726,0.581211467333726,95.0695531680481,95.0695531680481,0,0,0
1518,4.12889077648457,4.12889077648457,0.581206471915058,0.581206471915058,95.066324229328,95.066324229328,0,0,0
1519,4.12885528933584,4.12885528933584,0.581201476539392,0.581201476539392,95.06309531836,95.06309531836,0,0,0
1520,4.1288198024926,4.1288198024926,0.581196481206728,0.581196481206728,95.059866435144,95.059866435144,0,0,0
1521,4.12878431595484,4.12878431595484,0.581191485917066,0.581191485917066,95.0566375796798,95.0566375796798,0,0,0
1522,4.12874882972256,4.12874882972256,0.581186490670406,0.581186490670406,95.053408751967,95.053408751967,0,0,0
1523,4.12871334379577,4.12871334379577,0.581181495466746,0.581181495466746,95.0501799520055,95.0501799520055,0,0,0
1524,4.12867785817445,4.12867785817445,0.581176500306088,0.581176500306088,95.046951179795,95.046951179795,0,0,0
1525,4.1286423728586,4.1286423728586,0.581171505188429,0.581171505188429,95.0437224353353,95.0437224353353,0,0,0
1526,4.12860688784822,4.12860688784822,0.58116651011377,0.58116651011377,95.0404937186261,95.0404937186261,0,0,0
1527,4.12857140314332,4.12857140314332,0.581161515082111,0.581161515082111,95.0372650296672,95.0372650296672,0,0,0
1528,4.12853591874387,4.12853591874387,0.581156520093451,0.581156520093451,95.0340363684583,95.0340363684583,0,0,0
1529,4.1285004346499,4.1285004346499,0.581151525147789,0.581151525147789,95.0308077349993,95.0308077349993,0,0,0
1530,4.12846495086138,4.12846495086138,0.581146530245126,0.581146530245126,95.0275791292899,95.0275791292899,0,0,0
1531,4.12842946737832,4.12842946737832,0.581141535385461,0.581141535385461,95.0243505513298,95.0243505513298,0,0,0
1532,4.12839398420071,4.12839398420071,0.581136540568794,0.581136540568794,95.0211220011188,95.0211220011188,0,0,0
1533,4.12835850132856,4.12835850132856,0.581131545795124,0.581131545795124,95.0178934786566,95.0178934786566,0,0,0
1534,4.12832301876186,4.12832301876186,0.581126551064451,0.581126551064451,95.0146649839431,95.0146649839431,0,0,0
1535,4.1282875365006,4.1282875365006,0.581121556376774,0.581121556376774,95.011436516978,95.011436516978,0,0,0
1536,4.12825205454479,4.12825205454479,0.581116561732094,0.581116561732094,95.008208077761,95.008208077761,0,0,0
1537,4.12821657289443,4.12821657289443,0.581111567130409,0.581111567130409,95.0049796662919,95.0049796662919,0,0,0
1538,4.1281810915495,4.1281810915495,0.58110657257172,0.58110657257172,95.0017512825705,95.0017512825705,0,0,0
1539,4.12814561051001,4.12814561051001,0.581101578056026,0.581101578056026,94.9985229265965,94.9985229265965,0,0,0
1540,4.12811012977595,4.12811012977595,0.581096583583326,0.581096583583326,94.9952945983697,94.9952945983697,0,0,0
1541,4.12807464934732,4.12807464934732,0.581091589153621,0.581091589153621,94.9920662978899,94.9920662978899,0,0,0
1542,4.12803916922412,4.12803916922412,0.581086594766909,0.581086594766909,94.9888380251567,94.9888380251567,0,0,0
1543,4.12800368940635,4.12800368940635,0.581081600423191,0.581081600423191,94.9856097801701,94.9856097801701,0,0,0
1544,4.127968209894,4.127968209894,0.581076606122467,0.581076606122467,94.9823815629297,94.9823815629297,0,0,0
1545,4.12793273068708,4.12793273068708,0.581071611864735,0.581071611864735,94.9791533734353,94.9791533734353,0,0,0
1546,4.12789725178557,4.12789725178557,0.581066617649996,0.581066617649996,94.9759252116866,94.9759252116866,0,0,0
1547,4.12786177318948,4.12786177318948,0.581061623478249,0.581061623478249,94.9726970776834,94.9726970776834,0,0,0
1548,4.1278262948988,4.1278262948988,0.581056629349493,0.581056629349493,94.9694689714256,94.9694689714256,0,0,0
1549,4.12779081691353,4.12779081691353,0.581051635263729,0.581051635263729,94.9662408929128,94.9662408929128,0,0,0
1550,4.12775533923367,4.12775533923367,0.581046641220956,0.581046641220956,94.9630128421447,94.9630128421447,0,0,0
1551,4.12771986185921,4.12771986185921,0.581041647221173,0.581041647221173,94.9597848191213,94.9597848191213,0,0,0
1552,4.12768438479016,4.12768438479016,0.581036653264381,0.581036653264381,94.9565568238421,94.9565568238421,0,0,0
1553,4.12764890802651,4.12764890802651,0.581031659350578,0.581031659350578,94.9533288563071,94.9533288563071,0,0,0
1554,4.12761343156825,4.12761343156825,0.581026665479765,0.581026665479765,94.9501009165159,94.9501009165159,0,0,0
1555,4.12757795541539,4.12757795541539,0.581021671651941,0.581021671651941,94.9468730044682,94.9468730044682,0,0,0
1556,4.12754247956792,4.12754247956792,0.581016677867106,0.581016677867106,94.943645120164,94.943645120164,0,0,0
1557,4.12750700402584,4.12750700402584,0.581011684125259,0.581011684125259,94.9404172636029,94.9404172636029,0,0,0
1558,4.12747152878914,4.12747152878914,0.5810066904264,0.5810066904264,94.9371894347847,94.9371894347847,0,0,0
1559,4.12743605385783,4.12743605385783,0.581001696770528,0.581001696770528,94.9339616337091,94.9339616337091,0,0,0
1560,4.1274005792319,4.1274005792319,0.580996703157644,0.580996703157644,94.930733860376,94.930733860376,0,0,0
1561,4.12736510491136,4.12736510491136,0.580991709587747,0.580991709587747,94.927506114785,94.927506114785,0,0,0
1562,4.12732963089618,4.12732963089618,0.580986716060836,0.580986716060836,94.9242783969359,94.9242783969359,0,0,0
1563,4.12729415718638,4.12729415718638,0.580981722576912,0.580981722576912,94.9210507068286,94.9210507068286,0,0,0
1564,4.12725868378195,4.12725868378195,0.580976729135973,0.580976729135973,94.9178230444627,94.9178230444627,0,0,0
1565,4.12722321068289,4.12722321068289,0.58097173573802,0.58097173573802,94.9145954098381,94.9145954098381,0,0,0
1566,4.1271877378892,4.1271877378892,0.580966742383051,0.580966742383051,94.9113678029544,94.9113678029544,0,0,0
1567,4.12715226540086,4.12715226540086,0.580961749071068,0.580961749071068,94.9081402238114,94.9081402238114,0,0,0
1568,4.12711679321789,4.12711679321789,0.580956755802068,0.580956755802068,94.904912672409,94.904912672409,0,0,0
1569,4.12708132134028,4.12708132134028,0.580951762576053,0.580951762576053,94.9016851487468,94.9016851487468,0,0,0
1570,4.12704584976802,4.12704584976802,0.580946769393021,0.580946769393021,94.8984576528247,94.8984576528247,0,0,0
1571,4.12701037850111,4.12701037850111,0.580941776252972,0.580941776252972,94.8952301846423,94.8952301846423,0,0,0
1572,4.12697490753955,4.12697490753955,0.580936783155906,0.580936783155906,94.8920027441995,94.8920027441995,0,0,0
1573,4.12693943688335,4.12693943688335,0.580931790101822,0.580931790101822,94.888775331496,94.888775331496,0,0,0
1574,4.12690396653248,4.12690396653248,0.580926797090721,0.580926797090721,94.8855479465316,94.8855479465316,0,0,0
1575,4.12686849648695,4.12686849648695,0.580921804122601,0.580921804122601,94.882320589306,94.882320589306,0,0,0
1576,4.12683302674677,4.12683302674677,0.580916811197462,0.580916811197462,94.8790932598189,94.8790932598189,0,0,0
1577,4.12679755731192,4.12679755731192,0.580911818315305,0.580911818315305,94.8758659580703,94.8758659580703,0,0,0
1578,4.12676208818241,4.12676208818241,0.580906825476128,0.580906825476128,94.8726386840597,94.8726386840597,0,0,0
1579,4.12672661935823,4.12672661935823,0.58090183267993,0.58090183267993,94.869411437787,94.869411437787,0,0,0
1580,4.12669115083937,4.12669115083937,0.580896839926714,0.580896839926714,94.866184219252,94.866184219252,0,0,0
1581,4.12665568262584,4.12665568262584,0.580891847216476,0.580891847216476,94.8629570284544,94.8629570284544,0,0,0
1582,4.12662021471764,4.12662021471764,0.580886854549217,0.580886854549217,94.8597298653939,94.8597298653939,0,0,0
1583,4.12658474711476,4.12658474711476,0.580881861924938,0.580881861924938,94.8565027300704,94.8565027300704,0,0,0
1584,4.12654927981719,4.12654927981719,0.580876869343636,0.580876869343636,94.8532756224835,94.8532756224835,0,0,0
1585,4.12651381282494,4.12651381282494,0.580871876805313,0.580871876805313,94.8500485426331,94.8500485426331,0,0,0
1586,4.126478346138,4.126478346138,0.580866884309967,0.580866884309967,94.8468214905188,94.8468214905188,0,0,0
1587,4.12644287975638,4.12644287975638,0.580861891857598,0.580861891857598,94.8435944661406,94.8435944661406,0,0,0
1588,4.12640741368006,4.12640741368006,0.580856899448206,0.580856899448206,94.840367469498,94.840367469498,0,0,0
1589,4.12637194790904,4.12637194790904,0.580851907081791,0.580851907081791,94.837140500591,94.837140500591,0,0,0
1590,4.12633648244333,4.12633648244333,0.580846914758352,0.580846914758352,94.8339135594192,94.8339135594192,0,0,0
1591,4.12630101728292,4.12630101728292,0.580841922477888,0.580841922477888,94.8306866459824,94.8306866459824,0,0,0
1592,4.1262655524278,4.1262655524278,0.5808369302404,0.5808369302404,94.8274597602804,94.8274597602804,0,0,0
1593,4.12623008787798,4.12623008787798,0.580831938045887,0.580831938045887,94.8242329023129,94.8242329023129,0,0,0
1594,4.12619462363345,4.12619462363345,0.580826945894348,0.580826945894348,94.8210060720797,94.8210060720797,0,0,0
1595,4.12615915969421,4.12615915969421,0.580821953785784,0.580821953785784,94.8177792695806,94.8177792695806,0,0,0
1596,4.12612369606026,4.12612369606026,0.580816961720194,0.580816961720194,94.8145524948152,94.8145524948152,0,0,0
1597,4.12608823273159,4.12608823273159,0.580811969697577,0.580811969697577,94.8113257477835,94.8113257477835,0,0,0
1598,4.1260527697082,4.1260527697082,0.580806977717933,0.580806977717933,94.8080990284851,94.8080990284851,0,0,0
1599,4.12601730699009,4.12601730699009,0.580801985781262,0.580801985781262,94.8048723369198,94.8048723369198,0,0,0
1600,4.12598184457725,4.12598184457725,0.580796993887564,0.580796993887564,94.8016456730874,94.8016456730874,0,0,0
1601,4.12594638246969,4.12594638246969,0.580792002036837,0.580792002036837,94.7984190369876,94.7984190369876,0,0,0
1602,4.1259109206674,4.1259109206674,0.580787010229083,0.580787010229083,94.7951924286201,94.7951924286201,0,0,0
1603,4.12587545917038,4.12587545917038,0.580782018464299,0.580782018464299,94.7919658479849,94.7919658479849,0,0,0
1604,4.12583999797862,4.12583999797862,0.580777026742486,0.580777026742486,94.7887392950815,94.7887392950815,0,0,0
1605,4.12580453709213,4.12580453709213,0.580772035063644,0.580772035063644,94.7855127699098,94.7855127699098,0,0,0
1606,4.12576907651089,4.12576907651089,0.580767043427772,0.580767043427772,94.7822862724695,94.7822862724695,0,0,0
1607,4.12573361623492,4.12573361623492,0.58076205183487,0.58076205183487,94.7790598027604,94.7790598027604,0,0,0
1608,4.1256981562642,4.1256981562642,0.580757060284938,0.580757060284938,94.7758333607823,94.7758333607823,0,0,0
1609,4.12566269659873,4.12566269659873,0.580752068777974,0.580752068777974,94.7726069465349,94.7726069465349,0,0,0
1610,4.12562723723851,4.12562723723851,0.580747077313979,0.580747077313979,94.769380560018,94.769380560018,0,0,0
1611,4.12559177818353,4.12559177818353,0.580742085892952,0.580742085892952,94.7661542012313,94.7661542012313,0,0,0
1612,4.12555631943381,4.12555631943381,0.580737094514894,0.580737094514894,94.7629278701746,94.7629278701746,0,0,0
1613,4.12552086098932,4.12552086098932,0.580732103179803,0.580732103179803,94.7597015668476,94.7597015668476,0,0,0
1614,4.12548540285007,4.12548540285007,0.580727111887679,0.580727111887679,94.7564752912502,94.7564752912502,0,0,0
1615,4.12544994501606,4.12544994501606,0.580722120638522,0.580722120638522,94.753249043382,94.753249043382,0,0,0
1616,4.12541448748728,4.12541448748728,0.580717129432331,0.580717129432331,94.7500228232429,94.7500228232429,0,0,0
1617,4.12537903026374,4.12537903026374,0.580712138269107,0.580712138269107,94.7467966308326,94.7467966308326,0,0,0
1618,4.12534357334542,4.12534357334542,0.580707147148848,0.580707147148848,94.7435704661509,94.7435704661509,0,0,0
1619,4.12530811673232,4.12530811673232,0.580702156071555,0.580702156071555,94.7403443291975,94.7403443291975,0,0,0
1620,4.12527266042446,4.12527266042446,0.580697165037226,0.580697165037226,94.7371182199722,94.7371182199722,0,0,0
1621,4.12523720442181,4.12523720442181,0.580692174045863,0.580692174045863,94.7338921384747,94.7338921384747,0,0,0
1622,4.12520174872438,4.12520174872438,0.580687183097463,0.580687183097463,94.7306660847048,94.7306660847048,0,0,0
1623,4.12516629333216,4.12516629333216,0.580682192192027,0.580682192192027,94.7274400586623,94.7274400586623,0,0,0
1624,4.12513083824516,4.12513083824516,0.580677201329555,0.580677201329555,94.724214060347,94.724214060347,0,0,0
1625,4.12509538346337,4.12509538346337,0.580672210510046,0.580672210510046,94.7209880897585,94.7209880897585,0,0,0
1626,4.12505992898678,4.12505992898678,0.5806672197335,0.5806672197335,94.7177621468967,94.7177621468967,0,0,0
1627,4.1250244748154,4.1250244748154,0.580662228999916,0.580662228999916,94.7145362317613,94.7145362317613,0,0,0
1628,4.12498902094922,4.12498902094922,0.580657238309294,0.580657238309294,94.7113103443521,94.7113103443521,0,0,0
1629,4.12495356738825,4.12495356738825,0.580652247661634,0.580652247661634,94.7080844846689,94.7080844846689,0,0,0
1630,4.12491811413246,4.12491811413246,0.580647257056935,0.580647257056935,94.7048586527113,94.7048586527113,0,0,0
1631,4.12488266118188,4.12488266118188,0.580642266495196,0.580642266495196,94.7016328484792,94.7016328484792,0,0,0
1632,4.12484720853648,4.12484720853648,0.580637275976419,0.580637275976419,94.6984070719723,94.6984070719723,0,0,0
1633,4.12481175619627,4.12481175619627,0.580632285500602,0.580632285500602,94.6951813231904,94.6951813231904,0,0,0
1634,4.12477630416125,4.12477630416125,0.580627295067744,0.580627295067744,94.6919556021332,94.6919556021332,0,0,0
1635,4.12474085243142,4.12474085243142,0.580622304677846,0.580622304677846,94.6887299088006,94.6887299088006,0,0,0
1636,4.12470540100676,4.12470540100676,0.580617314330907,0.580617314330907,94.6855042431922,94.6855042431922,0,0,0
1637,4.12466994988728,4.12466994988728,0.580612324026926,0.580612324026926,94.6822786053079,94.6822786053079,0,0,0
1638,4.12463449907298,4.12463449907298,0.580607333765904,0.580607333765904,94.6790529951473,94.6790529951473,0,0,0
1639,4.12459904856385,4.12459904856385,0.58060234354784,0.58060234354784,94.6758274127103,94.6758274127103,0,0,0
1640,4.12456359835989,4.12456359835989,0.580597353372733,0.580597353372733,94.6726018579966,94.6726018579966,0,0,0
1641,4.1245281484611,4.1245281484611,0.580592363240583,0.580592363240583,94.669376331006,94.669376331006,0,0,0
1642,4.12449269886748,4.12449269886748,0.580587373151391,0.580587373151391,94.6661508317383,94.6661508317383,0,0,0
1643,4.12445724957902,4.12445724957902,0.580582383105155,0.580582383105155,94.6629253601931,94.6629253601931,0,0,0
1644,4.12442180059572,4.12442180059572,0.580577393101874,0.580577393101874,94.6596999163703,94.6596999163703,0,0,0
1645,4.12438635191757,4.12438635191757,0.58057240314155,0.58057240314155,94.6564745002696,94.6564745002696,0,0,0
1646,4.12435090354458,4.12435090354458,0.580567413224181,0.580567413224181,94.6532491118908,94.6532491118908,0,0,0
1647,4.12431545547674,4.12431545547674,0.580562423349766,0.580562423349766,94.6500237512336,94.6500237512336,0,0,0
1648,4.12428000771405,4.12428000771405,0.580557433518307,0.580557433518307,94.6467984182978,94.6467984182978,0,0,0
1649,4.12424456025651,4.12424456025651,0.580552443729802,0.580552443729802,94.6435731130832,94.6435731130832,0,0,0
1650,4.12420911310411,4.12420911310411,0.58054745398425,0.58054745398425,94.6403478355896,94.6403478355896,0,0,0
1651,4.12417366625686,4.12417366625686,0.580542464281652,0.580542464281652,94.6371225858166,94.6371225858166,0,0,0
1652,4.12413821971474,4.12413821971474,0.580537474622007,0.580537474622007,94.6338973637641,94.6338973637641,0,0,0
1653,4.12410277347776,4.12410277347776,0.580532485005315,0.580532485005315,94.6306721694317,94.6306721694317,0,0,0
1654,4.12406732754591,4.12406732754591,0.580527495431575,0.580527495431575,94.6274470028194,94.6274470028194,0,0,0
1655,4.12403188191919,4.12403188191919,0.580522505900787,0.580522505900787,94.6242218639268,94.6242218639268,0,0,0
1656,4.1239964365976,4.1239964365976,0.580517516412951,0.580517516412951,94.6209967527537,94.6209967527537,0,0,0
1657,4.12396099158114,4.12396099158114,0.580512526968066,0.580512526968066,94.6177716692998,94.6177716692998,0,0,0
1658,4.1239255468698,4.1239255468698,0.580507537566132,0.580507537566132,94.614546613565,94.614546613565,0,0,0
1659,4.12389010246358,4.12389010246358,0.580502548207149,0.580502548207149,94.6113215855489,94.6113215855489,0,0,0
1660,4.12385465836248,4.12385465836248,0.580497558891115,0.580497558891115,94.6080965852514,94.6080965852514,0,0,0
1661,4.1238192145665,4.1238192145665,0.580492569618032,0.580492569618032,94.6048716126722,94.6048716126722,0,0,0
1662,4.12378377107562,4.12378377107562,0.580487580387897,0.580487580387897,94.6016466678111,94.6016466678111,0,0,0
1663,4.12374832788986,4.12374832788986,0.580482591200712,0.580482591200712,94.5984217506677,94.5984217506677,0,0,0
1664,4.1237128850092,4.1237128850092,0.580477602056476,0.580477602056476,94.595196861242,94.595196861242,0,0,0
1665,4.12367744243365,4.12367744243365,0.580472612955187,0.580472612955187,94.5919719995336,94.5919719995336,0,0,0
1666,4.1236420001632,4.1236420001632,0.580467623896847,0.580467623896847,94.5887471655424,94.5887471655424,0,0,0
1667,4.12360655819785,4.12360655819785,0.580462634881454,0.580462634881454,94.585522359268,94.585522359268,0,0,0
1668,4.1235711165376,4.1235711165376,0.580457645909009,0.580457645909009,94.5822975807102,94.5822975807102,0,0,0
1669,4.12353567518244,4.12353567518244,0.58045265697951,0.58045265697951,94.5790728298688,94.5790728298688,0,0,0
1670,4.12350023413237,4.12350023413237,0.580447668092958,0.580447668092958,94.5758481067436,94.5758481067436,0,0,0
1671,4.12346479338739,4.12346479338739,0.580442679249351,0.580442679249351,94.5726234113343,94.5726234113343,0,0,0
1672,4.1234293529475,4.1234293529475,0.580437690448691,0.580437690448691,94.5693987436407,94.5693987436407,0,0,0
1673,4.12339391281269,4.12339391281269,0.580432701690975,0.580432701690975,94.5661741036625,94.5661741036625,0,0,0
1674,4.12335847298296,4.12335847298296,0.580427712976205,0.580427712976205,94.5629494913995,94.5629494913995,0,0,0
1675,4.12332303345831,4.12332303345831,0.580422724304379,0.580422724304379,94.5597249068515,94.5597249068515,0,0,0
1676,4.12328759423874,4.12328759423874,0.580417735675498,0.580417735675498,94.5565003500182,94.5565003500182,0,0,0
1677,4.12325215532423,4.12325215532423,0.58041274708956,0.58041274708956,94.5532758208994,94.5532758208994,0,0,0
1678,4.1232167167148,4.1232167167148,0.580407758546566,0.580407758546566,94.5500513194949,94.5500513194949,0,0,0
1679,4.12318127841044,4.12318127841044,0.580402770046515,0.580402770046515,94.5468268458043,94.5468268458043,0,0,0
1680,4.12314584041114,4.12314584041114,0.580397781589406,0.580397781589406,94.5436023998275,94.5436023998275,0,0,0
1681,4.12311040271691,4.12311040271691,0.58039279317524,0.58039279317524,94.5403779815643,94.5403779815643,0,0,0
1682,4.12307496532773,4.12307496532773,0.580387804804016,0.580387804804016,94.5371535910143,94.5371535910143,0,0,0
1683,4.12303952824361,4.12303952824361,0.580382816475734,0.580382816475734,94.5339292281774,94.5339292281774,0,0,0
1684,4.12300409146455,4.12300409146455,0.580377828190392,0.580377828190392,94.5307048930533,94.5307048930533,0,0,0
1685,4.12296865499053,4.12296865499053,0.580372839947992,0.580372839947992,94.5274805856418,94.5274805856418,0,0,0
1686,4.12293321882157,4.12293321882157,0.580367851748532,0.580367851748532,94.5242563059426,94.5242563059426,0,0,0
1687,4.12289778295766,4.12289778295766,0.580362863592012,0.580362863592012,94.5210320539555,94.5210320539555,0,0,0
1688,4.12286234739878,4.12286234739878,0.580357875478432,0.580357875478432,94.5178078296803,94.5178078296803,0,0,0
1689,4.12282691214495,4.12282691214495,0.580352887407792,0.580352887407792,94.5145836331167,94.5145836331167,0,0,0
1690,4.12279147719616,4.12279147719616,0.58034789938009,0.58034789938009,94.5113594642645,94.5113594642645,0,0,0
1691,4.1227560425524,4.1227560425524,0.580342911395327,0.580342911395327,94.5081353231234,94.5081353231234,0,0,0
1692,4.12272060821368,4.12272060821368,0.580337923453503,0.580337923453503,94.5049112096933,94.5049112096933,0,0,0
1693,4.12268517417999,4.12268517417999,0.580332935554616,0.580332935554616,94.5016871239738,94.5016871239738,0,0,0
1694,4.12264974045133,4.12264974045133,0.580327947698667,0.580327947698667,94.4984630659648,94.4984630659648,0,0,0
1695,4.12261430702769,4.12261430702769,0.580322959885654,0.580322959885654,94.4952390356659,94.4952390356659,0,0,0
1696,4.12257887390907,4.12257887390907,0.580317972115579,0.580317972115579,94.492015033077,94.492015033077,0,0,0
1697,4.12254344109548,4.12254344109548,0.58031298438844,0.58031298438844,94.4887910581978,94.4887910581978,0,0,0
1698,4.1225080085869,4.1225080085869,0.580307996704238,0.580307996704238,94.4855671110281,94.4855671110281,0,0,0
1699,4.12247257638334,4.12247257638334,0.580303009062971,0.580303009062971,94.4823431915676,94.4823431915676,0,0,0
1700,4.12243714448479,4.12243714448479,0.580298021464639,0.580298021464639,94.4791192998161,94.4791192998161,0,0,0
1701,4.12240171289125,4.12240171289125,0.580293033909242,0.580293033909242,94.4758954357734,94.4758954357734,0,0,0
1702,4.12236628160272,4.12236628160272,0.58028804639678,0.58028804639678,94.4726715994392,94.4726715994392,0,0,0
1703,4.12233085061919,4.12233085061919,0.580283058927252,0.580283058927252,94.4694477908133,94.4694477908133,0,0,0
1704,4.12229541994067,4.12229541994067,0.580278071500657,0.580278071500657,94.4662240098954,94.4662240098954,0,0,0
1705,4.12225998956714,4.12225998956714,0.580273084116996,0.580273084116996,94.4630002566853,94.4630002566853,0,0,0
1706,4.12222455949861,4.12222455949861,0.580268096776269,0.580268096776269,94.4597765311828,94.4597765311828,0,0,0
1707,4.12218912973508,4.12218912973508,0.580263109478473,0.580263109478473,94.4565528333877,94.4565528333877,0,0,0
1708,4.12215370027653,4.12215370027653,0.580258122223611,0.580258122223611,94.4533291632996,94.4533291632996,0,0,0
1709,4.12211827112298,4.12211827112298,0.58025313501168,0.58025313501168,94.4501055209184,94.4501055209184,0,0,0
1710,4.12208284227441,4.12208284227441,0.580248147842681,0.580248147842681,94.4468819062438,94.4468819062438,0,0,0
1711,4.12204741373082,4.12204741373082,0.580243160716613,0.580243160716613,94.4436583192755,94.4436583192755,0,0,0
1712,4.12201198549221,4.12201198549221,0.580238173633476,0.580238173633476,94.4404347600134,94.4404347600134,0,0,0
1713,4.12197655755859,4.12197655755859,0.58023318659327,0.58023318659327,94.4372112284572,94.4372112284572,0,0,0
1714,4.12194112992993,4.12194112992993,0.580228199595993,0.580228199595993,94.4339877246066,94.4339877246066,0,0,0
1715,4.12190570260626,4.12190570260626,0.580223212641647,0.580223212641647,94.4307642484615,94.4307642484615,0,0,0
1716,4.12187027558755,4.12187027558755,0.580218225730229,0.580218225730229,94.4275408000216,94.4275408000216,0,0,0
1717,4.12183484887381,4.12183484887381,0.580213238861741,0.580213238861741,94.4243173792866,94.4243173792866,0,0,0
1718,4.12179942246503,4.12179942246503,0.580208252036181,0.580208252036181,94.4210939862563,94.4210939862563,0,0,0
1719,4.12176399636122,4.12176399636122,0.58020326525355,0.58020326525355,94.4178706209305,94.4178706209305,0,0,0
1720,4.12172857056236,4.12172857056236,0.580198278513846,0.580198278513846,94.4146472833089,94.4146472833089,0,0,0
1721,4.12169314506847,4.12169314506847,0.58019329181707,0.58019329181707,94.4114239733913,94.4114239733913,0,0,0
1722,4.12165771987953,4.12165771987953,0.580188305163222,0.580188305163222,94.4082006911774,94.4082006911774,0,0,0
1723,4.12162229499554,4.12162229499554,0.5801833185523,0.5801833185523,94.4049774366671,94.4049774366671,0,0,0
1724,4.1215868704165,4.1215868704165,0.580178331984304,0.580178331984304,94.40175420986,94.40175420986,0,0,0
1725,4.1215514461424,4.1215514461424,0.580173345459234,0.580173345459234,94.398531010756,94.398531010756,0,0,0
1726,4.12151602217325,4.12151602217325,0.580168358977091,0.580168358977091,94.3953078393548,94.3953078393548,0,0,0
1727,4.12148059850904,4.12148059850904,0.580163372537872,0.580163372537872,94.3920846956561,94.3920846956561,0,0,0
1728,4.12144517514977,4.12144517514977,0.580158386141578,0.580158386141578,94.3888615796598,94.3888615796598,0,0,0
1729,4.12140975209544,4.12140975209544,0.580153399788209,0.580153399788209,94.3856384913655,94.3856384913655,0,0,0
1730,4.12137432934604,4.12137432934604,0.580148413477764,0.580148413477764,94.3824154307731,94.3824154307731,0,0,0
1731,4.12133890690157,4.12133890690157,0.580143427210243,0.580143427210243,94.3791923978823,94.3791923978823,0,0,0
1732,4.12130348476202,4.12130348476202,0.580138440985645,0.580138440985645,94.3759693926928,94.3759693926928,0,0,0
1733,4.12126806292741,4.12126806292741,0.580133454803971,0.580133454803971,94.3727464152045,94.3727464152045,0,0,0
1734,4.12123264139772,4.12123264139772,0.580128468665219,0.580128468665219,94.3695234654171,94.3695234654171,0,0,0
1735,4.12119722017294,4.12119722017294,0.580123482569389,0.580123482569389,94.3663005433303,94.3663005433303,0,0,0
1736,4.12116179925309,4.12116179925309,0.580118496516482,0.580118496516482,94.3630776489439,94.3630776489439,0,0,0
1737,4.12112637863815,4.12112637863815,0.580113510506496,0.580113510506496,94.3598547822577,94.3598547822577,0,0,0
1738,4.12109095832812,4.12109095832812,0.580108524539431,0.580108524539431,94.3566319432715,94.3566319432715,0,0,0
1739,4.121055538323,4.121055538323,0.580103538615287,0.580103538615287,94.3534091319849,94.3534091319849,0,0,0
1740,4.12102011862279,4.12102011862279,0.580098552734064,0.580098552734064,94.3501863483978,94.3501863483978,0,0,0
1741,4.12098469922748,4.12098469922748,0.58009356689576,0.58009356689576,94.3469635925099,94.3469635925099,0,0,0
1742,4.12094928013707,4.12094928013707,0.580088581100376,0.580088581100376,94.343740864321,94.343740864321,0,0,0
1743,4.12091386135157,4.12091386135157,0.580083595347912,0.580083595347912,94.3405181638309,94.3405181638309,0,0,0
1744,4.12087844287096,4.12087844287096,0.580078609638367,0.580078609638367,94.3372954910392,94.3372954910392,0,0,0
1745,4.12084302469524,4.12084302469524,0.580073623971741,0.580073623971741,94.3340728459458,94.3340728459458,0,0,0
1746,4.12080760682442,4.12080760682442,0.580068638348032,0.580068638348032,94.3308502285505,94.3308502285505,0,0,0
1747,4.12077218925848,4.12077218925848,0.580063652767242,0.580063652767242,94.3276276388529,94.3276276388529,0,0,0
1748,4.12073677199743,4.12073677199743,0.580058667229369,0.580058667229369,94.3244050768529,94.3244050768529,0,0,0
1749,4.12070135504127,4.12070135504127,0.580053681734413,0.580053681734413,94.3211825425502,94.3211825425502,0,0,0
1750,4.12066593838998,4.12066593838998,0.580048696282374,0.580048696282374,94.3179600359446,94.3179600359446,0,0,0
1751,4.12063052204358,4.12063052204358,0.580043710873251,0.580043710873251,94.3147375570358,94.3147375570358,0,0,0
1752,4.12059510600205,4.12059510600205,0.580038725507045,0.580038725507045,94.3115151058236,94.3115151058236,0,0,0
1753,4.12055969026539,4.12055969026539,0.580033740183754,0.580033740183754,94.3082926823078,94.3082926823078,0,0,0
1754,4.1205242748336,4.1205242748336,0.580028754903378,0.580028754903378,94.3050702864881,94.3050702864881,0,0,0
1755,4.12048885970668,4.12048885970668,0.580023769665917,0.580023769665917,94.3018479183643,94.3018479183643,0,0,0
1756,4.12045344488462,4.12045344488462,0.580018784471371,0.580018784471371,94.2986255779361,94.2986255779361,0,0,0
1757,4.12041803036743,4.12041803036743,0.580013799319739,0.580013799319739,94.2954032652033,94.2954032652033,0,0,0
1758,4.12038261615509,4.12038261615509,0.580008814211021,0.580008814211021,94.2921809801658,94.2921809801658,0,0,0
1759,4.12034720224762,4.12034720224762,0.580003829145216,0.580003829145216,94.2889587228231,94.2889587228231,0,0,0
1760,4.12031178864499,4.12031178864499,0.579998844122324,0.579998844122324,94.2857364931751,94.2857364931751,0,0,0
1761,4.12027637534722,4.12027637534722,0.579993859142345,0.579993859142345,94.2825142912215,94.2825142912215,0,0,0
1762,4.1202409623543,4.1202409623543,0.579988874205279,0.579988874205279,94.2792921169622,94.2792921169622,0,0,0
1763,4.12020554966623,4.12020554966623,0.579983889311124,0.579983889311124,94.2760699703969,94.2760699703969,0,0,0
1764,4.120170137283,4.120170137283,0.579978904459881,0.579978904459881,94.2728478515253,94.2728478515253,0,0,0
1765,4.12013472520461,4.12013472520461,0.579973919651549,0.579973919651549,94.2696257603472,94.2696257603472,0,0,0
1766,4.12009931343106,4.12009931343106,0.579968934886128,0.579968934886128,94.2664036968623,94.2664036968623,0,0,0
1767,4.12006390196234,4.12006390196234,0.579963950163618,0.579963950163618,94.2631816610705,94.2631816610705,0,0,0
1768,4.12002849079846,4.12002849079846,0.579958965484017,0.579958965484017,94.2599596529714,94.2599596529714,0,0,0
1769,4.1199930799394,4.1199930799394,0.579953980847326,0.579953980847326,94.256737672565,94.256737672565,0,0,0
1770,4.11995766938518,4.11995766938518,0.579948996253545,0.579948996253545,94.2535157198508,94.2535157198508,0,0,0
1771,4.11992225913579,4.11992225913579,0.579944011702673,0.579944011702673,94.2502937948287,94.2502937948287,0,0,0
1772,4.11988684919121,4.11988684919121,0.579939027194709,0.579939027194709,94.2470718974983,94.2470718974983,0,0,0
1773,4.11985143955146,4.11985143955146,0.579934042729653,0.579934042729653,94.2438500278597,94.2438500278597,0,0,0
1774,4.11981603021652,4.11981603021652,0.579929058307506,0.579929058307506,94.2406281859123,94.2406281859123,0,0,0
1775,4.1197806211864,4.1197806211864,0.579924073928266,0.579924073928266,94.2374063716561,94.2374063716561,0,0,0
1776,4.11974521246109,4.11974521246109,0.579919089591933,0.579919089591933,94.2341845850907,94.2341845850907,0,0,0
1777,4.11970980404059,4.11970980404059,0.579914105298506,0.579914105298506,94.230962826216,94.230962826216,0,0,0
1778,4.1196743959249,4.1196743959249,0.579909121047987,0.579909121047987,94.2277410950317,94.2277410950317,0,0,0
1779,4.11963898811401,4.11963898811401,0.579904136840373,0.579904136840373,94.2245193915375,94.2245193915375,0,0,0
1780,4.11960358060792,4.11960358060792,0.579899152675665,0.579899152675665,94.2212977157333,94.2212977157333,0,0,0
1781,4.11956817340663,4.11956817340663,0.579894168553862,0.579894168553862,94.2180760676188,94.2180760676188,0,0,0
1782,4.11953276651014,4.11953276651014,0.579889184474964,0.579889184474964,94.2148544471937,94.2148544471937,0,0,0
1783,4.11949735991845,4.11949735991845,0.57988420043897,0.57988420043897,94.2116328544578,94.2116328544578,0,0,0
1784,4.11946195363154,4.11946195363154,0.579879216445881,0.579879216445881,94.2084112894108,94.2084112894108,0,0,0
1785,4.11942654764942,4.11942654764942,0.579874232495696,0.579874232495696,94.2051897520527,94.2051897520527,0,0,0
1786,4.11939114197209,4.11939114197209,0.579869248588414,0.579869248588414,94.201968242383,94.201968242383,0,0,0
1787,4.11935573659954,4.11935573659954,0.579864264724035,0.579864264724035,94.1987467604015,94.1987467604015,0,0,0
1788,4.11932033153178,4.11932033153178,0.579859280902559,0.579859280902559,94.1955253061081,94.1955253061081,0,0,0
1789,4.11928492676879,4.11928492676879,0.579854297123985,0.579854297123985,94.1923038795025,94.1923038795025,0,0,0
1790,4.11924952231058,4.11924952231058,0.579849313388313,0.579849313388313,94.1890824805843,94.1890824805843,0,0,0
1791,4.11921411815714,4.11921411815714,0.579844329695543,0.579844329695543,94.1858611093536,94.1858611093536,0,0,0
1792,4.11917871430846,4.11917871430846,0.579839346045674,0.579839346045674,94.1826397658098,94.1826397658098,0,0,0
1793,4.11914331076456,4.11914331076456,0.579834362438705,0.579834362438705,94.1794184499529,94.1794184499529,0,0,0
1794,4.11910790752542,4.11910790752542,0.579829378874637,0.579829378874637,94.1761971617826,94.1761971617826,0,0,0
1795,4.11907250459105,4.11907250459105,0.57982439535347,0.57982439535347,94.1729759012986,94.1729759012986,0,0,0
1796,4.11903710196143,4.11903710196143,0.579819411875202,0.579819411875202,94.1697546685007,94.1697546685007,0,0,0
1797,4.11900169963657,4.11900169963657,0.579814428439833,0.579814428439833,94.1665334633887,94.1665334633887,0,0,0
1798,4.11896629761647,4.11896629761647,0.579809445047363,0.579809445047363,94.1633122859623,94.1633122859623,0,0,0
1799,4.11893089590112,4.11893089590112,0.579804461697792,0.579804461697792,94.1600911362213,94.1600911362213,0,0,0
1800,4.11889549449051,3.96889549449051,0.57979947839112,0.57979947839112,94.1568700141655,94.1568700141655,0,0,0
1801,4.11886009338466,3.96886009338466,0.579794495127345,0.579794495127345,94.1536489197946,94.1536489197946,0,0,0
1802,4.11882469258354,3.96882469258354,0.579789511906467,0.579789511906467,94.1504278531084,94.1504278531084,0,0,0
1803,4.11878929208717,3.96878929208717,0.579784528728487,0.579784528728487,94.1472068141066,94.1472068141066,0,0,0
1804,4.11875389189554,3.96875389189554,0.579779545593403,0.579779545593403,94.143985802789,94.143985802789,0,0,0
1805,4.11871849200864,3.96871849200864,0.579774562501216,0.579774562501216,94.1407648191554,94.1407648191554,0,0,0
1806,4.11868309242648,3.96868309242648,0.579769579451926,0.579769579451926,94.1375438632055,94.1375438632055,0,0,0
1807,4.11864769314904,3.96864769314905,0.57976459644553,0.57976459644553,94.1343229349391,94.1343229349391,0,0,0
1808,4.11861229417634,3.96861229417634,0.57975961348203,0.57975961348203,94.131102034356,94.131102034356,0,0,0
1809,4.11857689550836,3.96857689550836,0.579754630561425,0.579754630561425,94.1278811614558,94.1278811614558,0,0,0
1810,4.1185414971451,3.9685414971451,0.579749647683714,0.579749647683714,94.1246603162385,94.1246603162385,0,0,0
1811,4.11850609908657,3.96850609908657,0.579744664848898,0.579744664848898,94.1214394987037,94.1214394987037,0,0,0
1812,4.11847070133275,3.96847070133275,0.579739682056975,0.579739682056975,94.1182187088511,94.1182187088511,0,0,0
1813,4.11843530388365,3.96843530388365,0.579734699307946,0.579734699307946,94.1149979466806,94.1149979466806,0,0,0
1814,4.11839990673925,3.96839990673925,0.579729716601809,0.579729716601809,94.111777212192,94.111777212192,0,0,0
1815,4.11836450989957,3.96836450989957,0.579724733938566,0.579724733938566,94.1085565053849,94.1085565053849,0,0,0
1816,4.1183291133646,3.9683291133646,0.579719751318215,0.579719751318215,94.1053358262592,94.1053358262592,0,0,0
1817,4.11829371713433,3.96829371713433,0.579714768740755,0.579714768740755,94.1021151748146,94.1021151748146,0,0,0
1818,4.11825832120876,3.96825832120876,0.579709786206188,0.579709786206188,94.0988945510508,94.0988945510508,0,0,0
1819,4.11822292558789,3.96822292558789,0.579704803714511,0.579704803714511,94.0956739549677,94.0956739549677,0,0,0
1820,4.11818753027172,3.96818753027172,0.579699821265726,0.579699821265726,94.0924533865649,94.0924533865649,0,0,0
1821,4.11815213526024,3.96815213526024,0.579694838859831,0.579694838859831,94.0892328458423,94.0892328458423,0,0,0
1822,4.11811674055345,3.96811674055345,0.579689856496826,0.579689856496826,94.0860123327997,94.0860123327997,0,0,0
1823,4.11808134615135,3.96808134615135,0.57968487417671,0.57968487417671,94.0827918474367,94.0827918474367,0,0,0
1824,4.11804595205394,3.96804595205394,0.579679891899484,0.579679891899484,94.0795713897531,94.0795713897531,0,0,0
1825,4.11801055826121,3.96801055826121,0.579674909665147,0.579674909665147,94.0763509597488,94.0763509597488,0,0,0
1826,4.11797516477316,3.96797516477316,0.579669927473699,0.579669927473699,94.0731305574233,94.0731305574233,0,0,0
1827,4.11793977158979,3.96793977158979,0.579664945325139,0.579664945325139,94.0699101827767,94.0699101827767,0,0,0
1828,4.11790437871109,3.96790437871109,0.579659963219466,0.579659963219466,94.0666898358085,94.0666898358085,0,0,0
1829,4.11786898613707,3.96786898613707,0.579654981156682,0.579654981156682,94.0634695165185,94.0634695165185,0,0,0
1830,4.11783359386772,3.96783359386772,0.579649999136784,0.579649999136784,94.0602492249066,94.0602492249066,0,0,0
1831,4.11779820190303,3.96779820190303,0.579645017159773,0.579645017159773,94.0570289609724,94.0570289609724,0,0,0
1832,4.11776281024301,3.96776281024301,0.579640035225649,0.579640035225649,94.0538087247158,94.0538087247158,0,0,0
1833,4.11772741888765,3.96772741888765,0.579635053334411,0.579635053334411,94.0505885161364,94.0505885161364,0,0,0
1834,4.11769202783695,3.96769202783695,0.579630071486058,0.579630071486058,94.0473683352341,94.0473683352341,0,0,0
1835,4.11765663709091,3.96765663709091,0.57962508968059,0.57962508968059,94.0441481820086,94.0441481820086,0,0,0
1836,4.11762124664953,3.96762124664953,0.579620107918008,0.579620107918008,94.0409280564597,94.0409280564597,0,0,0
1837,4.11758585651279,3.96758585651279,0.57961512619831,0.57961512619831,94.0377079585871,94.0377079585871,0,0,0
1838,4.11755046668071,3.96755046668071,0.579610144521496,0.579610144521496,94.0344878883907,94.0344878883907,0,0,0
1839,4.11751507715327,3.96751507715327,0.579605162887566,0.579605162887566,94.0312678458701,94.0312678458701,0,0,0
1840,4.11747968793047,3.96747968793047,0.579600181296519,0.579600181296519,94.0280478310251,94.0280478310251,0,0,0
1841,4.11744429901232,3.96744429901232,0.579595199748356,0.579595199748356,94.0248278438555,94.0248278438555,0,0,0
1842,4.1174089103988,3.9674089103988,0.579590218243075,0.579590218243075,94.0216078843611,94.0216078843611,0,0,0
1843,4.11737352208993,3.96737352208993,0.579585236780677,0.579585236780677,94.0183879525415,94.0183879525415,0,0,0
1844,4.11733813408568,3.96733813408568,0.57958025536116,0.57958025536116,94.0151680483967,94.0151680483967,0,0,0
1845,4.11730274638606,3.96730274638606,0.579575273984525,0.579575273984525,94.0119481719262,94.0119481719262,0,0,0
1846,4.11726735899108,3.96726735899108,0.579570292650771,0.579570292650771,94.00872832313,94.00872832313,0,0,0
1847,4.11723197190072,3.96723197190072,0.579565311359898,0.579565311359898,94.0055085020077,94.0055085020077,0,0,0
1848,4.11719658511498,3.96719658511498,0.579560330111906,0.579560330111906,94.0022887085592,94.0022887085592,0,0,0
1849,4.11716119863386,3.96716119863386,0.579555348906793,0.579555348906793,93.9990689427841,93.9990689427841,0,0,0
1850,4.11712581245736,3.96712581245736,0.579550367744561,0.579550367744561,93.9958492046823,93.9958492046823,0,0,0
1851,4.11709042658547,3.96709042658547,0.579545386625207,0.579545386625207,93.9926294942535,93.9926294942535,0,0,0
1852,4.1170550410182,3.9670550410182,0.579540405548733,0.579540405548733,93.9894098114974,93.9894098114974,0,0,0
1853,4.11701965575554,3.96701965575554,0.579535424515138,0.579535424515138,93.9861901564139,93.9861901564139,0,0,0
1854,4.11698427079748,3.96698427079748,0.57953044352442,0.57953044352442,93.9829705290027,93.9829705290027,0,0,0
1855,4.11694888614403,3.96694888614403,0.579525462576581,0.579525462576581,93.9797509292635,93.9797509292635,0,0,0
1856,4.11691350179518,3.96691350179518,0.579520481671619,0.579520481671619,93.9765313571961,93.9765313571961,0,0,0
1857,4.11687811775093,3.96687811775093,0.579515500809534,0.579515500809534,93.9733118128003,93.9733118128003,0,0,0
1858,4.11684273401127,3.96684273401127,0.579510519990326,0.579510519990326,93.9700922960759,93.9700922960759,0,0,0
1859,4.11680735057621,3.96680735057621,0.579505539213994,0.579505539213994,93.9668728070225,93.9668728070225,0,0,0
1860,4.11677196744574,3.96677196744574,0.579500558480538,0.579500558480538,93.96365334564,93.96365334564,0,0,0
1861,4.11673658461986,3.96673658461986,0.579495577789958,0.579495577789958,93.9604339119281,93.9604339119281,0,0,0
1862,4.11670120209857,3.96670120209857,0.579490597142253,0.579490597142253,93.9572145058866,93.9572145058866,0,0,0
1863,4.11666581988186,3.96666581988186,0.579485616537423,0.579485616537423,93.9539951275153,93.9539951275153,0,0,0
1864,4.11663043796973,3.96663043796973,0.579480635975468,0.579480635975468,93.9507757768138,93.9507757768138,0,0,0
1865,4.11659505636217,3.96659505636217,0.579475655456387,0.579475655456387,93.9475564537821,93.9475564537821,0,0,0
1866,4.1165596750592,3.9665596750592,0.57947067498018,0.57947067498018,93.9443371584197,93.9443371584197,0,0,0
1867,4.11652429406079,3.96652429406079,0.579465694546846,0.579465694546846,93.9411178907266,93.9411178907266,0,0,0
1868,4.11648891336696,3.96648891336696,0.579460714156385,0.579460714156385,93.9378986507024,93.9378986507024,0,0,0
1869,4.11645353297769,3.96645353297769,0.579455733808797,0.579455733808797,93.9346794383469,93.9346794383469,0,0,0
1870,4.11641815289299,3.96641815289299,0.579450753504081,0.579450753504081,93.9314602536599,93.9314602536599,0,0,0
1871,4.11638277311285,3.96638277311285,0.579445773242237,0.579445773242237,93.9282410966412,93.9282410966412,0,0,0
1872,4.11634739363727,3.96634739363728,0.579440793023265,0.579440793023265,93.9250219672904,93.9250219672904,0,0,0
1873,4.11631201446625,3.96631201446625,0.579435812847164,0.579435812847164,93.9218028656074,93.9218028656074,0,0,0
1874,4.11627663559978,3.96627663559978,0.579430832713934,0.579430832713934,93.9185837915919,93.9185837915919,0,0,0
1875,4.11624125703787,3.96624125703787,0.579425852623574,0.579425852623574,93.9153647452438,93.9153647452438,0,0,0
1876,4.1162058787805,3.9662058787805,0.579420872576084,0.579420872576084,93.9121457265626,93.9121457265626,0,0,0
1877,4.11617050082768,3.96617050082768,0.579415892571464,0.579415892571464,93.9089267355483,93.9089267355483,0,0,0
1878,4.11613512317941,3.96613512317941,0.579410912609714,0.579410912609714,93.9057077722006,93.9057077722006,0,0,0
1879,4.11609974583567,3.96609974583567,0.579405932690832,0.579405932690832,93.9024888365191,93.9024888365191,0,0,0
1880,4.11606436879648,3.96606436879648,0.579400952814819,0.579400952814819,93.8992699285038,93.8992699285038,0,0,0
1881,4.11602899206182,3.96602899206182,0.579395972981675,0.579395972981675,93.8960510481544,93.8960510481544,0,0,0
1882,4.11599361563169,3.96599361563169,0.579390993191398,0.579390993191398,93.8928321954705,93.8928321954705,0,0,0
1883,4.11595823950609,3.9659582395061,0.579386013443989,0.579386013443989,93.8896133704521,93.8896133704521,0,0,0
1884,4.11592286368503,3.96592286368503,0.579381033739446,0.579381033739446,93.8863945730988,93.8863945730988,0,0,0
1885,4.11588748816849,3.96588748816849,0.579376054077771,0.579376054077771,93.8831758034104,93.8831758034104,0,0,0
1886,4.11585211295647,3.96585211295647,0.579371074458962,0.579371074458962,93.8799570613866,93.8799570613866,0,0,0
1887,4.11581673804897,3.96581673804897,0.579366094883019,0.579366094883019,93.8767383470273,93.8767383470273,0,0,0
1888,4.11578136344599,3.96578136344599,0.579361115349942,0.579361115349942,93.8735196603322,93.8735196603322,0,0,0
1889,4.11574598914752,3.96574598914752,0.57935613585973,0.57935613585973,93.8703010013011,93.8703010013011,0,0,0
1890,4.11571061515357,3.96571061515357,0.579351156412383,0.579351156412383,93.8670823699336,93.8670823699336,0,0,0
1891,4.11567524146413,3.96567524146413,0.579346177007901,0.579346177007901,93.8638637662297,93.8638637662297,0,0,0
1892,4.11563986807919,3.96563986807919,0.579341197646282,0.579341197646282,93.8606451901889,93.8606451901889,0,0,0
1893,4.11560449499876,3.96560449499876,0.579336218327527,0.579336218327527,93.8574266418112,93.8574266418112,0,0,0
1894,4.11556912222282,3.96556912222282,0.579331239051636,0.579331239051636,93.8542081210962,93.8542081210962,0,0,0
1895,4.11553374975139,3.96553374975139,0.579326259818609,0.579326259818609,93.8509896280438,93.8509896280438,0,0,0
1896,4.11549837758446,3.96549837758446,0.579321280628443,0.579321280628443,93.8477711626537,93.8477711626537,0,0,0
1897,4.11546300572202,3.96546300572202,0.57931630148114,0.57931630148114,93.8445527249255,93.8445527249255,0,0,0
1898,4.11542763416407,3.96542763416407,0.579311322376699,0.579311322376699,93.8413343148593,93.8413343148593,0,0,0
1899,4.11539226291061,3.96539226291061,0.57930634331512,0.57930634331512,93.8381159324545,93.8381159324545,0,0,0
1900,4.11535689196164,3.96535689196164,0.579301364296402,0.579301364296402,93.8348975777111,93.8348975777111,0,0,0
1901,4.11532152131714,3.96532152131714,0.579296385320544,0.579296385320544,93.8316792506289,93.8316792506289,0,0,0
1902,4.11528615097714,3.96528615097714,0.579291406387547,0.579291406387547,93.8284609512074,93.8284609512074,0,0,0
1903,4.1152507809416,3.9652507809416,0.579286427497411,0.579286427497411,93.8252426794466,93.8252426794466,0,0,0
1904,4.11521541121055,3.96521541121055,0.579281448650134,0.579281448650134,93.8220244353462,93.8220244353462,0,0,0
1905,4.11518004178397,3.96518004178397,0.579276469845716,0.579276469845716,93.8188062189059,93.8188062189059,0,0,0
1906,4.11514467266185,3.96514467266185,0.579271491084157,0.579271491084157,93.8155880301255,93.8155880301255,0,0,0
1907,4.11510930384421,3.96510930384421,0.579266512365457,0.579266512365457,93.8123698690048,93.8123698690048,0,0,0
1908,4.11507393533103,3.96507393533103,0.579261533689615,0.579261533689615,93.8091517355435,93.8091517355435,0,0,0
1909,4.11503856712231,3.96503856712231,0.579256555056632,0.579256555056632,93.8059336297415,93.8059336297415,0,0,0
1910,4.11500319921805,3.96500319921805,0.579251576466505,0.579251576466505,93.8027155515983,93.8027155515983,0,0,0
1911,4.11496783161825,3.96496783161825,0.579246597919236,0.579246597919236,93.7994975011139,93.7994975011139,0,0,0
1912,4.11493246432291,3.96493246432291,0.579241619414823,0.579241619414823,93.7962794782879,93.7962794782879,0,0,0
1913,4.11489709733201,3.96489709733201,0.579236640953267,0.579236640953267,93.7930614831202,93.7930614831202,0,0,0
1914,4.11486173064557,3.96486173064557,0.579231662534567,0.579231662534567,93.7898435156105,93.7898435156105,0,0,0
1915,4.11482636426357,3.96482636426357,0.579226684158723,0.579226684158723,93.7866255757586,93.7866255757586,0,0,0
1916,4.11479099818601,3.96479099818601,0.579221705825734,0.579221705825734,93.7834076635642,93.7834076635642,0,0,0
1917,4.1147556324129,3.9647556324129,0.5792167275356,0.5792167275356,93.780189779027,93.780189779027,0,0,0
1918,4.11472026694423,3.96472026694423,0.57921174928832,0.57921174928832,93.7769719221469,93.7769719221469,0,0,0
1919,4.11468490177999,3.96468490177999,0.579206771083895,0.579206771083895,93.7737540929237,93.7737540929237,0,0,0
1920,4.11464953692019,3.96464953692019,0.579201792922324,0.579201792922324,93.7705362913569,93.7705362913569,0,0,0
1921,4.11461417236481,3.96461417236481,0.579196814803605,0.579196814803605,93.7673185174466,93.7673185174466,0,0,0
1922,4.11457880811387,3.96457880811387,0.57919183672774,0.57919183672774,93.7641007711923,93.7641007711923,0,0,0
1923,4.11454344416735,3.96454344416735,0.579186858694728,0.579186858694728,93.7608830525939,93.7608830525939,0,0,0
1924,4.11450808052525,3.96450808052525,0.579181880704568,0.579181880704568,93.7576653616511,93.7576653616511,0,0,0
1925,4.11447271718757,3.96447271718757,0.57917690275726,0.57917690275726,93.7544476983637,93.7544476983637,0,0,0
1926,4.11443735415432,3.96443735415432,0.579171924852804,0.579171924852804,93.7512300627314,93.7512300627314,0,0,0
1927,4.11440199142547,3.96440199142547,0.579166946991198,0.579166946991198,93.7480124547541,93.7480124547541,0,0,0
1928,4.11436662900104,3.96436662900104,0.579161969172444,0.579161969172444,93.7447948744314,93.7447948744314,0,0,0
1929,4.11433126688102,3.96433126688102,0.57915699139654,0.57915699139654,93.7415773217631,93.7415773217631,0,0,0
1930,4.11429590506541,3.96429590506541,0.579152013663486,0.579152013663486,93.738359796749,93.738359796749,0,0,0
1931,4.1142605435542,3.9642605435542,0.579147035973283,0.579147035973283,93.7351422993889,93.7351422993889,0,0,0
1932,4.11422518234739,3.96422518234739,0.579142058325928,0.579142058325928,93.7319248296825,93.7319248296825,0,0,0
1933,4.11418982144498,3.96418982144498,0.579137080721422,0.579137080721422,93.7287073876296,93.7287073876296,0,0,0
1934,4.11415446084697,3.96415446084697,0.579132103159765,0.579132103159765,93.7254899732299,93.7254899732299,0,0,0
1935,4.11411910055336,3.96411910055336,0.579127125640957,0.579127125640957,93.7222725864833,93.7222725864833,0,0,0
1936,4.11408374056413,3.96408374056413,0.579122148164996,0.579122148164996,93.7190552273893,93.7190552273893,0,0,0
1937,4.11404838087929,3.96404838087929,0.579117170731883,0.579117170731883,93.7158378959479,93.7158378959479,0,0,0
1938,4.11401302149885,3.96401302149885,0.579112193341617,0.579112193341617,93.7126205921588,93.7126205921588,0,0,0
1939,4.11397766242278,3.96397766242278,0.579107215994197,0.579107215994197,93.7094033160218,93.7094033160218,0,0,0
1940,4.11394230365109,3.96394230365109,0.579102238689624,0.579102238689624,93.7061860675365,93.7061860675365,0,0,0
1941,4.11390694518378,3.96390694518378,0.579097261427898,0.579097261427898,93.7029688467028,93.7029688467028,0,0,0
1942,4.11387158702085,3.96387158702085,0.579092284209016,0.579092284209016,93.6997516535205,93.6997516535205,0,0,0
1943,4.11383622916229,3.96383622916229,0.57908730703298,0.57908730703298,93.6965344879892,93.6965344879892,0,0,0
1944,4.1138008716081,3.9638008716081,0.579082329899789,0.579082329899789,93.6933173501088,93.6933173501088,0,0,0
1945,4.11376551435828,3.96376551435828,0.579077352809443,0.579077352809443,93.6901002398791,93.6901002398791,0,0,0
1946,4.11373015741283,3.96373015741283,0.579072375761941,0.579072375761941,93.6868831572997,93.6868831572997,0,0,0
1947,4.11369480077174,3.96369480077174,0.579067398757283,0.579067398757283,93.6836661023704,93.6836661023704,0,0,0
1948,4.113659444435,3.963659444435,0.579062421795468,0.579062421795468,93.6804490750911,93.6804490750911,0,0,0
1949,4.11362408840263,3.96362408840263,0.579057444876496,0.579057444876496,93.6772320754615,93.6772320754615,0,0,0
1950,4.11358873267461,3.96358873267461,0.579052468000367,0.579052468000367,93.6740151034812,93.6740151034812,0,0,0
1951,4.11355337725094,3.96355337725094,0.57904749116708,0.57904749116708,93.6707981591502,93.6707981591502,0,0,0
1952,4.11351802213162,3.96351802213162,0.579042514376635,0.579042514376635,93.6675812424681,93.6675812424681,0,0,0
1953,4.11348266731665,3.96348266731665,0.579037537629032,0.579037537629032,93.6643643534348,93.6643643534348,0,0,0
1954,4.11344731280602,3.96344731280602,0.57903256092427,0.57903256092427,93.6611474920499,93.6611474920499,0,0,0
1955,4.11341195859973,3.96341195859973,0.579027584262349,0.579027584262349,93.6579306583132,93.6579306583132,0,0,0
1956,4.11337660469778,3.96337660469778,0.579022607643269,0.579022607643269,93.6547138522246,93.6547138522246,0,0,0
1957,4.11334125110017,3.96334125110017,0.579017631067028,0.579017631067028,93.6514970737837,93.6514970737837,0,0,0
1958,4.11330589780689,3.96330589780689,0.579012654533628,0.579012654533628,93.6482803229903,93.6482803229903,0,0,0
1959,4.11327054481794,3.96327054481794,0.579007678043066,0.579007678043066,93.6450635998443,93.6450635998443,0,0,0
1960,4.11323519213332,3.96323519213332,0.579002701595344,0.579002701595344,93.6418469043452,93.6418469043452,0,0,0
1961,4.11319983975303,3.96319983975303,0.57899772519046,0.57899772519046,93.6386302364931,93.6386302364931,0,0,0
1962,4.11316448767706,3.96316448767706,0.578992748828415,0.578992748828415,93.6354135962874,93.6354135962874,0,0,0
1963,4.11312913590541,3.96312913590541,0.578987772509208,0.578987772509208,93.6321969837282,93.6321969837282,0,0,0
1964,4.11309378443808,3.96309378443808,0.578982796232838,0.578982796232838,93.628980398815,93.628980398815,0,0,0
1965,4.11305843327506,3.96305843327506,0.578977819999305,0.578977819999305,93.6257638415476,93.6257638415476,0,0,0
1966,4.11302308241636,3.96302308241636,0.578972843808609,0.578972843808609,93.6225473119259,93.6225473119259,0,0,0
1967,4.11298773186197,3.96298773186197,0.57896786766075,0.57896786766075,93.6193308099496,93.6193308099496,0,0,0
1968,4.11295238161188,3.96295238161188,0.578962891555726,0.578962891555726,93.6161143356184,93.6161143356184,0,0,0
1969,4.1129170316661,3.9629170316661,0.578957915493538,0.578957915493538,93.6128978889322,93.6128978889322,0,0,0
1970,4.11288168202462,3.96288168202462,0.578952939474186,0.578952939474186,93.6096814698906,93.6096814698906,0,0,0
1971,4.11284633268744,3.96284633268744,0.578947963497669,0.578947963497669,93.6064650784934,93.6064650784934,0,0,0
1972,4.11281098365455,3.96281098365455,0.578942987563986,0.578942987563986,93.6032487147405,93.6032487147405,0,0,0
1973,4.11277563492596,3.96277563492596,0.578938011673137,0.578938011673137,93.6000323786315,93.6000323786315,0,0,0
1974,4.11274028650167,3.96274028650167,0.578933035825122,0.578933035825122,93.5968160701662,93.5968160701662,0,0,0
1975,4.11270493838166,3.96270493838166,0.578928060019941,0.578928060019941,93.5935997893444,93.5935997893444,0,0,0
1976,4.11266959056594,3.96266959056594,0.578923084257593,0.578923084257593,93.5903835361658,93.5903835361658,0,0,0
1977,4.1126342430545,3.9626342430545,0.578918108538077,0.578918108538077,93.5871673106302,93.5871673106302,0,0,0
1978,4.11259889584734,3.96259889584734,0.578913132861394,0.578913132861394,93.5839511127374,93.5839511127374,0,0,0
1979,4.11256354894446,3.96256354894446,0.578908157227542,0.578908157227542,93.5807349424872,93.5807349424872,0,0,0
1980,4.11252820234586,3.96252820234586,0.578903181636523,0.578903181636523,93.5775187998792,93.5775187998792,0,0,0
1981,4.11249285605153,3.96249285605153,0.578898206088334,0.578898206088334,93.5743026849133,93.5743026849133,0,0,0
1982,4.11245751006147,3.96245751006147,0.578893230582977,0.578893230582977,93.5710865975892,93.5710865975892,0,0,0
1983,4.11242216437568,3.96242216437568,0.57888825512045,0.57888825512045,93.5678705379066,93.5678705379066,0,0,0
1984,4.11238681899415,3.96238681899415,0.578883279700753,0.578883279700753,93.5646545058655,93.5646545058655,0,0,0
1985,4.11235147391689,3.96235147391689,0.578878304323886,0.578878304323886,93.5614385014654,93.5614385014654,0,0,0
1986,4.11231612914388,3.96231612914388,0.578873328989849,0.578873328989849,93.5582225247062,93.5582225247062,0,0,0
1987,4.11228078467514,3.96228078467514,0.57886835369864,0.57886835369864,93.5550065755876,93.5550065755876,0,0,0
1988,4.11224544051065,3.96224544051065,0.57886337845026,0.57886337845026,93.5517906541093,93.5517906541093,0,0,0
1989,4.11221009665041,3.96221009665041,0.578858403244708,0.578858403244708,93.5485747602713,93.5485747602713,0,0,0
1990,4.11217475309442,3.96217475309442,0.578853428081985,0.578853428081985,93.5453588940731,93.5453588940731,0,0,0
1991,4.11213940984268,3.96213940984268,0.578848452962088,0.578848452962088,93.5421430555146,93.5421430555146,0,0,0
1992,4.11210406689518,3.96210406689518,0.578843477885019,0.578843477885019,93.5389272445956,93.5389272445956,0,0,0
1993,4.11206872425192,3.96206872425192,0.578838502850777,0.578838502850777,93.5357114613158,93.5357114613158,0,0,0
1994,4.1120333819129,3.9620333819129,0.578833527859361,0.578833527859361,93.5324957056749,93.5324957056749,0,0,0
1995,4.11199803987812,3.96199803987812,0.578828552910772,0.578828552910772,93.5292799776728,93.5292799776728,0,0,0
1996,4.11196269814758,3.96196269814758,0.578823578005008,0.578823578005008,93.5260642773091,93.5260642773091,0,0,0
1997,4.11192735672126,3.96192735672126,0.578818603142069,0.578818603142069,93.5228486045837,93.5228486045837,0,0,0
1998,4.11189201559917,3.96189201559917,0.578813628321955,0.578813628321955,93.5196329594962,93.5196329594962,0,0,0
1999,4.11185667478131,3.96185667478131,0.578808653544666,0.578808653544666,93.5164173420466,93.5164173420466,0,0,0
2000,4.11182133426767,3.96182133426767,0.578803678810201,0.578803678810201,93.5132017522345,93.5132017522345,0,0,0
2001,4.11178599405825,3.96178599405825,0.57879870411856,0.57879870411856,93.5099861900596,93.5099861900596,0,0,0
2002,4.11175065415305,3.96175065415305,0.578793729469743,0.578793729469743,93.5067706555219,93.5067706555219,0,0,0
2003,4.11171531455207,3.96171531455207,0.578788754863748,0.578788754863748,93.5035551486209,93.5035551486209,0,0,0
2004,4.1116799752553,3.9616799752553,0.578783780300577,0.578783780300577,93.5003396693566,93.5003396693566,0,0,0
2005,4.11164463626274,3.96164463626274,0.578778805780227,0.578778805780227,93.4971242177286,93.4971242177286,0,0,0
2006,4.11160929757438,3.96160929757438,0.5787738313027,0.5787738313027,93.4939087937367,93.4939087937367,0,0,0
2007,4.11157395919023,3.96157395919023,0.578768856867995,0.578768856867995,93.4906933973806,93.4906933973806,0,0,0
2008,4.11153862111029,3.96153862111029,0.57876388247611,0.57876388247611,93.4874780286602,93.4874780286602,0,0,0
2009,4.11150328333454,3.96150328333454,0.578758908127047,0.578758908127047,93.4842626875752,93.4842626875752,0,0,0
2010,4.11146794586299,3.96146794586299,0.578753933820804,0.578753933820804,93.4810473741253,93.4810473741253,0,0,0
2011,4.11143260869563,3.96143260869563,0.578748959557381,0.578748959557381,93.4778320883104,93.4778320883104,0,0,0
2012,4.11139727183247,3.96139727183247,0.578743985336778,0.578743985336778,93.4746168301301,93.4746168301301,0,0,0
2013,4.11136193527349,3.96136193527349,0.578739011158994,0.578739011158994,93.4714015995843,93.4714015995843,0,0,0
2014,4.11132659901871,3.96132659901871,0.57873403702403,0.57873403702403,93.4681863966726,93.4681863966726,0,0,0
2015,4.1112912630681,3.9612912630681,0.578729062931884,0.578729062931884,93.464971221395,93.464971221395,0,0,0
2016,4.11125592742168,3.96125592742168,0.578724088882556,0.578724088882556,93.461756073751,93.461756073751,0,0,0
2017,4.11122059207943,3.96122059207943,0.578719114876046,0.578719114876046,93.4585409537405,93.4585409537405,0,0,0
2018,4.11118525704136,3.96118525704137,0.578714140912354,0.578714140912354,93.4553258613633,93.4553258613633,0,0,0
2019,4.11114992230747,3.96114992230747,0.578709166991479,0.578709166991479,93.4521107966192,93.4521107966192,0,0,0
2020,4.11111458787774,3.96111458787774,0.578704193113421,0.578704193113421,93.4488957595077,93.4488957595077,0,0,0
2021,4.11107925375219,3.96107925375219,0.57869921927818,0.57869921927818,93.4456807500288,93.4456807500288,0,0,0
2022,4.1110439199308,3.9610439199308,0.578694245485754,0.578694245485754,93.4424657681823,93.4424657681823,0,0,0
2023,4.11100858641357,3.96100858641357,0.578689271736144,0.578689271736144,93.4392508139678,93.4392508139678,0,0,0
2024,4.1109732532005,3.9609732532005,0.57868429802935,0.57868429802935,93.4360358873851,93.4360358873851,0,0,0
2025,4.11093792029159,3.96093792029159,0.578679324365371,0.578679324365371,93.432820988434,93.432820988434,0,0,0
2026,4.11090258768684,3.96090258768684,0.578674350744206,0.578674350744206,93.4296061171142,93.4296061171142,0,0,0
2027,4.11086725538624,3.96086725538624,0.578669377165855,0.578669377165855,93.4263912734256,93.4263912734256,0,0,0
2028,4.11083192338978,3.96083192338978,0.578664403630318,0.578664403630318,93.4231764573678,93.4231764573678,0,0,0
2029,4.11079659169748,3.96079659169748,0.578659430137595,0.578659430137595,93.4199616689406,93.4199616689406,0,0,0
2030,4.11076126030931,3.96076126030931,0.578654456687685,0.578654456687685,93.4167469081439,93.4167469081439,0,0,0
2031,4.11072592922529,3.96072592922529,0.578649483280588,0.578649483280588,93.4135321749773,93.4135321749773,0,0,0
2032,4.11069059844541,3.96069059844541,0.578644509916303,0.578644509916303,93.4103174694406,93.4103174694406,0,0,0
2033,4.11065526796967,3.96065526796967,0.57863953659483,0.57863953659483,93.4071027915336,93.4071027915336,0,0,0
2034,4.11061993779806,3.96061993779806,0.578634563316168,0.578634563316168,93.403888141256,93.403888141256,0,0,0
2035,4.11058460793058,3.96058460793058,0.578629590080318,0.578629590080318,93.4006735186077,93.4006735186077,0,0,0
2036,4.11054927836723,3.96054927836723,0.578624616887279,0.578624616887279,93.3974589235884,93.3974589235884,0,0,0
2037,4.11051394910801,3.96051394910801,0.578619643737051,0.578619643737051,93.3942443561977,93.3942443561977,0,0,0
2038,4.11047862015291,3.96047862015291,0.578614670629632,0.578614670629632,93.3910298164356,93.3910298164356,0,0,0
2039,4.11044329150193,3.96044329150193,0.578609697565024,0.578609697565024,93.3878153043017,93.3878153043017,0,0,0
2040,4.11040796315507,3.96040796315507,0.578604724543225,0.578604724543225,93.3846008197958,93.3846008197958,0,0,0
2041,4.11037263511232,3.96037263511232,0.578599751564234,0.578599751564234,93.3813863629177,93.3813863629177,0,0,0
2042,4.11033730737369,3.96033730737369,0.578594778628053,0.578594778628053,93.3781719336672,93.3781719336672,0,0,0
2043,4.11030197993917,3.96030197993917,0.57858980573468,0.57858980573468,93.3749575320439,93.3749575320439,0,0,0
2044,4.11026665280875,3.96026665280875,0.578584832884115,0.578584832884115,93.3717431580477,93.3717431580477,0,0,0
2045,4.11023132598244,3.96023132598244,0.578579860076357,0.578579860076357,93.3685288116784,93.3685288116784,0,0,0
2046,4.11019599946023,3.96019599946023,0.578574887311407,0.578574887311407,93.3653144929356,93.3653144929356,0,0,0
2047,4.11016067324213,3.96016067324213,0.578569914589263,0.578569914589263,93.3621002018192,93.3621002018192,0,0,0
2048,4.11012534732812,3.96012534732812,0.578564941909926,0.578564941909926,93.3588859383289,93.3588859383289,0,0,0
2049,4.1100900217182,3.9600900217182,0.578559969273396,0.578559969273396,93.3556717024645,93.3556717024645,0,0,0
2050,4.11005469641238,3.96005469641238,0.57855499667967,0.57855499667967,93.3524574942257,93.3524574942257,0,0,0
2051,4.11001937141064,3.96001937141064,0.578550024128751,0.578550024128751,93.3492433136124,93.3492433136124,0,0,0
2052,4.109984046713,3.959984046713,0.578545051620636,0.578545051620636,93.3460291606242,93.3460291606242,0,0,0
2053,4.10994872231943,3.95994872231943,0.578540079155325,0.578540079155325,93.3428150352609,93.3428150352609,0,0,0
2054,4.10991339822995,3.95991339822995,0.57853510673282,0.57853510673282,93.3396009375223,93.3396009375223,0,0,0
2055,4.10987807444455,3.95987807444455,0.578530134353118,0.578530134353118,93.3363868674081,93.3363868674081,0,0,0
2056,4.10984275096322,3.95984275096322,0.578525162016219,0.578525162016219,93.3331728249182,93.3331728249182,0,0,0
2057,4.10980742778597,3.95980742778597,0.578520189722124,0.578520189722124,93.3299588100522,93.3299588100522,0,0,0
2058,4.10977210491279,3.95977210491279,0.578515217470831,0.578515217470831,93.32674482281,93.32674482281,0,0,0
2059,4.10973678234367,3.95973678234367,0.578510245262341,0.578510245262341,93.3235308631913,93.3235308631913,0,0,0
2060,4.10970146007862,3.95970146007862,0.578505273096653,0.578505273096653,93.3203169311958,93.3203169311958,0,0,0
2061,4.10966613811764,3.95966613811764,0.578500300973766,0.578500300973766,93.3171030268234,93.3171030268234,0,0,0
2062,4.10963081646071,3.95963081646071,0.578495328893681,0.578495328893681,93.3138891500738,93.3138891500738,0,0,0
2063,4.10959549510785,3.95959549510785,0.578490356856397,0.578490356856397,93.3106753009467,93.3106753009467,0,0,0
2064,4.10956017405903,3.95956017405903,0.578485384861913,0.578485384861913,93.3074614794419,93.3074614794419,0,0,0
2065,4.10952485331427,3.95952485331427,0.57848041291023,0.57848041291023,93.3042476855592,93.3042476855592,0,0,0
2066,4.10948953287356,3.95948953287356,0.578475441001346,0.578475441001346,93.3010339192983,93.3010339192983,0,0,0
2067,4.1094542127369,3.9594542127369,0.578470469135262,0.578470469135262,93.297820180659,93.297820180659,0,0,0
2068,4.10941889290429,3.95941889290429,0.578465497311977,0.578465497311977,93.2946064696411,93.2946064696411,0,0,0
2069,4.10938357337571,3.95938357337571,0.57846052553149,0.57846052553149,93.2913927862443,93.2913927862443,0,0,0
2070,4.10934825415117,3.95934825415117,0.578455553793803,0.578455553793803,93.2881791304683,93.2881791304683,0,0,0
2071,4.10931293523067,3.95931293523067,0.578450582098912,0.578450582098912,93.2849655023131,93.2849655023131,0,0,0
2072,4.10927761661421,3.95927761661421,0.57844561044682,0.57844561044682,93.2817519017782,93.2817519017782,0,0,0
2073,4.10924229830178,3.95924229830178,0.578440638837525,0.578440638837525,93.2785383288635,93.2785383288635,0,0,0
2074,4.10920698029337,3.95920698029337,0.578435667271026,0.578435667271026,93.2753247835687,93.2753247835687,0,0,0
2075,4.10917166258899,3.95917166258899,0.578430695747325,0.578430695747325,93.2721112658937,93.2721112658937,0,0,0
2076,4.10913634518864,3.95913634518864,0.578425724266419,0.578425724266419,93.2688977758381,93.2688977758381,0,0,0
2077,4.10910102809231,3.95910102809231,0.578420752828309,0.578420752828309,93.2656843134016,93.2656843134016,0,0,0
2078,4.10906571129999,3.95906571129999,0.578415781432994,0.578415781432994,93.2624708785843,93.2624708785843,0,0,0
2079,4.10903039481169,3.95903039481169,0.578410810080475,0.578410810080475,93.2592574713856,93.2592574713856,0,0,0
2080,4.10899507862741,3.95899507862741,0.57840583877075,0.57840583877075,93.2560440918054,93.2560440918054,0,0,0
2081,4.10895976274713,3.95895976274713,0.578400867503819,0.578400867503819,93.2528307398435,93.2528307398435,0,0,0
2082,4.10892444717086,3.95892444717086,0.578395896279682,0.578395896279682,93.2496174154997,93.2496174154997,0,0,0
2083,4.1088891318986,3.9588891318986,0.578390925098339,0.578390925098339,93.2464041187736,93.2464041187736,0,0,0
2084,4.10885381693034,3.95885381693034,0.578385953959789,0.578385953959789,93.2431908496651,93.2431908496651,0,0,0
2085,4.10881850226608,3.95881850226608,0.578380982864032,0.578380982864032,93.2399776081739,93.2399776081739,0,0,0
2086,4.10878318790582,3.95878318790582,0.578376011811067,0.578376011811067,93.2367643942998,93.2367643942998,0,0,0
2087,4.10874787384955,3.95874787384955,0.578371040800894,0.578371040800894,93.2335512080425,93.2335512080425,0,0,0
2088,4.10871256009728,3.95871256009728,0.578366069833513,0.578366069833513,93.2303380494018,93.2303380494018,0,0,0
2089,4.10867724664899,3.95867724664899,0.578361098908923,0.578361098908923,93.2271249183775,93.2271249183775,0,0,0
2090,4.10864193350469,3.95864193350469,0.578356128027125,0.578356128027125,93.2239118149693,93.2239118149693,0,0,0
2091,4.10860662066438,3.95860662066438,0.578351157188116,0.578351157188116,93.2206987391771,93.2206987391771,0,0,0
2092,4.10857130812805,3.95857130812805,0.578346186391898,0.578346186391898,93.2174856910004,93.2174856910004,0,0,0
2093,4.10853599589569,3.95853599589569,0.57834121563847,0.57834121563847,93.2142726704392,93.2142726704392,0,0,0
2094,4.10850068396732,3.95850068396732,0.578336244927832,0.578336244927832,93.2110596774932,93.2110596774932,0,0,0
2095,4.10846537234291,3.95846537234291,0.578331274259982,0.578331274259982,93.2078467121621,93.2078467121621,0,0,0
2096,4.10843006102248,3.95843006102248,0.578326303634921,0.578326303634921,93.2046337744457,93.2046337744457,0,0,0
2097,4.10839475000602,3.95839475000602,0.578321333052649,0.578321333052649,93.2014208643438,93.2014208643438,0,0,0
2098,4.10835943929352,3.95835943929352,0.578316362513164,0.578316362513164,93.1982079818561,93.1982079818561,0,0,0
2099,4.10832412888498,3.95832412888499,0.578311392016468,0.578311392016468,93.1949951269824,93.1949951269824,0,0,0
2100,4.10828881878041,3.95828881878041,0.578306421562558,0.578306421562558,93.1917822997224,93.1917822997224,0,0,0
2101,4.1082535089798,3.9582535089798,0.578301451151435,0.578301451151435,93.188569500076,93.188569500076,0,0,0
2102,4.10821819948314,3.95821819948314,0.578296480783099,0.578296480783099,93.1853567280428,93.1853567280428,0,0,0
2103,4.10818289029043,3.95818289029043,0.578291510457549,0.578291510457549,93.1821439836227,93.1821439836227,0,0,0
2104,4.10814758140167,3.95814758140167,0.578286540174785,0.578286540174785,93.1789312668153,93.1789312668153,0,0,0
2105,4.10811227281686,3.95811227281686,0.578281569934806,0.578281569934806,93.1757185776206,93.1757185776206,0,0,0
2106,4.108076964536,3.958076964536,0.578276599737612,0.578276599737612,93.1725059160381,93.1725059160381,0,0,0
2107,4.10804165655908,3.95804165655908,0.578271629583203,0.578271629583203,93.1692932820678,93.1692932820678,0,0,0
2108,4.10800634888609,3.95800634888609,0.578266659471579,0.578266659471579,93.1660806757093,93.1660806757093,0,0,0
2109,4.10797104151705,3.95797104151705,0.578261689402738,0.578261689402738,93.1628680969624,93.1628680969624,0,0,0
2110,4.10793573445194,3.95793573445194,0.578256719376681,0.578256719376681,93.1596555458269,93.1596555458269,0,0,0
2111,4.10790042769076,3.95790042769076,0.578251749393406,0.578251749393406,93.1564430223025,93.1564430223025,0,0,0
2112,4.10786512123351,3.95786512123351,0.578246779452915,0.578246779452915,93.153230526389,93.153230526389,0,0,0
2113,4.10782981508018,3.95782981508018,0.578241809555206,0.578241809555206,93.1500180580862,93.1500180580862,0,0,0
2114,4.10779450923078,3.95779450923078,0.578236839700279,0.578236839700279,93.1468056173938,93.1468056173938,0,0,0
2115,4.10775920368531,3.95775920368531,0.578231869888134,0.578231869888134,93.1435932043116,93.1435932043116,0,0,0
2116,4.10772389844375,3.95772389844375,0.578226900118771,0.578226900118771,93.1403808188393,93.1403808188393,0,0,0
2117,4.1076885935061,3.9576885935061,0.578221930392188,0.578221930392188,93.1371684609768,93.1371684609768,0,0,0
2118,4.10765328887237,3.95765328887237,0.578216960708386,0.578216960708386,93.1339561307237,93.1339561307237,0,0,0
2119,4.10761798454255,3.95761798454255,0.578211991067364,0.578211991067364,93.1307438280799,93.1307438280799,0,0,0
2120,4.10758268051664,3.95758268051664,0.578207021469122,0.578207021469122,93.127531553045,93.127531553045,0,0,0
2121,4.10754737679464,3.95754737679464,0.57820205191366,0.57820205191366,93.124319305619,93.124319305619,0,0,0
2122,4.10751207337654,3.95751207337654,0.578197082400976,0.578197082400976,93.1211070858014,93.1211070858014,0,0,0
2123,4.10747677026233,3.95747677026233,0.578192112931072,0.578192112931072,93.1178948935921,93.1178948935921,0,0,0
2124,4.10744146745203,3.95744146745203,0.578187143503946,0.578187143503946,93.1146827289909,93.1146827289909,0,0,0
2125,4.10740616494562,3.95740616494562,0.578182174119597,0.578182174119597,93.1114705919975,93.1114705919975,0,0,0
2126,4.1073708627431,3.9573708627431,0.578177204778027,0.578177204778027,93.1082584826116,93.1082584826116,0,0,0
2127,4.10733556084448,3.95733556084448,0.578172235479234,0.578172235479234,93.1050464008331,93.1050464008331,0,0,0
2128,4.10730025924973,3.95730025924974,0.578167266223217,0.578167266223217,93.1018343466617,93.1018343466617,0,0,0
2129,4.10726495795888,3.95726495795888,0.578162297009977,0.578162297009977,93.0986223200972,93.0986223200972,0,0,0
2130,4.10722965697191,3.95722965697191,0.578157327839514,0.578157327839514,93.0954103211393,93.0954103211393,0,0,0
2131,4.10719435628881,3.95719435628881,0.578152358711826,0.578152358711826,93.0921983497877,93.0921983497877,0,0,0
2132,4.10715905590959,3.95715905590959,0.578147389626914,0.578147389626914,93.0889864060423,93.0889864060423,0,0,0
2133,4.10712375583425,3.95712375583425,0.578142420584776,0.578142420584776,93.0857744899028,93.0857744899028,0,0,0
2134,4.10708845606278,3.95708845606278,0.578137451585414,0.578137451585414,93.082562601369,93.082562601369,0,0,0
2135,4.10705315659518,3.95705315659518,0.578132482628826,0.578132482628826,93.0793507404406,93.0793507404406,0,0,0
2136,4.10701785743144,3.95701785743144,0.578127513715011,0.578127513715011,93.0761389071174,93.0761389071174,0,0,0
2137,4.10698255857157,3.95698255857157,0.578122544843971,0.578122544843971,93.0729271013991,93.0729271013991,0,0,0
2138,4.10694726001555,3.95694726001555,0.578117576015703,0.578117576015703,93.0697153232856,93.0697153232856,0,0,0
2139,4.1069119617634,3.9569119617634,0.578112607230208,0.578112607230208,93.0665035727766,93.0665035727766,0,0,0
2140,4.1068766638151,3.9568766638151,0.578107638487486,0.578107638487486,93.0632918498718,93.0632918498718,0,0,0
2141,4.10684136617066,3.95684136617066,0.578102669787536,0.578102669787536,93.060080154571,93.060080154571,0,0,0
2142,4.10680606883006,3.95680606883006,0.578097701130358,0.578097701130358,93.056868486874,93.056868486874,0,0,0
2143,4.10677077179332,3.95677077179332,0.578092732515951,0.578092732515951,93.0536568467805,93.0536568467805,0,0,0
2144,4.10673547506041,3.95673547506041,0.578087763944315,0.578087763944315,93.0504452342903,93.0504452342903,0,0,0
2145,4.10670017863135,3.95670017863135,0.57808279541545,0.57808279541545,93.0472336494032,93.0472336494032,0,0,0
2146,4.10666488250614,3.95666488250614,0.578077826929355,0.578077826929355,93.0440220921189,93.0440220921189,0,0,0
2147,4.10662958668475,3.95662958668475,0.57807285848603,0.57807285848603,93.0408105624372,93.0408105624372,0,0,0
2148,4.10659429116721,3.95659429116721,0.578067890085474,0.578067890085474,93.0375990603578,93.0375990603578,0,0,0
2149,4.10655899595349,3.95655899595349,0.578062921727687,0.578062921727687,93.0343875858805,93.0343875858805,0,0,0
2150,4.10652370104361,3.95652370104361,0.57805795341267,0.57805795341267,93.0311761390051,93.0311761390051,0,0,0
2151,4.10648840643755,3.95648840643755,0.578052985140421,0.578052985140421,93.0279647197313,93.0279647197313,0,0,0
2152,4.10645311213531,3.95645311213531,0.578048016910939,0.578048016910939,93.0247533280589,93.0247533280589,0,0,0
2153,4.1064178181369,3.9564178181369,0.578043048724226,0.578043048724226,93.0215419639877,93.0215419639877,0,0,0
2154,4.10638252444231,3.95638252444231,0.57803808058028,0.57803808058028,93.0183306275174,93.0183306275174,0,0,0
2155,4.10634723105153,3.95634723105153,0.578033112479101,0.578033112479101,93.0151193186478,93.0151193186478,0,0,0
2156,4.10631193796457,3.95631193796457,0.578028144420688,0.578028144420688,93.0119080373786,93.0119080373786,0,0,0
2157,4.10627664518141,3.95627664518141,0.578023176405041,0.578023176405041,93.0086967837096,93.0086967837096,0,0,0
2158,4.10624135270207,3.95624135270207,0.578018208432161,0.578018208432161,93.0054855576406,93.0054855576406,0,0,0
2159,4.10620606052653,3.95620606052653,0.578013240502045,0.578013240502045,93.0022743591713,93.0022743591713,0,0,0
2160,4.1061707686548,3.9561707686548,0.578008272614695,0.578008272614695,92.9990631883015,92.9990631883015,0,0,0
2161,4.10613547708686,3.95613547708686,0.57800330477011,0.57800330477011,92.995852045031,92.995852045031,0,0,0
2162,4.10610018582272,3.95610018582272,0.577998336968289,0.577998336968289,92.9926409293595,92.9926409293595,0,0,0
2163,4.10606489486238,3.95606489486238,0.577993369209232,0.577993369209232,92.9894298412868,92.9894298412868,0,0,0
2164,4.10602960420584,3.95602960420584,0.577988401492939,0.577988401492939,92.9862187808126,92.9862187808126,0,0,0
2165,4.10599431385308,3.95599431385308,0.577983433819409,0.577983433819409,92.9830077479367,92.9830077479367,0,0,0
2166,4.10595902380411,3.95595902380411,0.577978466188641,0.577978466188641,92.9797967426589,92.9797967426589,0,0,0
2167,4.10592373405892,3.95592373405892,0.577973498600636,0.577973498600636,92.9765857649789,92.9765857649789,0,0,0
2168,4.10588844461752,3.95588844461752,0.577968531055394,0.577968531055394,92.9733748148965,92.9733748148965,0,0,0
2169,4.10585315547989,3.95585315547989,0.577963563552913,0.577963563552913,92.9701638924115,92.9701638924115,0,0,0
2170,4.10581786664605,3.95581786664605,0.577958596093194,0.577958596093194,92.9669529975235,92.9669529975235,0,0,0
2171,4.10578257811597,3.95578257811597,0.577953628676235,0.577953628676235,92.9637421302325,92.9637421302325,0,0,0
2172,4.10574728988967,3.95574728988967,0.577948661302037,0.577948661302037,92.9605312905381,92.9605312905381,0,0,0
2173,4.10571200196714,3.95571200196714,0.5779436939706,0.5779436939706,92.9573204784401,92.9573204784401,0,0,0
2174,4.10567671434838,3.95567671434838,0.577938726681922,0.577938726681922,92.9541096939383,92.9541096939383,0,0,0
2175,4.10564142703338,3.95564142703338,0.577933759436004,0.577933759436004,92.9508989370323,92.9508989370323,0,0,0
2176,4.10560614002214,3.95560614002214,0.577928792232846,0.577928792232846,92.9476882077222,92.9476882077222,0,0,0
2177,4.10557085331465,3.95557085331465,0.577923825072446,0.577923825072446,92.9444775060074,92.9444775060074,0,0,0
2178,4.10553556691093,3.95553556691093,0.577918857954804,0.577918857954804,92.9412668318879,92.9412668318879,0,0,0
2179,4.10550028081096,3.95550028081096,0.577913890879921,0.577913890879921,92.9380561853633,92.9380561853633,0,0,0
2180,4.10546499501474,3.95546499501474,0.577908923847795,0.577908923847795,92.9348455664335,92.9348455664335,0,0,0
2181,4.10542970952226,3.95542970952226,0.577903956858427,0.577903956858427,92.9316349750982,92.9316349750982,0,0,0
2182,4.10539442433353,3.95539442433353,0.577898989911815,0.577898989911815,92.9284244113571,92.9284244113571,0,0,0
2183,4.10535913944855,3.95535913944855,0.57789402300796,0.57789402300796,92.9252138752101,92.9252138752101,0,0,0
2184,4.10532385486731,3.95532385486731,0.577889056146862,0.577889056146862,92.9220033666569,92.9220033666569,0,0,0
2185,4.1052885705898,3.9552885705898,0.577884089328519,0.577884089328519,92.9187928856972,92.9187928856972,0,0,0
2186,4.10525328661603,3.95525328661603,0.577879122552932,0.577879122552932,92.9155824323309,92.9155824323309,0,0,0
2187,4.10521800294599,3.95521800294599,0.5778741558201,0.5778741558201,92.9123720065576,92.9123720065576,0,0,0
2188,4.10518271957968,3.95518271957968,0.577869189130022,0.577869189130022,92.9091616083771,92.9091616083771,0,0,0
2189,4.1051474365171,3.9551474365171,0.577864222482699,0.577864222482699,92.9059512377893,92.9059512377893,0,0,0
2190,4.10511215375824,3.95511215375824,0.57785925587813,0.57785925587813,92.9027408947939,92.9027408947939,0,0,0
2191,4.1050768713031,3.9550768713031,0.577854289316315,0.577854289316315,92.8995305793905,92.8995305793905,0,0,0
2192,4.10504158915168,3.95504158915168,0.577849322797253,0.577849322797253,92.896320291579,92.896320291579,0,0,0
2193,4.10500630730399,3.95500630730399,0.577844356320944,0.577844356320944,92.8931100313593,92.8931100313593,0,0,0
2194,4.10497102576,3.95497102576,0.577839389887387,0.577839389887387,92.8898997987309,92.8898997987309,0,0,0
2195,4.10493574451973,3.95493574451973,0.577834423496583,0.577834423496583,92.8866895936937,92.8866895936937,0,0,0
2196,4.10490046358316,3.95490046358316,0.57782945714853,0.57782945714853,92.8834794162475,92.8834794162475,0,0,0
2197,4.1048651829503,3.9548651829503,0.577824490843229,0.577824490843229,92.8802692663919,92.8802692663919,0,0,0
2198,4.10482990262114,3.95482990262114,0.577819524580679,0.577819524580679,92.8770591441268,92.8770591441268,0,0,0
2199,4.10479462259569,3.95479462259569,0.57781455836088,0.57781455836088,92.8738490494519,92.8738490494519,0,0,0
2200,4.10475934287393,3.95475934287393,0.577809592183831,2.02233357264341,92.8706389823671,92.8706389823671,0,1,0
2201,4.10472406345587,3.95472406345587,0.577804626049532,2.02231619117336,92.867428942872,92.867428942872,0,1,0
2202,4.10468878434151,3.95468878434151,0.577799659957982,2.02229880985294,92.8642189309664,92.8642189309664,0,1,0
2203,4.10465350553083,3.95465350553083,0.577794693909182,2.02228142868214,92.8610089466501,92.8610089466501,0,1,0
2204,4.10461822702384,3.95461822702384,0.577789727903131,2.02226404766096,92.8577989899228,92.8577989899228,0,1,0
2205,4.10458294882053,3.95458294882053,0.577784761939827,2.0222466667894,92.8545890607843,92.8545890607843,0,1,0
2206,4.10454767092091,3.95454767092091,0.577779796019273,2.02222928606745,92.8513791592345,92.8513791592345,0,1,0
2207,4.10451239332497,3.95451239332497,0.577774830141465,2.02221190549513,92.8481692852729,92.8481692852729,0,1,0
2208,4.10447711603271,3.95447711603271,0.577769864306406,2.02219452507242,92.8449594388994,92.8449594388994,0,1,0
2209,4.10444183904412,3.95444183904412,0.577764898514093,2.02217714479933,92.8417496201137,92.8417496201137,0,1,0
2210,4.1044065623592,3.9544065623592,0.577759932764527,2.02215976467584,92.8385398289157,92.8385398289157,0,1,0
2211,4.10437128597795,3.95437128597795,0.577754967057707,2.02214238470197,92.8353300653051,92.8353300653051,0,1,0
2212,4.10433600990037,3.95433600990037,0.577750001393633,2.02212500487772,92.8321203292816,92.8321203292816,0,1,0
2213,4.10430073412645,3.95430073412645,0.577745035772305,2.02210762520307,92.828910620845,92.828910620845,0,1,0
2214,4.1042654586562,3.9542654586562,0.577740070193721,2.02209024567802,92.8257009399951,92.8257009399951,0,1,0
2215,4.1042301834896,3.9542301834896,0.577735104657883,2.02207286630259,92.8224912867316,92.8224912867316,0,1,0
2216,4.10419490862666,3.95419490862666,0.577730139164789,2.02205548707676,92.8192816610543,92.8192816610543,0,1,0
2217,4.10415963406737,3.95415963406737,0.577725173714439,2.02203810800054,92.8160720629629,92.8160720629629,0,1,0
2218,4.10412435981174,3.95412435981174,0.577720208306833,2.02202072907391,92.8128624924573,92.8128624924573,0,1,0
2219,4.10408908585975,3.95408908585975,0.57771524294197,2.02200335029689,92.8096529495372,92.8096529495372,0,1,0
2220,4.10405381221141,3.95405381221141,0.57771027761985,2.02198597166947,92.8064434342022,92.8064434342022,0,1,0
2221,4.10401853886671,3.95401853886671,0.577705312340472,2.02196859319165,92.8032339464523,92.8032339464523,0,1,0
2222,4.10398326582566,3.95398326582566,0.577700347103837,2.02195121486343,92.8000244862872,92.8000244862872,0,1,0
2223,4.10394799308824,3.95394799308824,0.577695381909943,2.0219338366848,92.7968150537066,92.7968150537066,0,1,0
2224,4.10391272065445,3.95391272065445,0.577690416758791,2.02191645865577,92.7936056487103,92.7936056487103,0,1,0
2225,4.1038774485243,3.9538774485243,0.577685451650381,2.02189908077633,92.790396271298,92.790396271298,0,1,0
2226,4.10384217669778,3.95384217669778,0.57768048658471,2.02188170304649,92.7871869214696,92.7871869214696,0,1,0
2227,4.10380690517489,3.95380690517489,0.577675521561781,2.02186432546623,92.7839775992247,92.7839775992247,0,1,0
2228,4.10377163395562,3.95377163395562,0.577670556581591,2.02184694803557,92.7807683045632,92.7807683045632,0,1,0
2229,4.10373636303997,3.95373636303997,0.577665591644141,2.02182957075449,92.7775590374847,92.7775590374847,0,1,0
2230,4.10370109242795,3.95370109242795,0.57766062674943,2.021812193623,92.7743497979892,92.7743497979892,0,1,0
2231,4.10366582211954,3.95366582211954,0.577655661897458,2.0217948166411,92.7711405860762,92.7711405860762,0,1,0
2232,4.10363055211474,3.95363055211475,0.577650697088224,2.02177743980879,92.7679314017457,92.7679314017457,0,1,0
2233,4.10359528241356,3.95359528241356,0.577645732321729,2.02176006312605,92.7647222449973,92.7647222449973,0,1,0
2234,4.10356001301599,3.95356001301599,0.577640767597971,2.0217426865929,92.7615131158309,92.7615131158309,0,1,0
2235,4.10352474392202,3.95352474392202,0.577635802916951,2.02172531020933,92.7583040142461,92.7583040142461,0,1,0
2236,4.10348947513166,3.95348947513166,0.577630838278668,2.02170793397534,92.7550949402427,92.7550949402427,0,1,0
2237,4.10345420664489,3.95345420664489,0.577625873683121,2.02169055789092,92.7518858938206,92.7518858938206,0,1,0
2238,4.10341893846173,3.95341893846173,0.577620909130311,2.02167318195609,92.7486768749794,92.7486768749794,0,1,0
2239,4.10338367058216,3.95338367058216,0.577615944620237,2.02165580617083,92.745467883719,92.745467883719,0,1,0
2240,4.10334840300619,3.95334840300619,0.577610980152898,2.02163843053514,92.742258920039,92.742258920039,0,1,0
2241,4.1033131357338,3.9533131357338,0.577606015728295,2.02162105504903,92.7390499839393,92.7390499839393,0,1,0
2242,4.10327786876501,3.95327786876501,0.577601051346426,2.02160367971249,92.7358410754197,92.7358410754197,0,1,0
2243,4.1032426020998,3.9532426020998,0.577596087007292,2.02158630452552,92.7326321944798,92.7326321944798,0,1,0
2244,4.10320733573817,3.95320733573817,0.577591122710892,2.02156892948812,92.7294233411194,92.7294233411194,0,1,0
2245,4.10317206968013,3.95317206968013,0.577586158457225,2.02155155460029,92.7262145153384,92.7262145153384,0,1,0
2246,4.10313680392566,3.95313680392566,0.577581194246292,2.02153417986202,92.7230057171364,92.7230057171364,0,1,0
2247,4.10310153847476,3.95310153847476,0.577576230078092,2.02151680527332,92.7197969465133,92.7197969465133,0,1,0
2248,4.10306627332744,3.95306627332744,0.577571265952624,2.02149943083419,92.7165882034687,92.7165882034687,0,1,0
2249,4.10303100848369,3.95303100848369,0.577566301869889,2.02148205654461,92.7133794880025,92.7133794880025,0,1,0
2250,4.10299574394351,3.95299574394351,0.577561337829886,2.0214646824046,92.7101708001145,92.7101708001145,0,1,0
2251,4.10296047970689,3.95296047970689,0.577556373832614,2.02144730841415,92.7069621398043,92.7069621398043,0,1,0
2252,4.10292521577383,3.95292521577383,0.577551409878073,2.02142993457326,92.7037535070717,92.7037535070717,0,1,0
2253,4.10288995214433,3.95288995214433,0.577546445966263,2.02141256088192,92.7005449019166,92.7005449019166,0,1,0
2254,4.10285468881839,3.95285468881839,0.577541482097184,2.02139518734014,92.6973363243386,92.6973363243386,0,1,0
2255,4.102819425796,3.952819425796,0.577536518270834,2.02137781394792,92.6941277743376,92.6941277743376,0,1,0
2256,4.10278416307717,3.95278416307717,0.577531554487214,2.02136044070525,92.6909192519132,92.6909192519132,0,1,0
2257,4.10274890066188,3.95274890066188,0.577526590746324,2.02134306761213,92.6877107570653,92.6877107570653,0,1,0
2258,4.10271363855014,3.95271363855014,0.577521627048162,2.02132569466857,92.6845022897937,92.6845022897937,0,1,0
2259,4.10267837674195,3.95267837674195,0.577516663392729,2.02130832187455,92.681293850098,92.681293850098,0,1,0
2260,4.10264311523729,3.95264311523729,0.577511699780024,2.02129094923008,92.678085437978,92.678085437978,0,1,0
2261,4.10260785403617,3.95260785403617,0.577506736210047,2.02127357673516,92.6748770534336,92.6748770534336,0,1,0
2262,4.10257259313859,3.95257259313859,0.577501772682797,2.02125620438979,92.6716686964645,92.6716686964645,0,1,0
2263,4.10253733254454,3.95253733254454,0.577496809198275,2.02123883219396,92.6684603670703,92.6684603670703,0,1,0
2264,4.10250207225402,3.95250207225402,0.577491845756479,2.02122146014768,92.665252065251,92.665252065251,0,1,0
2265,4.10246681226703,3.95246681226703,0.577486882357409,2.02120408825093,92.6620437910062,92.6620437910062,0,1,0
2266,4.10243155258357,3.95243155258357,0.577481919001066,2.02118671650373,92.6588355443358,92.6588355443358,0,1,0
2267,4.10239629320363,3.95239629320363,0.577476955687448,2.02116934490607,92.6556273252394,92.6556273252394,0,1,0
2268,4.10236103412721,3.95236103412721,0.577471992416555,2.02115197345794,92.6524191337169,92.6524191337169,0,1,0
2269,4.1023257753543,3.9523257753543,0.577467029188387,2.02113460215935,92.6492109697679,92.6492109697679,0,1,0
2270,4.10229051688491,3.95229051688491,0.577462066002944,2.0211172310103,92.6460028333924,92.6460028333924,0,1,0
2271,4.10225525871903,3.95225525871903,0.577457102860224,2.02109986001079,92.64279472459,92.64279472459,0,1,0
2272,4.10222000085666,3.95222000085667,0.577452139760229,2.0210824891608,92.6395866433605,92.6395866433605,0,1,0
2273,4.1021847432978,3.9521847432978,0.577447176702957,2.02106511846035,92.6363785897036,92.6363785897036,0,1,0
2274,4.10214948604245,3.95214948604245,0.577442213688408,2.02104774790943,92.6331705636192,92.6331705636192,0,1,0
2275,4.10211422909059,3.95211422909059,0.577437250716581,2.02103037750803,92.6299625651069,92.6299625651069,0,1,0
2276,4.10207897244224,3.95207897244224,0.577432287787477,2.02101300725617,92.6267545941666,92.6267545941666,0,1,0
2277,4.10204371609738,3.95204371609738,0.577427324901094,2.02099563715383,92.623546650798,92.623546650798,0,1,0
2278,4.10200846005601,3.95200846005601,0.577422362057434,2.02097826720102,92.6203387350009,92.6203387350009,0,1,0
2279,4.10197320431813,3.95197320431814,0.577417399256494,2.02096089739773,92.617130846775,92.617130846775,0,1,0
2280,4.10193794888375,3.95193794888375,0.577412436498275,2.02094352774396,92.6139229861201,92.6139229861201,0,1,0
2281,4.10190269375285,3.95190269375285,0.577407473782777,2.02092615823972,92.610715153036,92.610715153036,0,1,0
2282,4.10186743892543,3.95186743892543,0.577402511109999,2.020908788885,92.6075073475224,92.6075073475224,0,1,0
2283,4.1018321844015,3.9518321844015,0.57739754847994,2.02089141967979,92.6042995695791,92.6042995695791,0,1,0
2284,4.10179693018104,3.95179693018104,0.577392585892601,2.0208740506241,92.6010918192058,92.6010918192058,0,1,0
2285,4.10176167626405,3.95176167626405,0.577387623347981,2.02085668171793,92.5978840964023,92.5978840964023,0,1,0
2286,4.10172642265055,3.95172642265055,0.577382660846079,2.02083931296128,92.5946764011684,92.5946764011684,0,1,0
2287,4.10169116934051,3.95169116934051,0.577377698386896,2.02082194435413,92.5914687335039,92.5914687335039,0,1,0
2288,4.10165591633393,3.95165591633393,0.57737273597043,2.0208045758965,92.5882610934084,92.5882610934084,0,1,0
2289,4.10162066363083,3.95162066363083,0.577367773596682,2.02078720758839,92.5850534808818,92.5850534808818,0,1,0
2290,4.10158541123118,3.95158541123118,0.577362811265651,2.02076983942978,92.5818458959239,92.5818458959239,0,1,0
2291,4.101550159135,3.951550159135,0.577357848977336,2.02075247142068,92.5786383385343,92.5786383385343,0,1,0
2292,4.10151490734227,3.95151490734227,0.577352886731739,2.02073510356109,92.5754308087129,92.5754308087129,0,1,0
2293,4.101479655853,3.951479655853,0.577347924528857,2.020717735851,92.5722233064593,92.5722233064593,0,1,0
2294,4.10144440466718,3.95144440466718,0.577342962368691,2.02070036829042,92.5690158317735,92.5690158317735,0,1,0
2295,4.10140915378481,3.95140915378481,0.57733800025124,2.02068300087934,92.5658083846551,92.5658083846551,0,1,0
2296,4.10137390320588,3.95137390320588,0.577333038176503,2.02066563361776,92.5626009651039,92.5626009651039,0,1,0
2297,4.1013386529304,3.9513386529304,0.577328076144482,2.02064826650569,92.5593935731196,92.5593935731196,0,1,0
2298,4.10130340295836,3.95130340295836,0.577323114155175,2.02063089954311,92.5561862087021,92.5561862087021,0,1,0
2299,4.10126815328976,3.95126815328976,0.577318152208581,2.02061353273003,92.5529788718511,92.5529788718511,0,1,0
2300,4.10123290392459,3.95123290392459,0.577313190304701,2.02059616606645,92.5497715625663,92.5497715625663,0,1,0
2301,4.10119765486286,3.95119765486286,0.577308228443534,2.02057879955237,92.5465642808475,92.5465642808475,0,1,0
2302,4.10116240610456,3.95116240610456,0.577303266625079,2.02056143318778,92.5433570266945,92.5433570266945,0,1,0
2303,4.10112715764969,3.95112715764969,0.577298304849337,2.02054406697268,92.5401498001071,92.5401498001071,0,1,0
2304,4.10109190949824,3.95109190949824,0.577293343116307,2.02052670090707,92.5369426010849,92.5369426010849,0,1,0
2305,4.10105666165022,3.95105666165022,0.577288381425988,2.02050933499096,92.5337354296278,92.5337354296278,0,1,0
2306,4.10102141410562,3.95102141410562,0.577283419778381,2.02049196922433,92.5305282857356,92.5305282857356,0,1,0
2307,4.10098616686443,3.95098616686443,0.577278458173485,2.0204746036072,92.5273211694079,92.5273211694079,0,1,0
2308,4.10095091992666,3.95095091992666,0.577273496611298,2.02045723813954,92.5241140806446,92.5241140806446,0,1,0
2309,4.10091567329231,3.95091567329231,0.577268535091822,2.02043987282138,92.5209070194454,92.5209070194454,0,1,0
2310,4.10088042696136,3.95088042696136,0.577263573615056,2.0204225076527,92.5176999858101,92.5176999858101,0,1,0
2311,4.10084518093382,3.95084518093382,0.577258612180999,2.0204051426335,92.5144929797385,92.5144929797385,0,1,0
2312,4.10080993520968,3.95080993520968,0.577253650789652,2.02038777776378,92.5112860012302,92.5112860012302,0,1,0
2313,4.10077468978895,3.95077468978895,0.577248689441012,2.02037041304354,92.5080790502851,92.5080790502851,0,1,0
2314,4.10073944467162,3.95073944467162,0.577243728135082,2.02035304847279,92.5048721269029,92.5048721269029,0,1,0
2315,4.10070419985768,3.95070419985768,0.577238766871858,2.0203356840515,92.5016652310834,92.5016652310834,0,1,0
2316,4.10066895534714,3.95066895534714,0.577233805651343,2.0203183197797,92.4984583628264,92.4984583628264,0,1,0
2317,4.10063371113999,3.95063371113999,0.577228844473535,2.02030095565737,92.4952515221316,92.4952515221316,0,1,0
2318,4.10059846723623,3.95059846723623,0.577223883338433,2.02028359168452,92.4920447089987,92.4920447089987,0,1,0
2319,4.10056322363585,3.95056322363585,0.577218922246038,2.02026622786113,92.4888379234277,92.4888379234277,0,1,0
2320,4.10052798033886,3.95052798033886,0.577213961196349,2.02024886418722,92.4856311654181,92.4856311654181,0,1,0
2321,4.10049273734525,3.95049273734525,0.577209000189365,2.02023150066278,92.4824244349698,92.4824244349698,0,1,0
2322,4.10045749465502,3.95045749465502,0.577204039225087,2.02021413728781,92.4792177320825,92.4792177320825,0,1,0
2323,4.10042225226816,3.95042225226816,0.577199078303514,2.0201967740623,92.476011056756,92.476011056756,0,1,0
2324,4.10038701018468,3.95038701018468,0.577194117424646,2.02017941098626,92.47280440899,92.47280440899,0,1,0
2325,4.10035176840457,3.95035176840457,0.577189156588481,2.02016204805968,92.4695977887844,92.4695977887844,0,1,0
2326,4.10031652692783,3.95031652692783,0.577184195795021,2.02014468528257,92.4663911961389,92.4663911961389,0,1,0
2327,4.10028128575445,3.95028128575445,0.577179235044263,2.02012732265492,92.4631846310532,92.4631846310532,0,1,0
2328,4.10024604488443,3.95024604488443,0.577174274336209,2.02010996017673,92.4599780935271,92.4599780935271,0,1,0
2329,4.10021080431778,3.95021080431778,0.577169313670858,2.020092597848,92.4567715835604,92.4567715835604,0,1,0
2330,4.10017556405448,3.95017556405448,0.577164353048209,2.02007523566873,92.4535651011529,92.4535651011529,0,1,0
2331,4.10014032409454,3.95014032409454,0.577159392468263,2.02005787363892,92.4503586463042,92.4503586463042,0,1,0
2332,4.10010508443795,3.95010508443795,0.577154431931017,2.02004051175856,92.4471522190142,92.4471522190142,0,1,0
2333,4.10006984508471,3.95006984508471,0.577149471436473,2.02002315002766,92.4439458192826,92.4439458192826,0,1,0
2334,4.10003460603481,3.95003460603481,0.57714451098463,2.02000578844621,92.4407394471092,92.4407394471092,0,1,0
2335,4.09999936728826,3.94999936728826,0.577139550575488,2.01998842701421,92.4375331024937,92.4375331024937,0,1,0
2336,4.09996412884506,3.94996412884506,0.577134590209045,2.01997106573166,92.434326785436,92.434326785436,0,1,0
2337,4.09992889070519,3.94992889070519,0.577129629885302,2.01995370459856,92.4311204959357,92.4311204959357,0,1,0
2338,4.09989365286866,3.94989365286866,0.577124669604259,2.01993634361491,92.4279142339927,92.4279142339927,0,1,0
2339,4.09985841533546,3.94985841533546,0.577119709365915,2.0199189827807,92.4247079996066,92.4247079996066,0,1,0
2340,4.0998231781056,3.9498231781056,0.57711474917027,2.01990162209594,92.4215017927773,92.4215017927773,0,1,0
2341,4.09978794117906,3.94978794117906,0.577109789017322,2.01988426156063,92.4182956135046,92.4182956135046,0,1,0
2342,4.09975270455585,3.94975270455585,0.577104828907073,2.01986690117476,92.4150894617881,92.4150894617881,0,1,0
2343,4.09971746823596,3.94971746823596,0.577099868839521,2.01984954093832,92.4118833376277,92.4118833376277,0,1,0
2344,4.09968223221939,3.94968223221939,0.577094908814667,2.01983218085133,92.408677241023,92.408677241023,0,1,0
2345,4.09964699650614,3.94964699650614,0.577089948832509,2.01981482091378,92.405471171974,92.405471171974,0,1,0
2346,4.09961176109621,3.94961176109621,0.577084988893048,2.01979746112567,92.4022651304803,92.4022651304803,0,1,0
2347,4.09957652598959,3.94957652598959,0.577080028996283,2.01978010148699,92.3990591165417,92.3990591165417,0,1,0
2348,4.09954129118628,3.94954129118628,0.577075069142214,2.01976274199775,92.395853130158,92.395853130158,0,1,0
2349,4.09950605668628,3.94950605668628,0.577070109330839,2.01974538265794,92.3926471713289,92.3926471713289,0,1,0
2350,4.09947082248959,3.94947082248959,0.57706514956216,2.01972802346756,92.3894412400542,92.3894412400542,0,1,0
2351,4.09943558859619,3.94943558859619,0.577060189836176,2.01971066442661,92.3862353363336,92.3862353363336,0,1,0
2352,4.0994003550061,3.9494003550061,0.577055230152886,2.0196933055351,92.383029460167,92.383029460167,0,1,0
2353,4.0993651217193,3.9493651217193,0.577050270512289,2.01967594679301,92.379823611554,92.379823611554,0,1,0
2354,4.0993298887358,3.9493298887358,0.577045310914386,2.01965858820035,92.3766177904944,92.3766177904944,0,1,0
2355,4.09929465605559,3.94929465605559,0.577040351359177,2.01964122975712,92.3734119969881,92.3734119969881,0,1,0
2356,4.09925942367867,3.94925942367867,0.57703539184666,2.01962387146331,92.3702062310347,92.3702062310347,0,1,0
2357,4.09922419160504,3.94922419160504,0.577030432376835,2.01960651331892,92.3670004926341,92.3670004926341,0,1,0
2358,4.09918895983469,3.94918895983469,0.577025472949703,2.01958915532396,92.3637947817859,92.3637947817859,0,1,0
2359,4.09915372836762,3.94915372836762,0.577020513565262,2.01957179747842,92.36058909849,92.36058909849,0,1,0
2360,4.09911849720383,3.94911849720383,0.577015554223513,2.01955443978229,92.3573834427462,92.3573834427462,0,1,0
2361,4.09908326634332,3.94908326634332,0.577010594924454,2.01953708223559,92.3541778145541,92.3541778145541,0,1,0
2362,4.09904803578608,3.94904803578608,0.577005635668086,2.0195197248383,92.3509722139135,92.3509722139135,0,1,0
2363,4.09901280553212,3.94901280553212,0.577000676454408,2.01950236759043,92.3477666408243,92.3477666408243,0,1,0
2364,4.09897757558142,3.94897757558142,0.57699571728342,2.01948501049197,92.3445610952861,92.3445610952861,0,1,0
2365,4.09894234593399,3.94894234593399,0.576990758155122,2.01946765354293,92.3413555772987,92.3413555772987,0,1,0
2366,4.09890711658982,3.94890711658982,0.576985799069513,2.01945029674329,92.338150086862,92.338150086862,0,1,0
2367,4.09887188754891,3.94887188754891,0.576980840026592,2.01943294009307,92.3349446239756,92.3349446239756,0,1,0
2368,4.09883665881126,3.94883665881126,0.576975881026359,2.01941558359226,92.3317391886393,92.3317391886393,0,1,0
2369,4.09880143037686,3.94880143037686,0.576970922068815,2.01939822724085,92.3285337808529,92.3285337808529,0,1,0
2370,4.09876620224572,3.94876620224572,0.576965963153958,2.01938087103885,92.3253284006161,92.3253284006161,0,1,0
2371,4.09873097441783,3.94873097441783,0.576961004281789,2.01936351498626,92.3221230479288,92.3221230479288,0,1,0
2372,4.09869574689318,3.94869574689318,0.576956045452306,2.01934615908307,92.3189177227906,92.3189177227906,0,1,0
2373,4.09866051967178,3.94866051967178,0.57695108666551,2.01932880332929,92.3157124252014,92.3157124252014,0,1,0
2374,4.09862529275363,3.94862529275363,0.5769461279214,2.0193114477249,92.3125071551609,92.3125071551609,0,1,0
2375,4.09859006613871,3.94859006613871,0.576941169219976,2.01929409226992,92.3093019126688,92.3093019126688,0,1,0
2376,4.09855483982703,3.94855483982703,0.576936210561237,2.01927673696433,92.3060966977249,92.3060966977249,0,1,0
2377,4.09851961381858,3.94851961381858,0.576931251945184,2.01925938180814,92.3028915103291,92.3028915103291,0,1,0
2378,4.09848438811337,3.94848438811337,0.576926293371815,2.01924202680135,92.2996863504809,92.2996863504809,0,1,0
2379,4.09844916271139,3.94844916271139,0.57692133484113,2.01922467194395,92.2964812181803,92.2964812181803,0,1,0
2380,4.09841393761263,3.94841393761263,0.576916376353129,2.01920731723595,92.293276113427,92.293276113427,0,1,0
2381,4.09837871281709,3.94837871281709,0.576911417907812,2.01918996267734,92.2900710362207,92.2900710362207,0,1,0
2382,4.09834348832478,3.94834348832478,0.576906459505177,2.01917260826812,92.2868659865612,92.2868659865612,0,1,0
2383,4.09830826413569,3.94830826413569,0.576901501145226,2.01915525400829,92.2836609644482,92.2836609644482,0,1,0
2384,4.09827304024981,3.94827304024981,0.576896542827957,2.01913789989785,92.2804559698816,92.2804559698816,0,1,0
2385,4.09823781666714,3.94823781666714,0.576891584553371,2.0191205459368,92.2772510028611,92.2772510028611,0,1,0
2386,4.09820259338769,3.94820259338769,0.576886626321466,2.01910319212513,92.2740460633865,92.2740460633865,0,1,0
2387,4.09816737041145,3.94816737041145,0.576881668132242,2.01908583846285,92.2708411514574,92.2708411514574,0,1,0
2388,4.09813214773841,3.94813214773841,0.576876709985699,2.01906848494995,92.2676362670737,92.2676362670737,0,1,0
2389,4.09809692536857,3.94809692536857,0.576871751881837,2.01905113158643,92.2644314102352,92.2644314102352,0,1,0
2390,4.09806170330194,3.94806170330194,0.576866793820656,2.01903377837229,92.2612265809416,92.2612265809416,0,1,0
2391,4.0980264815385,3.9480264815385,0.576861835802153,2.01901642530754,92.2580217791926,92.2580217791926,0,1,0
2392,4.09799126007826,3.94799126007826,0.576856877826331,2.01899907239216,92.254817004988,92.254817004988,0,1,0
2393,4.09795603892121,3.94795603892121,0.576851919893188,2.01898171962616,92.2516122583277,92.2516122583277,0,1,0
2394,4.09792081806734,3.94792081806734,0.576846962002723,2.01896436700953,92.2484075392113,92.2484075392113,0,1,0
2395,4.09788559751667,3.94788559751667,0.576842004154937,2.01894701454228,92.2452028476386,92.2452028476386,0,1,0
2396,4.09785037726918,3.94785037726918,0.576837046349829,2.0189296622244,92.2419981836094,92.2419981836094,0,1,0
2397,4.09781515732488,3.94781515732488,0.576832088587398,2.01891231005589,92.2387935471234,92.2387935471234,0,1,0
2398,4.09777993768375,3.94777993768375,0.576827130867645,2.01889495803676,92.2355889381805,92.2355889381805,0,1,0
2399,4.0977447183458,3.9477447183458,0.576822173190569,2.01887760616699,92.2323843567803,92.2323843567803,0,1,0
2400,4.09770949931103,3.94770949931103,0.576817215556169,2.01886025444659,92.2291798029227,92.2291798029227,0,1,0
2401,4.09767428057942,3.94767428057942,0.576812257964446,0.576812257964446,92.2259752766073,92.2259752766073,0,0,0
2402,4.09763906215099,3.94763906215099,0.576807300415398,0.576807300415398,92.222770777834,92.222770777834,0,0,0
2403,4.09760384402572,3.94760384402572,0.576802342909026,0.576802342909026,92.2195663066025,92.2195663066025,0,0,0
2404,4.09756862620362,3.94756862620362,0.576797385445329,0.576797385445329,92.2163618629126,92.2163618629126,0,0,0
2405,4.09753340868467,3.94753340868467,0.576792428024307,0.576792428024307,92.2131574467641,92.2131574467641,0,0,0
2406,4.09749819146889,3.94749819146889,0.576787470645958,0.576787470645958,92.2099530581567,92.2099530581567,0,0,0
2407,4.09746297455626,3.94746297455626,0.576782513310285,0.576782513310285,92.2067486970901,92.2067486970901,0,0,0
2408,4.09742775794678,3.94742775794678,0.576777556017284,0.576777556017284,92.2035443635642,92.2035443635642,0,0,0
2409,4.09739254164046,3.94739254164046,0.576772598766957,0.576772598766957,92.2003400575787,92.2003400575787,0,0,0
2410,4.09735732563728,3.94735732563728,0.576767641559302,0.576767641559302,92.1971357791333,92.1971357791333,0,0,0
2411,4.09732210993725,3.94732210993725,0.57676268439432,0.57676268439432,92.1939315282279,92.1939315282279,0,0,0
2412,4.09728689454036,3.94728689454036,0.576757727272011,0.576757727272011,92.1907273048621,92.1907273048621,0,0,0
2413,4.09725167944662,3.94725167944662,0.576752770192373,0.576752770192373,92.1875231090358,92.1875231090358,0,0,0
2414,4.09721646465601,3.94721646465601,0.576747813155406,0.576747813155406,92.1843189407487,92.1843189407487,0,0,0
2415,4.09718125016853,3.94718125016853,0.576742856161111,0.576742856161111,92.1811148000006,92.1811148000006,0,0,0
2416,4.09714603598419,3.94714603598419,0.576737899209486,0.576737899209486,92.1779106867912,92.1779106867912,0,0,0
2417,4.09711082210297,3.94711082210297,0.576732942300531,0.576732942300531,92.1747066011203,92.1747066011203,0,0,0
2418,4.09707560852489,3.94707560852489,0.576727985434247,0.576727985434247,92.1715025429877,92.1715025429877,0,0,0
2419,4.09704039524993,3.94704039524993,0.576723028610632,0.576723028610632,92.1682985123931,92.1682985123931,0,0,0
2420,4.09700518227809,3.94700518227809,0.576718071829686,0.576718071829686,92.1650945093363,92.1650945093363,0,0,0
2421,4.09696996960937,3.94696996960937,0.576713115091409,0.576713115091409,92.1618905338171,92.1618905338171,0,0,0
2422,4.09693475724376,3.94693475724376,0.5767081583958,0.5767081583958,92.1586865858352,92.1586865858352,0,0,0
2423,4.09689954518127,3.94689954518127,0.57670320174286,0.57670320174286,92.1554826653903,92.1554826653903,0,0,0
2424,4.0968643334219,3.9468643334219,0.576698245132587,0.576698245132587,92.1522787724823,92.1522787724823,0,0,0
2425,4.09682912196563,3.94682912196563,0.576693288564981,0.576693288564981,92.1490749071109,92.1490749071109,0,0,0
2426,4.09679391081246,3.94679391081246,0.576688332040043,0.576688332040043,92.1458710692759,92.1458710692759,0,0,0
2427,4.0967586999624,3.9467586999624,0.576683375557771,0.576683375557771,92.1426672589769,92.1426672589769,0,0,0
2428,4.09672348941545,3.94672348941545,0.576678419118165,0.576678419118165,92.1394634762139,92.1394634762139,0,0,0
2429,4.09668827917159,3.94668827917159,0.576673462721225,0.576673462721225,92.1362597209866,92.1362597209866,0,0,0
2430,4.09665306923082,3.94665306923082,0.576668506366951,0.576668506366951,92.1330559932946,92.1330559932946,0,0,0
2431,4.09661785959315,3.94661785959315,0.576663550055342,0.576663550055342,92.1298522931379,92.1298522931379,0,0,0
2432,4.09658265025857,3.94658265025857,0.576658593786398,0.576658593786398,92.1266486205161,92.1266486205161,0,0,0
2433,4.09654744122708,3.94654744122708,0.576653637560118,0.576653637560118,92.123444975429,92.123444975429,0,0,0
2434,4.09651223249867,3.94651223249867,0.576648681376502,0.576648681376502,92.1202413578764,92.1202413578764,0,0,0
2435,4.09647702407334,3.94647702407334,0.57664372523555,0.57664372523555,92.117037767858,92.117037767858,0,0,0
2436,4.0964418159511,3.9464418159511,0.576638769137261,0.576638769137261,92.1138342053736,92.1138342053736,0,0,0
2437,4.09640660813193,3.94640660813193,0.576633813081634,0.576633813081634,92.110630670423,92.110630670423,0,0,0
2438,4.09637140061584,3.94637140061584,0.576628857068671,0.576628857068671,92.1074271630059,92.1074271630059,0,0,0
2439,4.09633619340282,3.94633619340282,0.576623901098369,0.576623901098369,92.1042236831221,92.1042236831221,0,0,0
2440,4.09630098649287,3.94630098649287,0.57661894517073,0.57661894517073,92.1010202307713,92.1010202307713,0,0,0
2441,4.09626577988598,3.94626577988598,0.576613989285752,0.576613989285752,92.0978168059534,92.0978168059534,0,0,0
2442,4.09623057358216,3.94623057358216,0.576609033443435,0.576609033443435,92.094613408668,92.094613408668,0,0,0
2443,4.09619536758141,3.94619536758141,0.576604077643779,0.576604077643779,92.091410038915,92.091410038915,0,0,0
2444,4.09616016188371,3.94616016188371,0.576599121886783,0.576599121886783,92.088206696694,92.088206696694,0,0,0
2445,4.09612495648906,3.94612495648906,0.576594166172447,0.576594166172447,92.0850033820049,92.0850033820049,0,0,0
2446,4.09608975139747,3.94608975139747,0.576589210500771,0.576589210500771,92.0818000948475,92.0818000948475,0,0,0
2447,4.09605454660894,3.94605454660894,0.576584254871754,0.576584254871754,92.0785968352214,92.0785968352214,0,0,0
2448,4.09601934212345,3.94601934212345,0.576579299285395,0.576579299285395,92.0753936031266,92.0753936031266,0,0,0
2449,4.09598413794101,3.94598413794101,0.576574343741696,0.576574343741696,92.0721903985626,92.0721903985626,0,0,0
2450,4.09594893406161,3.94594893406161,0.576569388240654,0.576569388240654,92.0689872215293,92.0689872215293,0,0,0
2451,4.09591373048525,3.94591373048525,0.57656443278227,0.57656443278227,92.0657840720264,92.0657840720264,0,0,0
2452,4.09587852721193,3.94587852721193,0.576559477366544,0.576559477366544,92.0625809500538,92.0625809500538,0,0,0
2453,4.09584332424164,3.94584332424164,0.576554521993475,0.576554521993475,92.0593778556111,92.0593778556111,0,0,0
2454,4.09580812157439,3.94580812157439,0.576549566663062,0.576549566663062,92.0561747886981,92.0561747886981,0,0,0
2455,4.09577291921017,3.94577291921017,0.576544611375306,0.576544611375306,92.0529717493147,92.0529717493147,0,0,0
2456,4.09573771714898,3.94573771714898,0.576539656130205,0.576539656130205,92.0497687374605,92.0497687374605,0,0,0
2457,4.09570251539081,3.94570251539081,0.57653470092776,0.57653470092776,92.0465657531353,92.0465657531353,0,0,0
2458,4.09566731393566,3.94566731393566,0.57652974576797,0.57652974576797,92.0433627963389,92.0433627963389,0,0,0
2459,4.09563211278354,3.94563211278354,0.576524790650836,0.576524790650836,92.0401598670711,92.0401598670711,0,0,0
2460,4.09559691193443,3.94559691193443,0.576519835576355,0.576519835576355,92.0369569653316,92.0369569653316,0,0,0
2461,4.09556171138833,3.94556171138833,0.576514880544528,0.576514880544528,92.0337540911201,92.0337540911201,0,0,0
2462,4.09552651114525,3.94552651114525,0.576509925555356,0.576509925555356,92.0305512444365,92.0305512444365,0,0,0
2463,4.09549131120518,3.94549131120518,0.576504970608837,0.576504970608837,92.0273484252805,92.0273484252805,0,0,0
2464,4.09545611156811,3.94545611156811,0.57650001570497,0.57650001570497,92.0241456336518,92.0241456336518,0,0,0
2465,4.09542091223405,3.94542091223405,0.576495060843757,0.576495060843757,92.0209428695503,92.0209428695503,0,0,0
2466,4.09538571320299,3.94538571320299,0.576490106025195,0.576490106025195,92.0177401329756,92.0177401329756,0,0,0
2467,4.09535051447492,3.94535051447492,0.576485151249286,0.576485151249286,92.0145374239276,92.0145374239276,0,0,0
2468,4.09531531604986,3.94531531604986,0.576480196516027,0.576480196516027,92.011334742406,92.011334742406,0,0,0
2469,4.09528011792779,3.94528011792779,0.57647524182542,0.57647524182542,92.0081320884106,92.0081320884106,0,0,0
2470,4.09524492010871,3.94524492010871,0.576470287177465,0.576470287177465,92.0049294619411,92.0049294619411,0,0,0
2471,4.09520972259261,3.94520972259261,0.576465332572159,0.576465332572159,92.0017268629974,92.0017268629974,0,0,0
2472,4.09517452537951,3.94517452537951,0.576460378009503,0.576460378009503,91.9985242915791,91.9985242915791,0,0,0
2473,4.09513932846938,3.94513932846938,0.576455423489497,0.576455423489497,91.995321747686,91.995321747686,0,0,0
2474,4.09510413186224,3.94510413186224,0.57645046901214,0.57645046901214,91.9921192313179,91.9921192313179,0,0,0
2475,4.09506893555808,3.94506893555808,0.576445514577432,0.576445514577432,91.9889167424746,91.9889167424746,0,0,0
2476,4.09503373955689,3.94503373955689,0.576440560185373,0.576440560185373,91.9857142811558,91.9857142811558,0,0,0
2477,4.09499854385867,3.94499854385867,0.576435605835962,0.576435605835962,91.9825118473613,91.9825118473613,0,0,0
2478,4.09496334846343,3.94496334846343,0.576430651529198,0.576430651529198,91.9793094410908,91.9793094410908,0,0,0
2479,4.09492815337114,3.94492815337114,0.576425697265082,0.576425697265082,91.9761070623441,91.9761070623441,0,0,0
2480,4.09489295858183,3.94489295858183,0.576420743043614,0.576420743043614,91.972904711121,91.972904711121,0,0,0
2481,4.09485776409548,3.94485776409548,0.576415788864792,0.576415788864792,91.9697023874212,91.9697023874212,0,0,0
2482,4.09482256991209,3.94482256991209,0.576410834728616,0.576410834728616,91.9665000912446,91.9665000912446,0,0,0
2483,4.09478737603165,3.94478737603165,0.576405880635086,0.576405880635086,91.9632978225908,91.9632978225908,0,0,0
2484,4.09475218245417,3.94475218245417,0.576400926584202,0.576400926584202,91.9600955814596,91.9600955814596,0,0,0
2485,4.09471698917964,3.94471698917964,0.576395972575963,0.576395972575963,91.9568933678508,91.9568933678508,0,0,0
2486,4.09468179620806,3.94468179620806,0.576391018610369,0.576391018610369,91.9536911817642,91.9536911817642,0,0,0
2487,4.09464660353943,3.94464660353943,0.57638606468742,0.57638606468742,91.9504890231994,91.9504890231994,0,0,0
2488,4.09461141117374,3.94461141117374,0.576381110807114,0.576381110807114,91.9472868921563,91.9472868921563,0,0,0
2489,4.09457621911099,3.94457621911099,0.576376156969453,0.576376156969453,91.9440847886347,91.9440847886347,0,0,0
2490,4.09454102735118,3.94454102735118,0.576371203174435,0.576371203174435,91.9408827126343,91.9408827126343,0,0,0
2491,4.09450583589431,3.94450583589431,0.57636624942206,0.57636624942206,91.9376806641548,91.9376806641548,0,0,0
2492,4.09447064474037,3.94447064474037,0.576361295712327,0.576361295712327,91.9344786431961,91.9344786431961,0,0,0
2493,4.09443545388936,3.94443545388936,0.576356342045237,0.576356342045237,91.9312766497579,91.9312766497579,0,0,0
2494,4.09440026334128,3.94440026334128,0.576351388420789,0.576351388420789,91.9280746838399,91.9280746838399,0,0,0
2495,4.09436507309613,3.94436507309613,0.576346434838982,0.576346434838982,91.9248727454419,91.9248727454419,0,0,0
2496,4.0943298831539,3.9443298831539,0.576341481299817,0.576341481299817,91.9216708345638,91.9216708345638,0,0,0
2497,4.09429469351459,3.94429469351459,0.576336527803292,0.576336527803292,91.9184689512051,91.9184689512051,0,0,0
2498,4.09425950417819,3.94425950417819,0.576331574349408,0.576331574349408,91.9152670953658,91.9152670953658,0,0,0
2499,4.09422431514472,3.94422431514472,0.576326620938164,0.576326620938164,91.9120652670455,91.9120652670455,0,0,0
2500,4.09418912641415,3.94418912641415,0.576321667569559,0.576321667569559,91.9088634662441,83.9088634662441,0,0,0
2501,4.0941539379865,3.9441539379865,0.576316714243595,0.576316714243595,91.9056616929613,83.9056616929613,0,0,0
2502,4.09411874986175,3.94411874986175,0.576311760960269,0.576311760960269,91.9024599471968,83.9024599471968,0,0,0
2503,4.0940835620399,3.9440835620399,0.576306807719581,0.576306807719581,91.8992582289504,83.8992582289504,0,0,0
2504,4.09404837452096,3.94404837452096,0.576301854521532,0.576301854521532,91.896056538222,83.896056538222,0,0,0
2505,4.09401318730492,3.94401318730492,0.576296901366121,0.576296901366121,91.8928548750112,83.8928548750112,0,0,0
2506,4.09397800039178,3.94397800039178,0.576291948253347,0.576291948253347,91.8896532393178,83.8896532393178,0,0,0
2507,4.09394281378153,3.94394281378153,0.57628699518321,0.57628699518321,91.8864516311415,83.8864516311415,0,0,0
2508,4.09390762747417,3.94390762747417,0.576282042155711,0.576282042155711,91.8832500504822,83.8832500504822,0,0,0
2509,4.0938724414697,3.9438724414697,0.576277089170847,0.576277089170847,91.8800484973396,83.8800484973396,0,0,0
2510,4.09383725576811,3.94383725576811,0.57627213622862,0.57627213622862,91.8768469717135,83.8768469717135,0,0,0
2511,4.09380207036941,3.94380207036941,0.576267183329028,0.576267183329028,91.8736454736036,83.8736454736036,0,0,0
2512,4.0937668852736,3.9437668852736,0.576262230472072,0.576262230472072,91.8704440030097,83.8704440030097,0,0,0
2513,4.09373170048066,3.94373170048066,0.57625727765775,0.57625727765775,91.8672425599316,83.8672425599316,0,0,0
2514,4.09369651599059,3.94369651599059,0.576252324886063,0.576252324886063,91.8640411443689,83.8640411443689,0,0,0
2515,4.0936613318034,3.9436613318034,0.57624737215701,0.57624737215701,91.8608397563216,83.8608397563216,0,0,0
2516,4.09362614791908,3.94362614791908,0.576242419470592,0.576242419470592,91.8576383957892,83.8576383957893,0,0,0
2517,4.09359096433763,3.94359096433763,0.576237466826806,0.576237466826806,91.8544370627717,83.8544370627717,0,0,0
2518,4.09355578105904,3.94355578105904,0.576232514225654,0.576232514225654,91.8512357572688,83.8512357572688,0,0,0
2519,4.09352059808332,3.94352059808332,0.576227561667134,0.576227561667134,91.8480344792802,83.8480344792802,0,0,0
2520,4.09348541541046,3.94348541541046,0.576222609151247,0.576222609151247,91.8448332288057,83.8448332288057,0,0,0
2521,4.09345023304045,3.94345023304045,0.576217656677992,0.576217656677992,91.841632005845,83.841632005845,0,0,0
2522,4.0934150509733,3.9434150509733,0.576212704247368,0.576212704247368,91.838430810398,83.838430810398,0,0,0
2523,4.09337986920901,3.94337986920901,0.576207751859376,0.576207751859376,91.8352296424643,83.8352296424643,0,0,0
2524,4.09334468774756,3.94334468774756,0.576202799514014,0.576202799514014,91.8320285020438,83.8320285020438,0,0,0
2525,4.09330950658896,3.94330950658896,0.576197847211283,0.576197847211283,91.8288273891362,83.8288273891362,0,0,0
2526,4.0932743257332,3.9432743257332,0.576192894951182,0.576192894951182,91.8256263037413,83.8256263037413,0,0,0
2527,4.09323914518029,3.94323914518029,0.576187942733711,0.576187942733711,91.8224252458589,83.8224252458589,0,0,0
2528,4.09320396493021,3.94320396493021,0.57618299055887,0.57618299055887,91.8192242154886,83.8192242154886,0,0,0
2529,4.09316878498297,3.94316878498297,0.576178038426657,0.576178038426657,91.8160232126303,83.8160232126303,0,0,0
2530,4.09313360533857,3.94313360533857,0.576173086337073,0.576173086337073,91.8128222372837,83.8128222372837,0,0,0
2531,4.093098425997,3.943098425997,0.576168134290118,0.576168134290118,91.8096212894486,83.8096212894486,0,0,0
2532,4.09306324695825,3.94306324695825,0.57616318228579,0.57616318228579,91.8064203691247,83.8064203691247,0,0,0
2533,4.09302806822234,3.94302806822234,0.57615823032409,0.57615823032409,91.8032194763119,83.8032194763119,0,0,0
2534,4.09299288978924,3.94299288978924,0.576153278405017,0.576153278405017,91.8000186110099,83.8000186110099,0,0,0
2535,4.09295771165897,3.94295771165897,0.576148326528571,0.576148326528571,91.7968177732184,83.7968177732184,0,0,0
2536,4.09292253383152,3.94292253383152,0.576143374694752,0.576143374694752,91.7936169629372,83.7936169629372,0,0,0
2537,4.09288735630688,3.94288735630688,0.576138422903558,0.576138422903558,91.790416180166,83.790416180166,0,0,0
2538,4.09285217908505,3.94285217908505,0.57613347115499,0.57613347115499,91.7872154249047,83.7872154249047,0,0,0
2539,4.09281700216604,3.94281700216604,0.576128519449048,0.576128519449048,91.784014697153,83.784014697153,0,0,0
2540,4.09278182554983,3.94278182554983,0.576123567785731,0.576123567785731,91.7808139969107,83.7808139969107,0,0,0
2541,4.09274664923643,3.94274664923643,0.576118616165038,0.576118616165038,91.7776133241775,83.7776133241775,0,0,0
2542,4.09271147322583,3.94271147322583,0.576113664586969,0.576113664586969,91.7744126789532,83.7744126789532,0,0,0
2543,4.09267629751803,3.94267629751803,0.576108713051525,0.576108713051525,91.7712120612375,83.7712120612375,0,0,0
2544,4.09264112211303,3.94264112211303,0.576103761558704,0.576103761558704,91.7680114710302,83.7680114710302,0,0,0
2545,4.09260594701083,3.94260594701083,0.576098810108506,0.576098810108506,91.7648109083311,83.7648109083311,0,0,0
2546,4.09257077221141,3.94257077221141,0.576093858700931,0.576093858700931,91.76161037314,83.76161037314,0,0,0
2547,4.09253559771479,3.94253559771479,0.576088907335978,0.576088907335978,91.7584098654565,83.7584098654565,0,0,0
2548,4.09250042352095,3.94250042352095,0.576083956013647,0.576083956013647,91.7552093852805,83.7552093852805,0,0,0
2549,4.0924652496299,3.9424652496299,0.576079004733938,0.576079004733938,91.7520089326118,83.7520089326118,0,0,0
2550,4.09243007604163,3.94243007604163,0.576074053496851,0.576074053496851,91.74880850745,83.74880850745,0,0,0
2551,4.09239490275614,3.94239490275614,0.576069102302384,0.576069102302384,91.745608109795,83.745608109795,0,0,0
2552,4.09235972977342,3.94235972977342,0.576064151150538,0.576064151150538,91.7424077396465,83.7424077396465,0,0,0
2553,4.09232455709348,3.94232455709348,0.576059200041312,0.576059200041312,91.7392073970043,83.7392073970043,0,0,0
2554,4.09228938471631,3.94228938471631,0.576054248974706,0.576054248974706,91.7360070818681,83.7360070818681,0,0,0
2555,4.09225421264191,3.94225421264191,0.576049297950719,0.576049297950719,91.7328067942377,83.7328067942377,0,0,0
2556,4.09221904087027,3.94221904087027,0.576044346969352,0.576044346969352,91.7296065341129,83.7296065341129,0,0,0
2557,4.0921838694014,3.9421838694014,0.576039396030603,0.576039396030603,91.7264063014934,83.7264063014934,0,0,0
2558,4.09214869823529,3.94214869823529,0.576034445134473,0.576034445134473,91.7232060963791,83.7232060963791,0,0,0
2559,4.09211352737194,3.94211352737194,0.57602949428096,0.57602949428096,91.7200059187696,83.7200059187696,0,0,0
2560,4.09207835681134,3.94207835681134,0.576024543470065,0.576024543470065,91.7168057686647,83.7168057686647,0,0,0
2561,4.0920431865535,3.9420431865535,0.576019592701788,0.576019592701788,91.7136056460642,83.7136056460642,0,0,0
2562,4.09200801659841,3.94200801659841,0.576014641976128,0.576014641976128,91.7104055509678,83.7104055509678,0,0,0
2563,4.09197284694606,3.94197284694606,0.576009691293083,0.576009691293083,91.7072054833754,83.7072054833754,0,0,0
2564,4.09193767759646,3.94193767759646,0.576004740652655,0.576004740652655,91.7040054432866,83.7040054432866,0,0,0
2565,4.09190250854961,3.94190250854961,0.575999790054843,0.575999790054843,91.7008054307013,83.7008054307013,0,0,0
2566,4.09186733980549,3.94186733980549,0.575994839499647,0.575994839499647,91.6976054456192,83.6976054456192,0,0,0
2567,4.09183217136411,3.94183217136411,0.575989888987065,0.575989888987065,91.6944054880401,83.6944054880401,0,0,0
2568,4.09179700322547,3.94179700322547,0.575984938517098,0.575984938517098,91.6912055579637,83.6912055579637,0,0,0
2569,4.09176183538955,3.94176183538955,0.575979988089746,0.575979988089746,91.6880056553897,83.6880056553897,0,0,0
2570,4.09172666785637,3.94172666785637,0.575975037705007,0.575975037705007,91.6848057803181,83.6848057803181,0,0,0
2571,4.09169150062591,3.94169150062592,0.575970087362882,0.575970087362882,91.6816059327484,83.6816059327484,0,0,0
2572,4.09165633369818,3.94165633369818,0.57596513706337,0.57596513706337,91.6784061126805,83.6784061126806,0,0,0
2573,4.09162116707317,3.94162116707317,0.575960186806471,0.575960186806471,91.6752063201142,83.6752063201142,0,0,0
2574,4.09158600075088,3.94158600075088,0.575955236592185,0.575955236592185,91.6720065550492,83.6720065550492,0,0,0
2575,4.09155083473131,3.94155083473131,0.575950286420511,0.575950286420511,91.6688068174853,83.6688068174853,0,0,0
2576,4.09151566901445,3.94151566901445,0.575945336291448,0.575945336291448,91.6656071074222,83.6656071074222,0,0,0
2577,4.0914805036003,3.9414805036003,0.575940386204997,0.575940386204997,91.6624074248597,83.6624074248597,0,0,0
2578,4.09144533848886,3.94144533848886,0.575935436161157,0.575935436161157,91.6592077697975,83.6592077697975,0,0,0
2579,4.09141017368012,3.94141017368012,0.575930486159927,0.575930486159927,91.6560081422355,83.6560081422355,0,0,0
2580,4.09137500917409,3.94137500917409,0.575925536201308,0.575925536201308,91.6528085421734,83.6528085421734,0,0,0
2581,4.09133984497076,3.94133984497076,0.575920586285298,0.575920586285298,91.6496089696109,83.6496089696109,0,0,0
2582,4.09130468107013,3.94130468107013,0.575915636411899,0.575915636411899,91.6464094245478,83.6464094245478,0,0,0
2583,4.09126951747219,3.94126951747219,0.575910686581108,0.575910686581108,91.643209906984,83.643209906984,0,0,0
2584,4.09123435417695,3.94123435417695,0.575905736792926,0.575905736792926,91.640010416919,83.640010416919,0,0,0
2585,4.09119919118439,3.94119919118439,0.575900787047353,0.575900787047353,91.6368109543528,83.6368109543528,0,0,0
2586,4.09116402849453,3.94116402849453,0.575895837344387,0.575895837344387,91.633611519285,83.633611519285,0,0,0
2587,4.09112886610734,3.94112886610734,0.575890887684029,0.575890887684029,91.6304121117155,83.6304121117155,0,0,0
2588,4.09109370402285,3.94109370402285,0.575885938066279,0.575885938066279,91.6272127316439,83.6272127316439,0,0,0
2589,4.09105854224103,3.94105854224103,0.575880988491136,0.575880988491136,91.6240133790701,83.6240133790701,0,0,0
2590,4.09102338076189,3.94102338076189,0.575876038958599,0.575876038958599,91.6208140539939,83.6208140539939,0,0,0
2591,4.09098821958542,3.94098821958542,0.575871089468668,0.575871089468668,91.6176147564149,83.6176147564149,0,0,0
2592,4.09095305871163,3.94095305871163,0.575866140021344,0.575866140021344,91.614415486333,83.614415486333,0,0,0
2593,4.0909178981405,3.9409178981405,0.575861190616625,0.575861190616625,91.6112162437478,83.6112162437478,0,0,0
2594,4.09088273787204,3.94088273787204,0.57585624125451,0.57585624125451,91.6080170286593,83.6080170286593,0,0,0
2595,4.09084757790625,3.94084757790625,0.575851291935001,0.575851291935001,91.6048178410671,83.6048178410671,0,0,0
2596,4.09081241824312,3.94081241824312,0.575846342658096,0.575846342658096,91.601618680971,83.601618680971,0,0,0
2597,4.09077725888264,3.94077725888264,0.575841393423795,0.575841393423795,91.5984195483707,83.5984195483708,0,0,0
2598,4.09074209982483,3.94074209982483,0.575836444232098,0.575836444232098,91.5952204432661,83.5952204432661,0,0,0
2599,4.09070694106966,3.94070694106966,0.575831495083004,0.575831495083004,91.5920213656569,83.5920213656569,0,0,0
2600,4.09067178261715,3.94067178261715,0.575826545976513,0.575826545976513,91.5888223155428,83.5888223155428,0,0,0
2601,4.09063662446729,3.94063662446729,0.575821596912625,0.575821596912625,91.5856232929237,83.5856232929237,0,0,0
2602,4.09060146662007,3.94060146662007,0.575816647891338,0.575816647891338,91.5824242977992,83.5824242977992,0,0,0
2603,4.09056630907549,3.94056630907549,0.575811698912654,0.575811698912654,91.5792253301692,83.5792253301692,0,0,0
2604,4.09053115183356,3.94053115183356,0.575806749976571,0.575806749976571,91.5760263900333,83.5760263900333,0,0,0
2605,4.09049599489426,3.94049599489426,0.575801801083089,0.575801801083089,91.5728274773915,83.5728274773915,0,0,0
2606,4.0904608382576,3.9404608382576,0.575796852232208,0.575796852232208,91.5696285922434,83.5696285922434,0,0,0
2607,4.09042568192357,3.94042568192357,0.575791903423927,0.575791903423927,91.5664297345888,83.5664297345888,0,0,0
2608,4.09039052589218,3.94039052589218,0.575786954658246,0.575786954658246,91.5632309044274,83.5632309044274,0,0,0
2609,4.09035537016341,3.94035537016341,0.575782005935165,0.575782005935165,91.5600321017591,83.5600321017591,0,0,0
2610,4.09032021473726,3.94032021473726,0.575777057254682,0.575777057254682,91.5568333265835,83.5568333265835,0,0,0
2611,4.09028505961374,3.94028505961374,0.575772108616799,0.575772108616799,91.5536345789005,83.5536345789005,0,0,0
2612,4.09024990479284,3.94024990479284,0.575767160021515,0.575767160021515,91.5504358587098,83.5504358587098,0,0,0
2613,4.09021475027455,3.94021475027455,0.575762211468828,0.575762211468828,91.5472371660112,83.5472371660112,0,0,0
2614,4.09017959605888,3.94017959605888,0.575757262958739,0.575757262958739,91.5440385008045,83.5440385008045,0,0,0
2615,4.09014444214582,3.94014444214582,0.575752314491247,0.575752314491247,91.5408398630893,83.5408398630893,0,0,0
2616,4.09010928853537,3.94010928853537,0.575747366066353,0.575747366066353,91.5376412528655,83.5376412528655,0,0,0
2617,4.09007413522753,3.94007413522753,0.575742417684056,0.575742417684056,91.5344426701329,83.5344426701329,0,0,0
2618,4.09003898222229,3.94003898222229,0.575737469344354,0.575737469344354,91.5312441148911,83.5312441148911,0,0,0
2619,4.09000382951965,3.94000382951965,0.575732521047248,0.575732521047248,91.52804558714,83.52804558714,0,0,0
2620,4.08996867711961,3.93996867711961,0.575727572792739,0.575727572792739,91.5248470868793,83.5248470868793,0,0,0
2621,4.08993352502217,3.93993352502217,0.575722624580824,0.575722624580824,91.5216486141088,83.5216486141088,0,0,0
2622,4.08989837322732,3.93989837322732,0.575717676411504,0.575717676411504,91.5184501688283,83.5184501688283,0,0,0
2623,4.08986322173507,3.93986322173507,0.575712728284779,0.575712728284779,91.5152517510374,83.5152517510374,0,0,0
2624,4.0898280705454,3.9398280705454,0.575707780200647,0.575707780200647,91.5120533607361,83.5120533607361,0,0,0
2625,4.08979291965831,3.93979291965831,0.575702832159109,0.575702832159109,91.5088549979239,83.5088549979239,0,0,0
2626,4.08975776907381,3.93975776907381,0.575697884160165,0.575697884160165,91.5056566626008,83.5056566626008,0,0,0
2627,4.08972261879189,3.93972261879189,0.575692936203814,0.575692936203814,91.5024583547664,83.5024583547664,0,0,0
2628,4.08968746881255,3.93968746881255,0.575687988290055,0.575687988290055,91.4992600744206,83.4992600744206,0,0,0
2629,4.08965231913579,3.93965231913579,0.575683040418889,0.575683040418889,91.496061821563,83.496061821563,0,0,0
2630,4.08961716976159,3.93961716976159,0.575678092590314,0.575678092590314,91.4928635961936,83.4928635961936,0,0,0
2631,4.08958202068997,3.93958202068997,0.575673144804331,0.575673144804331,91.4896653983119,83.4896653983119,0,0,0
2632,4.08954687192091,3.93954687192091,0.575668197060939,0.575668197060939,91.4864672279178,83.4864672279178,0,0,0
2633,4.08951172345442,3.93951172345442,0.575663249360138,0.575663249360138,91.483269085011,83.483269085011,0,0,0
2634,4.08947657529049,3.93947657529049,0.575658301701928,0.575658301701928,91.4800709695914,83.4800709695914,0,0,0
2635,4.08944142742912,3.93944142742912,0.575653354086307,0.575653354086307,91.4768728816586,83.4768728816586,0,0,0
2636,4.08940627987031,3.93940627987031,0.575648406513276,0.575648406513276,91.4736748212125,83.4736748212125,0,0,0
2637,4.08937113261405,3.93937113261405,0.575643458982834,0.575643458982834,91.4704767882528,83.4704767882528,0,0,0
2638,4.08933598566035,3.93933598566035,0.575638511494981,0.575638511494981,91.4672787827792,83.4672787827792,0,0,0
2639,4.08930083900919,3.93930083900919,0.575633564049717,0.575633564049717,91.4640808047916,83.4640808047916,0,0,0
2640,4.08926569266058,3.93926569266058,0.575628616647041,0.575628616647041,91.4608828542896,83.4608828542896,0,0,0
2641,4.08923054661451,3.93923054661451,0.575623669286953,0.575623669286953,91.4576849312731,83.4576849312731,0,0,0
2642,4.08919540087099,3.93919540087099,0.575618721969452,0.575618721969452,91.4544870357418,83.4544870357418,0,0,0
2643,4.08916025543,3.93916025543,0.575613774694539,0.575613774694539,91.4512891676955,83.4512891676955,0,0,0
2644,4.08912511029155,3.93912511029155,0.575608827462212,0.575608827462212,91.448091327134,83.448091327134,0,0,0
2645,4.08908996545564,3.93908996545564,0.575603880272472,0.575603880272472,91.4448935140569,83.4448935140569,0,0,0
2646,4.08905482092225,3.93905482092225,0.575598933125317,0.575598933125317,91.4416957284641,83.4416957284641,0,0,0
2647,4.0890196766914,3.9390196766914,0.575593986020748,0.575593986020748,91.4384979703553,83.4384979703553,0,0,0
2648,4.08898453276307,3.93898453276307,0.575589038958765,0.575589038958765,91.4353002397304,83.4353002397304,0,0,0
2649,4.08894938913726,3.93894938913726,0.575584091939366,0.575584091939366,91.4321025365889,83.4321025365889,0,0,0
2650,4.08891424581397,3.93891424581397,0.575579144962552,0.575579144962552,91.4289048609309,83.4289048609309,0,0,0
2651,4.0888791027932,3.9388791027932,0.575574198028322,0.575574198028322,91.4257072127559,83.4257072127559,0,0,0
2652,4.08884396007494,3.93884396007494,0.575569251136676,0.575569251136676,91.4225095920637,83.4225095920637,0,0,0
2653,4.0888088176592,3.9388088176592,0.575564304287613,0.575564304287613,91.4193119988542,83.4193119988542,0,0,0
2654,4.08877367554597,3.93877367554597,0.575559357481133,0.575559357481133,91.4161144331271,83.4161144331271,0,0,0
2655,4.08873853373525,3.93873853373525,0.575554410717236,0.575554410717236,91.4129168948821,83.4129168948821,0,0,0
2656,4.08870339222703,3.93870339222703,0.575549463995922,0.575549463995922,91.4097193841189,83.409719384119,0,0,0
2657,4.08866825102131,3.93866825102131,0.575544517317189,0.575544517317189,91.4065219008375,83.4065219008375,0,0,0
2658,4.08863311011809,3.93863311011809,0.575539570681038,0.575539570681038,91.4033244450375,83.4033244450375,0,0,0
2659,4.08859796951737,3.93859796951737,0.575534624087468,0.575534624087468,91.4001270167186,83.4001270167187,0,0,0
2660,4.08856282921915,3.93856282921915,0.575529677536479,0.575529677536479,91.3969296158808,83.3969296158808,0,0,0
2661,4.08852768922341,3.93852768922341,0.57552473102807,0.57552473102807,91.3937322425237,83.3937322425237,0,0,0
2662,4.08849254953016,3.93849254953016,0.575519784562242,0.575519784562242,91.390534896647,83.390534896647,0,0,0
2663,4.08845741013941,3.93845741013941,0.575514838138993,0.575514838138993,91.3873375782506,83.3873375782506,0,0,0
2664,4.08842227105113,3.93842227105113,0.575509891758324,0.575509891758324,91.3841402873342,83.3841402873342,0,0,0
2665,4.08838713226534,3.93838713226534,0.575504945420233,0.575504945420233,91.3809430238976,83.3809430238976,0,0,0
2666,4.08835199378202,3.93835199378202,0.575499999124722,0.575499999124722,91.3777457879405,83.3777457879405,0,0,0
2667,4.08831685560118,3.93831685560118,0.575495052871788,0.575495052871788,91.3745485794627,83.3745485794627,0,0,0
2668,4.08828171772282,3.93828171772282,0.575490106661433,0.575490106661433,91.371351398464,83.371351398464,0,0,0
2669,4.08824658014692,3.93824658014692,0.575485160493655,0.575485160493655,91.3681542449441,83.3681542449441,0,0,0
2670,4.0882114428735,3.9382114428735,0.575480214368454,0.575480214368454,91.3649571189028,83.3649571189028,0,0,0
2671,4.08817630590254,3.93817630590254,0.57547526828583,0.57547526828583,91.3617600203398,83.3617600203398,0,0,0
2672,4.08814116923404,3.93814116923404,0.575470322245782,0.575470322245782,91.358562949255,83.358562949255,0,0,0
2673,4.088106032868,3.938106032868,0.575465376248311,0.575465376248311,91.355365905648,83.355365905648,0,0,0
2674,4.08807089680442,3.93807089680442,0.575460430293415,0.575460430293415,91.3521688895187,83.3521688895187,0,0,0
2675,4.0880357610433,3.9380357610433,0.575455484381095,0.575455484381095,91.3489719008668,83.3489719008668,0,0,0
2676,4.08800062558462,3.93800062558462,0.575450538511349,0.575450538511349,91.3457749396921,83.3457749396921,0,0,0
2677,4.0879654904284,3.9379654904284,0.575445592684178,0.575445592684178,91.3425780059943,83.3425780059943,0,0,0
2678,4.08793035557463,3.93793035557463,0.575440646899582,0.575440646899582,91.3393810997732,83.3393810997732,0,0,0
2679,4.0878952210233,3.9378952210233,0.575435701157559,0.575435701157559,91.3361842210286,83.3361842210286,0,0,0
2680,4.08786008677441,3.93786008677441,0.57543075545811,0.57543075545811,91.3329873697602,83.3329873697602,0,0,0
2681,4.08782495282796,3.93782495282796,0.575425809801234,0.575425809801234,91.3297905459678,83.3297905459678,0,0,0
2682,4.08778981918395,3.93778981918395,0.57542086418693,0.57542086418693,91.3265937496512,83.3265937496512,0,0,0
2683,4.08775468584238,3.93775468584238,0.575415918615199,0.575415918615199,91.32339698081,83.32339698081,0,0,0
2684,4.08771955280323,3.93771955280323,0.57541097308604,0.57541097308604,91.3202002394442,83.3202002394442,0,0,0
2685,4.08768442006651,3.93768442006651,0.575406027599453,0.575406027599453,91.3170035255534,83.3170035255534,0,0,0
2686,4.08764928763222,3.93764928763222,0.575401082155437,0.575401082155437,91.3138068391374,83.3138068391374,0,0,0
2687,4.08761415550036,3.93761415550036,0.575396136753992,0.575396136753992,91.3106101801959,83.3106101801959,0,0,0
2688,4.08757902367091,3.93757902367091,0.575391191395117,0.575391191395117,91.3074135487288,83.3074135487288,0,0,0
2689,4.08754389214389,3.93754389214389,0.575386246078813,0.575386246078813,91.3042169447359,83.3042169447359,0,0,0
2690,4.08750876091928,3.93750876091928,0.575381300805079,0.575381300805079,91.3010203682167,83.3010203682167,0,0,0
2691,4.08747362999708,3.93747362999708,0.575376355573914,0.575376355573914,91.2978238191712,83.2978238191712,0,0,0
2692,4.08743849937729,3.93743849937729,0.575371410385317,0.575371410385317,91.294627297599,83.294627297599,0,0,0
2693,4.08740336905992,3.93740336905992,0.57536646523929,0.57536646523929,91.2914308035001,83.2914308035001,0,0,0
2694,4.08736823904494,3.93736823904494,0.575361520135831,0.575361520135831,91.288234336874,83.288234336874,0,0,0
2695,4.08733310933238,3.93733310933238,0.57535657507494,0.57535657507494,91.2850378977206,83.2850378977206,0,0,0
2696,4.08729797992221,3.93729797992221,0.575351630056617,0.575351630056617,91.2818414860397,83.2818414860397,0,0,0
2697,4.08726285081444,3.93726285081444,0.575346685080861,0.575346685080861,91.2786451018309,83.2786451018309,0,0,0
2698,4.08722772200906,3.93722772200906,0.575341740147672,0.575341740147672,91.2754487450942,83.2754487450942,0,0,0
2699,4.08719259350608,3.93719259350608,0.575336795257049,0.575336795257049,91.2722524158291,83.2722524158291,0,0,0
2700,4.08715746530548,3.93715746530548,0.575331850408993,0.575331850408993,91.2690561140356,83.2690561140356,0,0,0
2701,4.08712233740728,3.93712233740728,0.575326905603502,0.575326905603502,91.2658598397133,83.2658598397133,0,0,0
2702,4.08708720981146,3.93708720981146,0.575321960840577,0.575321960840577,91.2626635928621,83.2626635928621,0,0,0
2703,4.08705208251802,3.93705208251802,0.575317016120216,0.575317016120216,91.2594673734816,83.2594673734816,0,0,0
2704,4.08701695552696,3.93701695552696,0.575312071442421,0.575312071442421,91.2562711815717,83.2562711815717,0,0,0
2705,4.08698182883827,3.93698182883827,0.575307126807189,0.575307126807189,91.2530750171321,83.2530750171321,0,0,0
2706,4.08694670245196,3.93694670245196,0.575302182214522,0.575302182214522,91.2498788801625,83.2498788801625,0,0,0
2707,4.08691157636803,3.93691157636803,0.575297237664418,0.575297237664418,91.2466827706628,83.2466827706628,0,0,0
2708,4.08687645058646,3.93687645058646,0.575292293156877,0.575292293156877,91.2434866886328,83.2434866886328,0,0,0
2709,4.08684132510726,3.93684132510726,0.5752873486919,0.5752873486919,91.2402906340721,83.2402906340721,0,0,0
2710,4.08680619993042,3.93680619993042,0.575282404269485,0.575282404269485,91.2370946069805,83.2370946069805,0,0,0
2711,4.08677107505594,3.93677107505594,0.575277459889631,0.575277459889631,91.2338986073578,83.2338986073578,0,0,0
2712,4.08673595048382,3.93673595048382,0.57527251555234,0.57527251555234,91.2307026352038,83.2307026352038,0,0,0
2713,4.08670082621406,3.93670082621406,0.57526757125761,0.57526757125761,91.2275066905181,83.2275066905182,0,0,0
2714,4.08666570224665,3.93666570224665,0.575262627005441,0.575262627005441,91.2243107733007,83.2243107733007,0,0,0
2715,4.08663057858159,3.93663057858159,0.575257682795832,0.575257682795832,91.2211148835513,83.2211148835513,0,0,0
2716,4.08659545521888,3.93659545521888,0.575252738628784,0.575252738628784,91.2179190212695,83.2179190212695,0,0,0
2717,4.08656033215852,3.93656033215852,0.575247794504296,0.575247794504296,91.2147231864552,83.2147231864552,0,0,0
2718,4.08652520940049,3.93652520940049,0.575242850422367,0.575242850422367,91.2115273791082,83.2115273791082,0,0,0
2719,4.08649008694481,3.93649008694481,0.575237906382998,0.575237906382998,91.2083315992282,83.2083315992282,0,0,0
2720,4.08645496479147,3.93645496479147,0.575232962386187,0.575232962386187,91.2051358468149,83.2051358468149,0,0,0
2721,4.08641984294046,3.93641984294046,0.575228018431934,0.575228018431934,91.2019401218681,83.2019401218682,0,0,0
2722,4.08638472139179,3.93638472139179,0.57522307452024,0.57522307452024,91.1987444243877,83.1987444243877,0,0,0
2723,4.08634960014544,3.93634960014544,0.575218130651103,0.575218130651103,91.1955487543733,83.1955487543733,0,0,0
2724,4.08631447920142,3.93631447920142,0.575213186824524,0.575213186824524,91.1923531118248,83.1923531118248,0,0,0
2725,4.08627935855972,3.93627935855972,0.575208243040502,0.575208243040502,91.1891574967418,83.1891574967418,0,0,0
2726,4.08624423822035,3.93624423822035,0.575203299299036,0.575203299299036,91.1859619091242,83.1859619091242,0,0,0
2727,4.0862091181833,3.9362091181833,0.575198355600127,0.575198355600127,91.1827663489716,83.1827663489717,0,0,0
2728,4.08617399844856,3.93617399844856,0.575193411943773,0.575193411943773,91.179570816284,83.179570816284,0,0,0
2729,4.08613887901614,3.93613887901614,0.575188468329975,0.575188468329975,91.176375311061,83.176375311061,0,0,0
2730,4.08610375988603,3.93610375988603,0.575183524758732,0.575183524758732,91.1731798333024,83.1731798333024,0,0,0
2731,4.08606864105823,3.93606864105823,0.575178581230043,0.575178581230043,91.169984383008,83.169984383008,0,0,0
2732,4.08603352253273,3.93603352253273,0.575173637743909,0.575173637743909,91.1667889601775,83.1667889601775,0,0,0
2733,4.08599840430954,3.93599840430954,0.57516869430033,0.57516869430033,91.1635935648106,83.1635935648106,0,0,0
2734,4.08596328638865,3.93596328638865,0.575163750899303,0.575163750899303,91.1603981969073,83.1603981969073,0,0,0
2735,4.08592816877006,3.93592816877006,0.57515880754083,0.57515880754083,91.1572028564672,83.1572028564672,0,0,0
2736,4.08589305145376,3.93589305145376,0.57515386422491,0.57515386422491,91.15400754349,83.15400754349,0,0,0
2737,4.08585793443976,3.93585793443976,0.575148920951543,0.575148920951543,91.1508122579756,83.1508122579756,0,0,0
2738,4.08582281772805,3.93582281772805,0.575143977720727,0.575143977720727,91.1476169999237,83.1476169999237,0,0,0
2739,4.08578770131862,3.93578770131862,0.575139034532464,0.575139034532464,91.1444217693341,83.1444217693341,0,0,0
2740,4.08575258521149,3.93575258521149,0.575134091386752,0.575134091386752,91.1412265662065,83.1412265662065,0,0,0
2741,4.08571746940663,3.93571746940663,0.575129148283591,0.575129148283591,91.1380313905408,83.1380313905408,0,0,0
2742,4.08568235390406,3.93568235390406,0.575124205222981,0.575124205222981,91.1348362423366,83.1348362423366,0,0,0
2743,4.08564723870376,3.93564723870376,0.57511926220492,0.57511926220492,91.1316411215937,83.1316411215937,0,0,0
2744,4.08561212380573,3.93561212380573,0.575114319229411,0.575114319229411,91.1284460283119,83.1284460283119,0,0,0
2745,4.08557700920998,3.93557700920998,0.575109376296451,0.575109376296451,91.125250962491,83.125250962491,0,0,0
2746,4.0855418949165,3.9355418949165,0.57510443340604,0.57510443340604,91.1220559241307,83.1220559241307,0,0,0
2747,4.08550678092529,3.93550678092529,0.575099490558177,0.575099490558177,91.1188609132308,83.1188609132308,0,0,0
2748,4.08547166723634,3.93547166723634,0.575094547752864,0.575094547752864,91.115665929791,83.115665929791,0,0,0
2749,4.08543655384965,3.93543655384965,0.575089604990098,0.575089604990098,91.1124709738111,83.1124709738111,0,0,0
2750,4.08540144076523,3.93540144076523,0.57508466226988,0.57508466226988,91.1092760452909,83.1092760452909,0,0,0
2751,4.08536632798306,3.93536632798306,0.57507971959221,0.57507971959221,91.1060811442302,83.1060811442302,0,0,0
2752,4.08533121550314,3.93533121550314,0.575074776957086,0.575074776957086,91.1028862706286,83.1028862706286,0,0,0
2753,4.08529610332548,3.93529610332548,0.57506983436451,0.57506983436451,91.0996914244861,83.0996914244861,0,0,0
2754,4.08526099145006,3.93526099145006,0.575064891814479,0.575064891814479,91.0964966058022,83.0964966058022,0,0,0
2755,4.08522587987689,3.93522587987689,0.575059949306995,0.575059949306995,91.0933018145768,83.0933018145768,0,0,0
2756,4.08519076860596,3.93519076860596,0.575055006842056,0.575055006842056,91.0901070508097,83.0901070508097,0,0,0
2757,4.08515565763728,3.93515565763728,0.575050064419662,0.575050064419662,91.0869123145007,83.0869123145007,0,0,0
2758,4.08512054697083,3.93512054697083,0.575045122039813,0.575045122039813,91.0837176056494,83.0837176056494,0,0,0
2759,4.08508543660662,3.93508543660662,0.575040179702509,0.575040179702509,91.0805229242556,83.0805229242556,0,0,0
2760,4.08505032654465,3.93505032654465,0.575035237407749,0.575035237407749,91.0773282703192,83.0773282703192,0,0,0
2761,4.0850152167849,3.9350152167849,0.575030295155532,0.575030295155532,91.0741336438398,83.0741336438398,0,0,0
2762,4.08498010732738,3.93498010732738,0.575025352945859,0.575025352945859,91.0709390448173,83.0709390448173,0,0,0
2763,4.08494499817209,3.93494499817209,0.575020410778728,0.575020410778728,91.0677444732513,83.0677444732513,0,0,0
2764,4.08490988931902,3.93490988931902,0.575015468654141,0.575015468654141,91.0645499291418,83.0645499291418,0,0,0
2765,4.08487478076817,3.93487478076817,0.575010526572096,0.575010526572096,91.0613554124884,83.0613554124884,0,0,0
2766,4.08483967251954,3.93483967251954,0.575005584532592,0.575005584532592,91.0581609232908,83.0581609232908,0,0,0
2767,4.08480456457312,3.93480456457312,0.57500064253563,0.57500064253563,91.054966461549,83.054966461549,0,0,0
2768,4.08476945692891,3.93476945692891,0.57499570058121,0.57499570058121,91.0517720272625,83.0517720272625,0,0,0
2769,4.08473434958692,3.93473434958692,0.57499075866933,0.57499075866933,91.0485776204313,83.0485776204313,0,0,0
2770,4.08469924254713,3.93469924254713,0.57498581679999,0.57498581679999,91.0453832410549,83.0453832410549,0,0,0
2771,4.08466413580955,3.93466413580955,0.574980874973191,0.574980874973191,91.0421888891333,83.0421888891333,0,0,0
2772,4.08462902937416,3.93462902937416,0.574975933188931,0.574975933188931,91.0389945646662,83.0389945646662,0,0,0
2773,4.08459392324098,3.93459392324098,0.57497099144721,0.57497099144721,91.0358002676533,83.0358002676533,0,0,0
2774,4.08455881741,3.93455881741,0.574966049748029,0.574966049748029,91.0326059980944,83.0326059980944,0,0,0
2775,4.08452371188121,3.93452371188121,0.574961108091386,0.574961108091386,91.0294117559893,83.0294117559893,0,0,0
2776,4.08448860665461,3.93448860665461,0.574956166477281,0.574956166477281,91.0262175413377,83.0262175413377,0,0,0
2777,4.0844535017302,3.9344535017302,0.574951224905715,0.574951224905715,91.0230233541394,83.0230233541394,0,0,0
2778,4.08441839710797,3.93441839710797,0.574946283376685,0.574946283376685,91.0198291943941,83.0198291943942,0,0,0
2779,4.08438329278793,3.93438329278793,0.574941341890193,0.574941341890193,91.0166350621017,83.0166350621017,0,0,0
2780,4.08434818877007,3.93434818877007,0.574936400446238,0.574936400446238,91.0134409572619,83.0134409572619,0,0,0
2781,4.08431308505439,3.93431308505439,0.574931459044818,0.574931459044818,91.0102468798744,83.0102468798744,0,0,0
2782,4.08427798164088,3.93427798164088,0.574926517685935,0.574926517685935,91.007052829939,83.007052829939,0,0,0
2783,4.08424287852955,3.93424287852955,0.574921576369588,0.574921576369588,91.0038588074555,83.0038588074555,0,0,0
2784,4.08420777572039,3.93420777572039,0.574916635095776,0.574916635095776,91.0006648124236,83.0006648124236,0,0,0
2785,4.0841726732134,3.9341726732134,0.574911693864498,0.574911693864498,90.9974708448431,82.9974708448432,0,0,0
2786,4.08413757100857,3.93413757100857,0.574906752675756,0.574906752675756,90.9942769047138,82.9942769047138,0,0,0
2787,4.0841024691059,3.9341024691059,0.574901811529547,0.574901811529547,90.9910829920355,82.9910829920355,0,0,0
2788,4.0840673675054,3.9340673675054,0.574896870425873,0.574896870425873,90.9878891068078,82.9878891068078,0,0,0
2789,4.08403226620705,3.93403226620705,0.574891929364731,0.574891929364731,90.9846952490306,82.9846952490306,0,0,0
2790,4.08399716521086,3.93399716521086,0.574886988346123,0.574886988346123,90.9815014187036,82.9815014187036,0,0,0
2791,4.08396206451682,3.93396206451682,0.574882047370048,0.574882047370048,90.9783076158266,82.9783076158266,0,0,0
2792,4.08392696412493,3.93392696412493,0.574877106436505,0.574877106436505,90.9751138403993,82.9751138403993,0,0,0
2793,4.08389186403519,3.93389186403519,0.574872165545493,0.574872165545493,90.9719200924216,82.9719200924216,0,0,0
2794,4.08385676424759,3.93385676424759,0.574867224697014,0.574867224697014,90.9687263718931,82.9687263718931,0,0,0
2795,4.08382166476213,3.93382166476213,0.574862283891066,0.574862283891066,90.9655326788137,82.9655326788137,0,0,0
2796,4.08378656557881,3.93378656557881,0.574857343127648,0.574857343127648,90.962339013183,82.9623390131831,0,0,0
2797,4.08375146669763,3.93375146669763,0.574852402406761,0.574852402406761,90.959145375001,82.959145375001,0,0,0
2798,4.08371636811859,3.93371636811859,0.574847461728405,0.574847461728405,90.9559517642673,82.9559517642673,0,0,0
2799,4.08368126984167,3.93368126984167,0.574842521092577,0.574842521092577,90.9527581809816,82.9527581809816,0,0,0
2800,4.08364617186688,3.93364617186688,0.57483758049928,0.57483758049928,90.9495646251439,82.9495646251439,0,0,0
2801,4.08361107419422,3.93361107419422,0.574832639948511,0.574832639948511,90.9463710967537,82.9463710967537,0,0,0
2802,4.08357597682369,3.93357597682369,0.574827699440271,0.574827699440271,90.9431775958109,82.9431775958109,0,0,0
2803,4.08354087975527,3.93354087975527,0.57482275897456,0.57482275897456,90.9399841223153,82.9399841223153,0,0,0
2804,4.08350578298898,3.93350578298898,0.574817818551376,0.574817818551376,90.9367906762666,82.9367906762666,0,0,0
2805,4.0834706865248,3.9334706865248,0.57481287817072,0.57481287817072,90.9335972576646,82.9335972576646,0,0,0
2806,4.08343559036273,3.93343559036273,0.574807937832591,0.574807937832591,90.930403866509,82.930403866509,0,0,0
2807,4.08340049450277,3.93340049450277,0.574802997536989,0.574802997536989,90.9272105027996,82.9272105027996,0,0,0
2808,4.08336539894492,3.93336539894492,0.574798057283914,0.574798057283914,90.9240171665362,82.9240171665362,0,0,0
2809,4.08333030368918,3.93333030368918,0.574793117073364,0.574793117073364,90.9208238577185,82.9208238577185,0,0,0
2810,4.08329520873554,3.93329520873554,0.57478817690534,0.57478817690534,90.9176305763464,82.9176305763464,0,0,0
2811,4.083260114084,3.933260114084,0.574783236779842,0.574783236779842,90.9144373224194,82.9144373224194,0,0,0
2812,4.08322501973455,3.93322501973456,0.574778296696869,0.574778296696869,90.9112440959375,82.9112440959375,0,0,0
2813,4.08318992568721,3.93318992568721,0.57477335665642,0.57477335665642,90.9080508969004,82.9080508969004,0,0,0
2814,4.08315483194195,3.93315483194195,0.574768416658495,0.574768416658495,90.9048577253078,82.9048577253079,0,0,0
2815,4.08311973849879,3.93311973849879,0.574763476703095,0.574763476703095,90.9016645811596,82.9016645811596,0,0,0
2816,4.08308464535771,3.93308464535771,0.574758536790218,0.574758536790218,90.8984714644554,82.8984714644554,0,0,0
2817,4.08304955251871,3.93304955251871,0.574753596919864,0.574753596919864,90.8952783751951,82.8952783751951,0,0,0
2818,4.0830144599818,3.9330144599818,0.574748657092033,0.574748657092033,90.8920853133784,82.8920853133784,0,0,0
2819,4.08297936774697,3.93297936774697,0.574743717306724,0.574743717306724,90.888892279005,82.888892279005,0,0,0
2820,4.08294427581421,3.93294427581421,0.574738777563938,0.574738777563938,90.8856992720748,82.8856992720748,0,0,0
2821,4.08290918418353,3.93290918418353,0.574733837863673,0.574733837863673,90.8825062925875,82.8825062925875,0,0,0
2822,4.08287409285492,3.93287409285492,0.574728898205929,0.574728898205929,90.8793133405429,82.8793133405429,0,0,0
2823,4.08283900182838,3.93283900182838,0.574723958590706,0.574723958590706,90.8761204159406,82.8761204159406,0,0,0
2824,4.0828039111039,3.9328039111039,0.574719019018004,0.574719019018004,90.8729275187806,82.8729275187806,0,0,0
2825,4.08276882068149,3.93276882068149,0.574714079487823,0.574714079487823,90.8697346490625,82.8697346490625,0,0,0
2826,4.08273373056114,3.93273373056114,0.574709140000161,0.574709140000161,90.8665418067861,82.8665418067861,0,0,0
2827,4.08269864074285,3.93269864074285,0.574704200555018,0.574704200555018,90.8633489919512,82.8633489919512,0,0,0
2828,4.08266355122661,3.93266355122661,0.574699261152395,0.574699261152395,90.8601562045576,82.8601562045576,0,0,0
2829,4.08262846201243,3.93262846201243,0.574694321792291,0.574694321792291,90.8569634446049,82.8569634446049,0,0,0
2830,4.0825933731003,3.9325933731003,0.574689382474704,0.574689382474704,90.8537707120931,82.8537707120931,0,0,0
2831,4.08255828449021,3.93255828449021,0.574684443199636,0.574684443199636,90.8505780070217,82.8505780070217,0,0,0
2832,4.08252319618218,3.93252319618218,0.574679503967086,0.574679503967086,90.8473853293907,82.8473853293907,0,0,0
2833,4.08248810817618,3.93248810817618,0.574674564777052,0.574674564777052,90.8441926791997,82.8441926791997,0,0,0
2834,4.08245302047222,3.93245302047222,0.574669625629536,0.574669625629536,90.8410000564486,82.8410000564486,0,0,0
2835,4.08241793307031,3.93241793307031,0.574664686524536,0.574664686524536,90.837807461137,82.837807461137,0,0,0
2836,4.08238284597042,3.93238284597042,0.574659747462053,0.574659747462053,90.8346148932648,82.8346148932648,0,0,0
2837,4.08234775917257,3.93234775917257,0.574654808442085,0.574654808442085,90.8314223528317,82.8314223528317,0,0,0
2838,4.08231267267675,3.93231267267675,0.574649869464633,0.574649869464633,90.8282298398375,82.8282298398375,0,0,0
2839,4.08227758648296,3.93227758648296,0.574644930529696,0.574644930529696,90.8250373542819,82.8250373542819,0,0,0
2840,4.08224250059119,3.93224250059119,0.574639991637273,0.574639991637273,90.8218448961648,82.8218448961648,0,0,0
2841,4.08220741500144,3.93220741500144,0.574635052787365,0.574635052787365,90.8186524654858,82.8186524654858,0,0,0
2842,4.08217232971371,3.93217232971371,0.574630113979971,0.574630113979971,90.8154600622448,82.8154600622448,0,0,0
2843,4.082137244728,3.932137244728,0.57462517521509,0.57462517521509,90.8122676864414,82.8122676864414,0,0,0
2844,4.0821021600443,3.9321021600443,0.574620236492723,0.574620236492723,90.8090753380756,82.8090753380756,0,0,0
2845,4.08206707566262,3.93206707566262,0.574615297812869,0.574615297812869,90.8058830171469,82.8058830171469,0,0,0
2846,4.08203199158294,3.93203199158294,0.574610359175527,0.574610359175527,90.8026907236553,82.8026907236553,0,0,0
2847,4.08199690780527,3.93199690780527,0.574605420580697,0.574605420580697,90.7994984576004,82.7994984576004,0,0,0
2848,4.08196182432961,3.93196182432961,0.574600482028379,0.574600482028379,90.796306218982,82.796306218982,0,0,0
2849,4.08192674115594,3.93192674115594,0.574595543518572,0.574595543518572,90.7931140077999,82.7931140077999,0,0,0
2850,4.08189165828427,3.93189165828427,0.574590605051277,0.574590605051277,90.7899218240538,82.7899218240539,0,0,0
2851,4.0818565757146,3.9318565757146,0.574585666626492,0.574585666626492,90.7867296677436,82.7867296677436,0,0,0
2852,4.08182149344692,3.93182149344692,0.574580728244218,0.574580728244218,90.783537538869,82.783537538869,0,0,0
2853,4.08178641148124,3.93178641148124,0.574575789904453,0.574575789904453,90.7803454374296,82.7803454374296,0,0,0
2854,4.08175132981753,3.93175132981753,0.574570851607198,0.574570851607198,90.7771533634254,82.7771533634254,0,0,0
2855,4.08171624845582,3.93171624845582,0.574565913352452,0.574565913352452,90.7739613168561,82.7739613168561,0,0,0
2856,4.08168116739609,3.93168116739609,0.574560975140216,0.574560975140216,90.7707692977213,82.7707692977213,0,0,0
2857,4.08164608663834,3.93164608663834,0.574556036970487,0.574556036970487,90.767577306021,82.767577306021,0,0,0
2858,4.08161100618257,3.93161100618257,0.574551098843267,0.574551098843267,90.7643853417548,82.7643853417548,0,0,0
2859,4.08157592602877,3.93157592602877,0.574546160758554,0.574546160758554,90.7611934049226,82.7611934049226,0,0,0
2860,4.08154084617694,3.93154084617694,0.574541222716349,0.574541222716349,90.758001495524,82.758001495524,0,0,0
2861,4.08150576662709,3.93150576662709,0.574536284716651,0.574536284716651,90.7548096135589,82.7548096135589,0,0,0
2862,4.0814706873792,3.9314706873792,0.574531346759459,0.574531346759459,90.751617759027,82.751617759027,0,0,0
2863,4.08143560843327,3.93143560843327,0.574526408844774,0.574526408844774,90.7484259319281,82.7484259319281,0,0,0
2864,4.08140052978931,3.93140052978931,0.574521470972595,0.574521470972595,90.7452341322619,82.7452341322619,0,0,0
2865,4.08136545144731,3.93136545144731,0.574516533142921,0.574516533142921,90.7420423600283,82.7420423600283,0,0,0
2866,4.08133037340726,3.93133037340726,0.574511595355752,0.574511595355752,90.7388506152268,82.7388506152268,0,0,0
2867,4.08129529566917,3.93129529566917,0.574506657611088,0.574506657611088,90.7356588978575,82.7356588978575,0,0,0
2868,4.08126021823303,3.93126021823303,0.574501719908929,0.574501719908929,90.7324672079199,82.7324672079199,0,0,0
2869,4.08122514109884,3.93122514109884,0.574496782249274,0.574496782249274,90.7292755454139,82.7292755454139,0,0,0
2870,4.08119006426659,3.93119006426659,0.574491844632122,0.574491844632122,90.7260839103392,82.7260839103392,0,0,0
2871,4.08115498773629,3.93115498773629,0.574486907057474,0.574486907057474,90.7228923026956,82.7228923026956,0,0,0
2872,4.08111991150793,3.93111991150793,0.574481969525328,0.574481969525328,90.7197007224828,82.7197007224828,0,0,0
2873,4.08108483558151,3.93108483558151,0.574477032035686,0.574477032035686,90.7165091697007,82.7165091697007,0,0,0
2874,4.08104975995703,3.93104975995703,0.574472094588545,0.574472094588545,90.7133176443489,82.7133176443489,0,0,0
2875,4.08101468463447,3.93101468463447,0.574467157183907,0.574467157183907,90.7101261464273,82.7101261464273,0,0,0
2876,4.08097960961385,3.93097960961385,0.57446221982177,0.57446221982177,90.7069346759356,82.7069346759356,0,0,0
2877,4.08094453489516,3.93094453489516,0.574457282502134,0.574457282502134,90.7037432328736,82.7037432328736,0,0,0
2878,4.08090946047839,3.93090946047839,0.574452345224998,0.574452345224998,90.700551817241,82.700551817241,0,0,0
2879,4.08087438636354,3.93087438636354,0.574447407990364,0.574447407990364,90.6973604290376,82.6973604290376,0,0,0
2880,4.08083931255062,3.93083931255062,0.574442470798229,0.574442470798229,90.6941690682632,82.6941690682632,0,0,0
2881,4.08080423903961,3.93080423903961,0.574437533648594,0.574437533648594,90.6909777349175,82.6909777349175,0,0,0
2882,4.08076916583052,3.93076916583052,0.574432596541458,0.574432596541458,90.6877864290003,82.6877864290003,0,0,0
2883,4.08073409292334,3.93073409292334,0.574427659476821,0.574427659476821,90.6845951505113,82.6845951505113,0,0,0
2884,4.08069902031807,3.93069902031807,0.574422722454683,0.574422722454683,90.6814038994504,82.6814038994504,0,0,0
2885,4.08066394801471,3.93066394801471,0.574417785475043,0.574417785475043,90.6782126758172,82.6782126758172,0,0,0
2886,4.08062887601325,3.93062887601325,0.574412848537901,0.574412848537901,90.6750214796116,82.6750214796116,0,0,0
2887,4.08059380431369,3.93059380431369,0.574407911643256,0.574407911643256,90.6718303108333,82.6718303108333,0,0,0
2888,4.08055873291603,3.93055873291603,0.574402974791108,0.574402974791108,90.668639169482,82.668639169482,0,0,0
2889,4.08052366182027,3.93052366182027,0.574398037981457,0.574398037981457,90.6654480555576,82.6654480555577,0,0,0
2890,4.08048859102641,3.93048859102641,0.574393101214303,0.574393101214303,90.6622569690599,82.6622569690599,0,0,0
2891,4.08045352053443,3.93045352053443,0.574388164489644,0.574388164489644,90.6590659099884,82.6590659099885,0,0,0
2892,4.08041845034435,3.93041845034435,0.574383227807481,0.574383227807481,90.6558748783432,82.6558748783432,0,0,0
2893,4.08038338045615,3.93038338045615,0.574378291167813,0.574378291167813,90.6526838741238,82.6526838741238,0,0,0
2894,4.08034831086983,3.93034831086983,0.574373354570641,0.574373354570641,90.64949289733,82.64949289733,0,0,0
2895,4.0803132415854,3.9303132415854,0.574368418015963,0.574368418015963,90.6463019479617,82.6463019479617,0,0,0
2896,4.08027817260284,3.93027817260284,0.574363481503778,0.574363481503778,90.6431110260186,82.6431110260186,0,0,0
2897,4.08024310392216,3.93024310392216,0.574358545034088,0.574358545034088,90.6399201315004,82.6399201315004,0,0,0
2898,4.08020803554336,3.93020803554336,0.574353608606891,0.574353608606891,90.6367292644069,82.6367292644069,0,0,0
2899,4.08017296746642,3.93017296746642,0.574348672222188,0.574348672222188,90.6335384247379,82.6335384247379,0,0,0
2900,4.08013789969135,3.93013789969135,0.574343735879977,0.574343735879977,90.6303476124932,82.6303476124932,0,0,0
2901,4.08010283221815,3.93010283221815,0.574338799580258,0.574338799580258,90.6271568276724,82.6271568276724,0,0,0
2902,4.08006776504681,3.93006776504681,0.574333863323031,0.574333863323031,90.6239660702755,82.6239660702755,0,0,0
2903,4.08003269817733,3.93003269817733,0.574328927108296,0.574328927108296,90.620775340302,82.620775340302,0,0,0
2904,4.07999763160971,3.92999763160971,0.574323990936052,0.574323990936052,90.6175846377519,82.6175846377519,0,0,0
2905,4.07996256534395,3.92996256534395,0.574319054806299,0.574319054806299,90.6143939626248,82.6143939626248,0,0,0
2906,4.07992749938003,3.92992749938003,0.574314118719036,0.574314118719036,90.6112033149205,82.6112033149205,0,0,0
2907,4.07989243371797,3.92989243371797,0.574309182674264,0.574309182674264,90.6080126946389,82.6080126946389,0,0,0
2908,4.07985736835775,3.92985736835775,0.574304246671981,0.574304246671981,90.6048221017796,82.6048221017796,0,0,0
2909,4.07982230329938,3.92982230329938,0.574299310712188,0.574299310712188,90.6016315363424,82.6016315363424,0,0,0
2910,4.07978723854285,3.92978723854285,0.574294374794883,0.574294374794883,90.598440998327,82.5984409983271,0,0,0
2911,4.07975217408816,3.92975217408816,0.574289438920068,0.574289438920068,90.5952504877334,82.5952504877334,0,0,0
2912,4.07971710993531,3.92971710993531,0.574284503087741,0.574284503087741,90.5920600045611,82.5920600045611,0,0,0
2913,4.07968204608429,3.92968204608429,0.574279567297901,0.574279567297901,90.58886954881,82.58886954881,0,0,0
2914,4.0796469825351,3.9296469825351,0.574274631550549,0.574274631550549,90.5856791204799,82.5856791204799,0,0,0
2915,4.07961191928774,3.92961191928774,0.574269695845685,0.574269695845685,90.5824887195704,82.5824887195704,0,0,0
2916,4.07957685634221,3.92957685634221,0.574264760183307,0.574264760183307,90.5792983460814,82.5792983460814,0,0,0
2917,4.0795417936985,3.9295417936985,0.574259824563415,0.574259824563415,90.5761080000127,82.5761080000127,0,0,0
2918,4.07950673135662,3.92950673135662,0.57425488898601,0.57425488898601,90.5729176813639,82.5729176813639,0,0,0
2919,4.07947166931655,3.92947166931655,0.574249953451091,0.574249953451091,90.5697273901349,82.5697273901349,0,0,0
2920,4.0794366075783,3.9294366075783,0.574245017958656,0.574245017958656,90.5665371263254,82.5665371263254,0,0,0
2921,4.07940154614186,3.92940154614186,0.574240082508707,0.574240082508707,90.5633468899352,82.5633468899352,0,0,0
2922,4.07936648500723,3.92936648500723,0.574235147101243,0.574235147101243,90.560156680964,82.560156680964,0,0,0
2923,4.07933142417441,3.92933142417441,0.574230211736262,0.574230211736262,90.5569664994117,82.5569664994117,0,0,0
2924,4.07929636364339,3.92929636364339,0.574225276413766,0.574225276413766,90.5537763452779,82.5537763452779,0,0,0
2925,4.07926130341418,3.92926130341418,0.574220341133753,0.574220341133753,90.5505862185625,82.5505862185625,0,0,0
2926,4.07922624348677,3.92922624348677,0.574215405896223,0.574215405896223,90.5473961192652,82.5473961192652,0,0,0
2927,4.07919118386116,3.92919118386116,0.574210470701176,0.574210470701176,90.5442060473857,82.5442060473857,0,0,0
2928,4.07915612453734,3.92915612453734,0.574205535548612,0.574205535548612,90.5410160029239,82.5410160029239,0,0,0
2929,4.07912106551531,3.92912106551531,0.574200600438529,0.574200600438529,90.5378259858794,82.5378259858794,0,0,0
2930,4.07908600679508,3.92908600679508,0.574195665370929,0.574195665370929,90.5346359962522,82.5346359962522,0,0,0
2931,4.07905094837663,3.92905094837663,0.574190730345809,0.574190730345809,90.5314460340418,82.5314460340418,0,0,0
2932,4.07901589025997,3.92901589025997,0.574185795363171,0.574185795363171,90.5282560992482,82.5282560992482,0,0,0
2933,4.07898083244508,3.92898083244508,0.574180860423013,0.574180860423013,90.525066191871,82.525066191871,0,0,0
2934,4.07894577493198,3.92894577493198,0.574175925525335,0.574175925525335,90.52187631191,82.52187631191,0,0,0
2935,4.07891071772066,3.92891071772066,0.574170990670138,0.574170990670138,90.518686459365,82.518686459365,0,0,0
2936,4.07887566081111,3.92887566081111,0.574166055857419,0.574166055857419,90.5154966342357,82.5154966342357,0,0,0
2937,4.07884060420333,3.92884060420333,0.57416112108718,0.57416112108718,90.5123068365219,82.512306836522,0,0,0
2938,4.07880554789732,3.92880554789732,0.574156186359419,0.574156186359419,90.5091170662235,82.5091170662235,0,0,0
2939,4.07877049189307,3.92877049189307,0.574151251674137,0.574151251674137,90.50592732334,82.50592732334,0,0,0
2940,4.07873543619059,3.92873543619059,0.574146317031333,0.574146317031333,90.5027376078714,82.5027376078714,0,0,0
2941,4.07870038078987,3.92870038078987,0.574141382431007,0.574141382431007,90.4995479198173,82.4995479198173,0,0,0
2942,4.07866532569092,3.92866532569092,0.574136447873158,0.574136447873158,90.4963582591775,82.4963582591775,0,0,0
2943,4.07863027089371,3.92863027089371,0.574131513357786,0.574131513357786,90.4931686259519,82.4931686259519,0,0,0
2944,4.07859521639826,3.92859521639826,0.57412657888489,0.57412657888489,90.4899790201401,82.4899790201401,0,0,0
2945,4.07856016220456,3.92856016220456,0.574121644454471,0.574121644454471,90.4867894417419,82.4867894417419,0,0,0
2946,4.07852510831261,3.92852510831261,0.574116710066527,0.574116710066527,90.4835998907571,82.4835998907571,0,0,0
2947,4.0784900547224,3.9284900547224,0.574111775721059,0.574111775721059,90.4804103671854,82.4804103671854,0,0,0
2948,4.07845500143394,3.92845500143394,0.574106841418066,0.574106841418066,90.4772208710267,82.4772208710267,0,0,0
2949,4.07841994844722,3.92841994844722,0.574101907157548,0.574101907157548,90.4740314022806,82.4740314022806,0,0,0
2950,4.07838489576223,3.92838489576223,0.574096972939504,0.574096972939504,90.470841960947,82.470841960947,0,0,0
2951,4.07834984337899,3.92834984337899,0.574092038763934,0.574092038763934,90.4676525470256,82.4676525470256,0,0,0
2952,4.07831479129747,3.92831479129747,0.574087104630837,0.574087104630837,90.4644631605161,82.4644631605161,0,0,0
2953,4.07827973951768,3.92827973951768,0.574082170540214,0.574082170540214,90.4612738014184,82.4612738014184,0,0,0
2954,4.07824468803962,3.92824468803962,0.574077236492064,0.574077236492064,90.4580844697322,82.4580844697322,0,0,0
2955,4.07820963686329,3.92820963686329,0.574072302486386,0.574072302486386,90.4548951654572,82.4548951654572,0,0,0
2956,4.07817458598868,3.92817458598868,0.574067368523181,0.574067368523181,90.4517058885933,82.4517058885933,0,0,0
2957,4.07813953541578,3.92813953541578,0.574062434602447,0.574062434602447,90.4485166391402,82.4485166391402,0,0,0
2958,4.07810448514461,3.92810448514461,0.574057500724185,0.574057500724185,90.4453274170976,82.4453274170976,0,0,0
2959,4.07806943517515,3.92806943517515,0.574052566888394,0.574052566888394,90.4421382224653,82.4421382224653,0,0,0
2960,4.0780343855074,3.9280343855074,0.574047633095073,0.574047633095073,90.4389490552431,82.4389490552431,0,0,0
2961,4.07799933614136,3.92799933614136,0.574042699344222,0.574042699344222,90.4357599154307,82.4357599154307,0,0,0
2962,4.07796428707702,3.92796428707702,0.574037765635842,0.574037765635842,90.432570803028,82.432570803028,0,0,0
2963,4.07792923831439,3.92792923831439,0.574032831969931,0.574032831969931,90.4293817180346,82.4293817180346,0,0,0
2964,4.07789418985347,3.92789418985347,0.57402789834649,0.57402789834649,90.4261926604504,82.4261926604504,0,0,0
2965,4.07785914169423,3.92785914169423,0.574022964765517,0.574022964765517,90.4230036302751,82.4230036302751,0,0,0
2966,4.0778240938367,3.9278240938367,0.574018031227013,0.574018031227013,90.4198146275084,82.4198146275084,0,0,0
2967,4.07778904628086,3.92778904628086,0.574013097730977,0.574013097730977,90.4166256521502,82.4166256521502,0,0,0
2968,4.07775399902671,3.92775399902671,0.574008164277409,0.574008164277409,90.4134367042001,82.4134367042001,0,0,0
2969,4.07771895207425,3.92771895207425,0.574003230866308,0.574003230866308,90.410247783658,82.410247783658,0,0,0
2970,4.07768390542348,3.92768390542348,0.573998297497674,0.573998297497674,90.4070588905237,82.4070588905237,0,0,0
2971,4.07764885907438,3.92764885907438,0.573993364171507,0.573993364171507,90.4038700247968,82.4038700247968,0,0,0
2972,4.07761381302697,3.92761381302697,0.573988430887806,0.573988430887806,90.4006811864771,82.4006811864772,0,0,0
2973,4.07757876728124,3.92757876728124,0.573983497646571,0.573983497646571,90.3974923755645,82.3974923755645,0,0,0
2974,4.07754372183718,3.92754372183718,0.573978564447801,0.573978564447801,90.3943035920587,82.3943035920587,0,0,0
2975,4.0775086766948,3.9275086766948,0.573973631291497,0.573973631291497,90.3911148359594,82.3911148359594,0,0,0
2976,4.07747363185408,3.92747363185408,0.573968698177658,0.573968698177658,90.3879261072664,82.3879261072664,0,0,0
2977,4.07743858731503,3.92743858731503,0.573963765106283,0.573963765106283,90.3847374059795,82.3847374059795,0,0,0
2978,4.07740354307765,3.92740354307765,0.573958832077372,0.573958832077372,90.3815487320984,82.3815487320984,0,0,0
2979,4.07736849914193,3.92736849914193,0.573953899090925,0.573953899090925,90.3783600856229,82.3783600856229,0,0,0
2980,4.07733345550787,3.92733345550787,0.573948966146941,0.573948966146941,90.3751714665528,82.3751714665528,0,0,0
2981,4.07729841217546,3.92729841217546,0.57394403324542,0.57394403324542,90.3719828748878,82.3719828748878,0,0,0
2982,4.07726336914471,3.92726336914471,0.573939100386361,0.573939100386361,90.3687943106277,82.3687943106277,0,0,0
2983,4.07722832641561,3.92722832641561,0.573934167569766,0.573934167569766,90.3656057737722,82.3656057737722,0,0,0
2984,4.07719328398817,3.92719328398817,0.573929234795631,0.573929234795631,90.3624172643212,82.3624172643212,0,0,0
2985,4.07715824186236,3.92715824186236,0.573924302063959,0.573924302063959,90.3592287822743,82.3592287822743,0,0,0
2986,4.07712320003821,3.92712320003821,0.573919369374747,0.573919369374747,90.3560403276314,82.3560403276314,0,0,0
2987,4.07708815851569,3.92708815851569,0.573914436727997,0.573914436727997,90.3528519003922,82.3528519003922,0,0,0
2988,4.07705311729481,3.92705311729481,0.573909504123706,0.573909504123706,90.3496635005565,82.3496635005565,0,0,0
2989,4.07701807637557,3.92701807637557,0.573904571561876,0.573904571561876,90.346475128124,82.346475128124,0,0,0
2990,4.07698303575796,3.92698303575796,0.573899639042506,0.573899639042506,90.3432867830946,82.3432867830946,0,0,0
2991,4.07694799544199,3.92694799544199,0.573894706565595,0.573894706565595,90.3400984654678,82.3400984654678,0,0,0
2992,4.07691295542764,3.92691295542764,0.573889774131142,0.573889774131142,90.3369101752437,82.3369101752437,0,0,0
2993,4.07687791571491,3.92687791571491,0.573884841739149,0.573884841739149,90.3337219124218,82.3337219124218,0,0,0
2994,4.07684287630381,3.92684287630381,0.573879909389613,0.573879909389613,90.330533677002,82.330533677002,0,0,0
2995,4.07680783719434,3.92680783719434,0.573874977082536,0.573874977082536,90.327345468984,82.327345468984,0,0,0
2996,4.07677279838648,3.92677279838648,0.573870044817916,0.573870044817916,90.3241572883676,82.3241572883676,0,0,0
2997,4.07673775988023,3.92673775988023,0.573865112595753,0.573865112595753,90.3209691351525,82.3209691351525,0,0,0
2998,4.0767027216756,3.9267027216756,0.573860180416047,0.573860180416047,90.3177810093386,82.3177810093386,0,0,0
2999,4.07666768377257,3.92666768377257,0.573855248278797,0.573855248278797,90.3145929109255,82.3145929109255,0,0,0
3000,4.07663264617116,3.92663264617116,0.573850316184003,0.573850316184003,90.3114048399131,82.3114048399131,0,0,0
3001,4.07659760887135,3.92659760887135,0.573845384131665,0.573845384131665,90.3082167963011,82.3082167963011,0,0,0
3002,4.07656257187314,3.92656257187314,0.573840452121782,0.573840452121782,90.3050287800892,82.3050287800892,0,0,0
3003,4.07652753517653,3.92652753517653,0.573835520154354,0.573835520154354,90.3018407912774,82.3018407912774,0,0,0
3004,4.07649249878152,3.92649249878152,0.573830588229381,0.573830588229381,90.2986528298652,82.2986528298652,0,0,0
3005,4.07645746268811,3.92645746268811,0.573825656346862,0.573825656346862,90.2954648958524,82.2954648958524,0,0,0
3006,4.07642242689628,3.92642242689628,0.573820724506797,0.573820724506797,90.2922769892389,82.2922769892389,0,0,0
3007,4.07638739140605,3.92638739140605,0.573815792709185,0.573815792709185,90.2890891100244,82.2890891100244,0,0,0
3008,4.0763523562174,3.9263523562174,0.573810860954026,0.573810860954026,90.2859012582087,82.2859012582087,0,0,0
3009,4.07631732133034,3.92631732133034,0.57380592924132,0.57380592924132,90.2827134337914,82.2827134337914,0,0,0
3010,4.07628228674485,3.92628228674485,0.573800997571066,0.573800997571066,90.2795256367725,82.2795256367725,0,0,0
3011,4.07624725246095,3.92624725246095,0.573796065943264,0.573796065943264,90.2763378671516,82.2763378671516,0,0,0
3012,4.07621221847862,3.92621221847862,0.573791134357914,0.573791134357914,90.2731501249285,82.2731501249285,0,0,0
3013,4.07617718479787,3.92617718479787,0.573786202815015,0.573786202815015,90.269962410103,82.269962410103,0,0,0
3014,4.07614215141869,3.92614215141869,0.573781271314567,0.573781271314567,90.2667747226749,82.2667747226749,0,0,0
3015,4.07610711834107,3.92610711834107,0.57377633985657,0.57377633985657,90.2635870626438,82.2635870626438,0,0,0
3016,4.07607208556502,3.92607208556502,0.573771408441023,0.573771408441023,90.2603994300096,82.2603994300096,0,0,0
3017,4.07603705309054,3.92603705309054,0.573766477067925,0.573766477067925,90.2572118247721,82.2572118247721,0,0,0
3018,4.07600202091762,3.92600202091762,0.573761545737277,0.573761545737277,90.2540242469309,82.2540242469309,0,0,0
3019,4.07596698904625,3.92596698904625,0.573756614449078,0.573756614449078,90.2508366964859,82.2508366964859,0,0,0
3020,4.07593195747644,3.92593195747644,0.573751683203328,0.573751683203328,90.2476491734369,82.2476491734369,0,0,0
3021,4.07589692620818,3.92589692620818,0.573746752000026,0.573746752000026,90.2444616777835,82.2444616777835,0,0,0
3022,4.07586189524147,3.92586189524147,0.573741820839172,0.573741820839172,90.2412742095256,82.2412742095256,0,0,0
3023,4.07582686457632,3.92582686457632,0.573736889720765,0.573736889720765,90.238086768663,82.238086768663,0,0,0
3024,4.0757918342127,3.9257918342127,0.573731958644806,0.573731958644806,90.2348993551953,82.2348993551953,0,0,0
3025,4.07575680415063,3.92575680415063,0.573727027611293,0.573727027611293,90.2317119691223,82.2317119691223,0,0,0
3026,4.0757217743901,3.9257217743901,0.573722096620228,0.573722096620228,90.2285246104439,82.2285246104439,0,0,0
3027,4.0756867449311,3.9256867449311,0.573717165671608,0.573717165671608,90.2253372791597,82.2253372791597,0,0,0
3028,4.07565171577364,3.92565171577364,0.573712234765434,0.573712234765434,90.2221499752696,82.2221499752696,0,0,0
3029,4.07561668691771,3.92561668691771,0.573707303901705,0.573707303901705,90.2189626987733,82.2189626987733,0,0,0
3030,4.07558165836331,3.92558165836331,0.573702373080422,0.573702373080422,90.2157754496705,82.2157754496705,0,0,0
3031,4.07554663011044,3.92554663011044,0.573697442301583,0.573697442301583,90.2125882279611,82.2125882279611,0,0,0
3032,4.07551160215909,3.92551160215909,0.573692511565188,0.573692511565188,90.2094010336448,82.2094010336448,0,0,0
3033,4.07547657450927,3.92547657450927,0.573687580871237,0.573687580871237,90.2062138667213,82.2062138667213,0,0,0
3034,4.07544154716096,3.92544154716096,0.57368265021973,0.57368265021973,90.2030267271905,82.2030267271905,0,0,0
3035,4.07540652011417,3.92540652011417,0.573677719610666,0.573677719610666,90.1998396150521,82.1998396150521,0,0,0
3036,4.07537149336889,3.92537149336889,0.573672789044045,0.573672789044045,90.1966525303058,82.1966525303058,0,0,0
3037,4.07533646692513,3.92533646692513,0.573667858519866,0.573667858519866,90.1934654729514,82.1934654729514,0,0,0
3038,4.07530144078287,3.92530144078287,0.57366292803813,0.57366292803813,90.1902784429888,82.1902784429888,0,0,0
3039,4.07526641494212,3.92526641494212,0.573657997598835,0.573657997598835,90.1870914404175,82.1870914404175,0,0,0
3040,4.07523138940287,3.92523138940287,0.573653067201981,0.573653067201981,90.1839044652375,82.1839044652375,0,0,0
3041,4.07519636416513,3.92519636416513,0.573648136847569,0.573648136847569,90.1807175174485,82.1807175174485,0,0,0
3042,4.07516133922888,3.92516133922888,0.573643206535597,0.573643206535597,90.1775305970502,82.1775305970502,0,0,0
3043,4.07512631459413,3.92512631459413,0.573638276266065,0.573638276266065,90.1743437040423,82.1743437040424,0,0,0
3044,4.07509129026087,3.92509129026087,0.573633346038973,0.573633346038973,90.1711568384248,82.1711568384248,0,0,0
3045,4.0750562662291,3.9250562662291,0.573628415854321,0.573628415854321,90.1679700001973,82.1679700001973,0,0,0
3046,4.07502124249882,3.92502124249882,0.573623485712108,0.573623485712108,90.1647831893596,82.1647831893596,0,0,0
3047,4.07498621907002,3.92498621907002,0.573618555612334,0.573618555612334,90.1615964059115,82.1615964059115,0,0,0
3048,4.07495119594271,3.92495119594271,0.573613625554998,0.573613625554998,90.1584096498527,82.1584096498527,0,0,0
3049,4.07491617311687,3.92491617311687,0.5736086955401,0.5736086955401,90.1552229211829,82.1552229211829,0,0,0
3050,4.07488115059252,3.92488115059252,0.57360376556764,0.57360376556764,90.1520362199021,82.1520362199021,0,0,0
3051,4.07484612836963,3.92484612836963,0.573598835637618,0.573598835637618,90.1488495460098,82.1488495460098,0,0,0
3052,4.07481110644823,3.92481110644823,0.573593905750032,0.573593905750032,90.1456628995059,82.1456628995059,0,0,0
3053,4.07477608482828,3.92477608482828,0.573588975904882,0.573588975904882,90.1424762803902,82.1424762803902,0,0,0
3054,4.07474106350981,3.92474106350981,0.57358404610217,0.57358404610217,90.1392896886624,82.1392896886624,0,0,0
3055,4.0747060424928,3.9247060424928,0.573579116341893,0.573579116341893,90.1361031243222,82.1361031243222,0,0,0
3056,4.07467102177726,3.92467102177726,0.573574186624051,0.573574186624051,90.1329165873695,82.1329165873695,0,0,0
3057,4.07463600136317,3.92463600136317,0.573569256948644,0.573569256948644,90.129730077804,82.129730077804,0,0,0
3058,4.07460098125054,3.92460098125054,0.573564327315673,0.573564327315673,90.1265435956255,82.1265435956255,0,0,0
3059,4.07456596143936,3.92456596143936,0.573559397725136,0.573559397725136,90.1233571408337,82.1233571408337,0,0,0
3060,4.07453094192964,3.92453094192964,0.573554468177032,0.573554468177032,90.1201707134284,82.1201707134284,0,0,0
3061,4.07449592272136,3.92449592272136,0.573549538671362,0.573549538671362,90.1169843134093,82.1169843134094,0,0,0
3062,4.07446090381453,3.92446090381453,0.573544609208126,0.573544609208126,90.1137979407763,82.1137979407763,0,0,0
3063,4.07442588520914,3.92442588520914,0.573539679787323,0.573539679787323,90.1106115955291,82.1106115955291,0,0,0
3064,4.07439086690519,3.92439086690519,0.573534750408952,0.573534750408952,90.1074252776674,82.1074252776674,0,0,0
3065,4.07435584890269,3.92435584890269,0.573529821073013,0.573529821073013,90.1042389871911,82.1042389871911,0,0,0
3066,4.07432083120161,3.92432083120161,0.573524891779506,0.573524891779506,90.1010527240998,82.1010527240998,0,0,0
3067,4.07428581380197,3.92428581380197,0.573519962528431,0.573519962528431,90.0978664883934,82.0978664883934,0,0,0
3068,4.07425079670377,3.92425079670377,0.573515033319787,0.573515033319787,90.0946802800715,82.0946802800716,0,0,0
3069,4.07421577990698,3.92421577990698,0.573510104153573,0.573510104153573,90.0914940991341,82.0914940991341,0,0,0
3070,4.07418076341163,3.92418076341163,0.57350517502979,0.57350517502979,90.0883079455808,82.0883079455808,0,0,0
3071,4.0741457472177,3.9241457472177,0.573500245948437,0.573500245948437,90.0851218194114,82.0851218194114,0,0,0
3072,4.07411073132519,3.92411073132519,0.573495316909514,0.573495316909514,90.0819357206257,82.0819357206257,0,0,0
3073,4.07407571573409,3.92407571573409,0.57349038791302,0.57349038791302,90.0787496492234,82.0787496492234,0,0,0
3074,4.07404070044441,3.92404070044441,0.573485458958954,0.573485458958954,90.0755636052043,82.0755636052043,0,0,0
3075,4.07400568545614,3.92400568545614,0.573480530047317,0.573480530047317,90.0723775885681,82.0723775885681,0,0,0
3076,4.07397067076928,3.92397067076928,0.573475601178109,0.573475601178109,90.0691915993147,82.0691915993147,0,0,0
3077,4.07393565638383,3.92393565638383,0.573470672351328,0.573470672351328,90.0660056374437,82.0660056374437,0,0,0
3078,4.07390064229979,3.92390064229979,0.573465743566974,0.573465743566974,90.0628197029551,82.0628197029551,0,0,0
3079,4.07386562851714,3.92386562851714,0.573460814825048,0.573460814825048,90.0596337958484,82.0596337958484,0,0,0
3080,4.0738306150359,3.9238306150359,0.573455886125548,0.573455886125548,90.0564479161235,82.0564479161235,0,0,0
3081,4.07379560185605,3.92379560185605,0.573450957468475,0.573450957468475,90.0532620637802,82.0532620637802,0,0,0
3082,4.07376058897759,3.92376058897759,0.573446028853828,0.573446028853828,90.0500762388181,82.0500762388182,0,0,0
3083,4.07372557640053,3.92372557640053,0.573441100281606,0.573441100281606,90.0468904412372,82.0468904412372,0,0,0
3084,4.07369056412486,3.92369056412486,0.57343617175181,0.57343617175181,90.0437046710371,82.0437046710371,0,0,0
3085,4.07365555215057,3.92365555215057,0.573431243264438,0.573431243264438,90.0405189282176,82.0405189282176,0,0,0
3086,4.07362054047766,3.92362054047766,0.573426314819491,0.573426314819491,90.0373332127784,82.0373332127784,0,0,0
3087,4.07358552910614,3.92358552910614,0.573421386416968,0.573421386416968,90.0341475247194,82.0341475247194,0,0,0
3088,4.073550518036,3.923550518036,0.573416458056869,0.573416458056869,90.0309618640403,82.0309618640403,0,0,0
3089,4.07351550726723,3.92351550726723,0.573411529739193,0.573411529739193,90.0277762307409,82.0277762307409,0,0,0
3090,4.07348049679983,3.92348049679983,0.57340660146394,0.57340660146394,90.0245906248208,82.0245906248208,0,0,0
3091,4.0734454866338,3.9234454866338,0.57340167323111,0.57340167323111,90.02140504628,82.02140504628,0,0,0
3092,4.07341047676915,3.92341047676915,0.573396745040702,0.573396745040702,90.0182194951181,82.0182194951181,0,0,0
3093,4.07337546720586,3.92337546720586,0.573391816892717,0.573391816892717,90.015033971335,82.015033971335,0,0,0
3094,4.07334045794393,3.92334045794393,0.573386888787152,0.573386888787152,90.0118484749303,82.0118484749303,0,0,0
3095,4.07330544898336,3.92330544898336,0.573381960724009,0.573381960724009,90.0086630059038,82.0086630059038,0,0,0
3096,4.07327044032415,3.92327044032415,0.573377032703287,0.573377032703287,90.0054775642554,82.0054775642554,0,0,0
3097,4.0732354319663,3.9232354319663,0.573372104724985,0.573372104724985,90.0022921499848,82.0022921499848,0,0,0
3098,4.0732014721057,3.9232014721057,0.573367324339203,0.573367324339203,89.9991067625998,81.9991067625998,0,0,0
3099,4.07317020166456,3.92317020166456,0.57336292253161,0.57336292253161,89.9959214005926,81.9959214005926,0,0,0
3100,4.07313892914714,3.92313892914714,0.573358520431749,0.573358520431749,89.9927360632594,81.9927360632594,0,0,0
3101,4.07310765444624,3.92310765444624,0.573354118024527,0.573354118024527,89.9895507504001,81.9895507504001,0,0,0
3102,4.0730763775854,3.9230763775854,0.57334971531326,0.57334971531326,89.9863654619861,81.9863654619861,0,0,0
3103,4.07304509864623,3.92304509864623,0.573345312309435,0.573345312309435,89.983180198024,81.983180198024,0,0,0
3104,4.0730138177213,3.9230138177213,0.573340909026084,0.573340909026084,89.9799949585209,81.9799949585209,0,0,0
3105,4.07298253489398,3.92298253489398,0.573336505474941,0.573336505474941,89.9768097434807,81.9768097434807,0,0,0
3106,4.07295125023664,3.92295125023664,0.573332101666194,0.573332101666194,89.9736245529053,81.9736245529053,0,0,0
3107,4.07291996381454,3.92291996381454,0.573327697609029,0.573327697609029,89.9704393867963,81.9704393867963,0,0,0
3108,4.07288867568936,3.92288867568936,0.573323293312128,0.573323293312128,89.9672542451549,81.9672542451549,0,0,0
3109,4.07285738592097,3.92285738592097,0.57331888878392,0.57331888878392,89.9640691279825,81.9640691279825,0,0,0
3110,4.07282609456785,3.92282609456785,0.573314484032637,0.573314484032637,89.9608840352804,81.9608840352804,0,0,0
3111,4.072794801687,3.922794801687,0.573310079066301,0.573310079066301,89.9576989670496,81.9576989670496,0,0,0
3112,4.07276350733378,3.92276350733378,0.573305673892705,0.573305673892705,89.9545139232915,81.9545139232915,0,0,0
3113,4.0727322115618,3.9227322115618,0.573301268519398,0.573301268519398,89.9513289040071,81.9513289040071,0,0,0
3114,4.07270091442297,3.92270091442297,0.573296862953684,0.573296862953684,89.9481439091975,81.9481439091975,0,0,0
3115,4.07266961596753,3.92266961596753,0.573292457202637,0.573292457202637,89.9449589388639,81.9449589388639,0,0,0
3116,4.07263831624414,3.92263831624414,0.573288051273106,0.573288051273106,89.9417739930071,81.9417739930071,0,0,0
3117,4.07260701529992,3.92260701529992,0.573283645171723,0.573283645171723,89.9385890716281,81.9385890716281,0,0,0
3118,4.07257571318049,3.92257571318049,0.573279238904912,0.573279238904912,89.935404174728,81.935404174728,0,0,0
3119,4.07254440993007,3.92254440993007,0.573274832478895,0.573274832478895,89.9322193023075,81.9322193023076,0,0,0
3120,4.07251310559147,3.92251310559147,0.5732704258997,0.5732704258997,89.9290344543677,81.9290344543677,0,0,0
3121,4.07248180020615,3.92248180020615,0.573266019173163,0.573266019173163,89.9258496309092,81.9258496309092,0,0,0
3122,4.07245049381428,3.92245049381428,0.573261612304939,0.573261612304939,89.9226648319329,81.9226648319329,0,0,0
3123,4.07241918645477,3.92241918645477,0.573257205300503,0.573257205300503,89.9194800574397,81.9194800574397,0,0,0
3124,4.07238787816529,3.92238787816529,0.573252798165159,0.573252798165159,89.9162953074301,81.9162953074301,0,0,0
3125,4.07235656898235,3.92235656898235,0.573248390904046,0.573248390904046,89.913110581905,81.913110581905,0,0,0
3126,4.07232525894128,3.92232525894128,0.57324398352214,0.57324398352214,89.9099258808649,81.9099258808649,0,0,0
3127,4.07229394807635,3.92229394807635,0.573239576024261,0.573239576024261,89.9067412043107,81.9067412043107,0,0,0
3128,4.07226263642071,3.92226263642071,0.573235168415077,0.573235168415077,89.9035565522429,81.9035565522429,0,0,0
3129,4.07223132400649,3.92223132400649,0.573230760699112,0.573230760699112,89.900371924662,81.900371924662,0,0,0
3130,4.07220001086481,3.92220001086481,0.573226352880745,0.573226352880745,89.8971873215688,81.8971873215688,0,0,0
3131,4.07216869702582,3.92216869702582,0.573221944964221,0.573221944964221,89.8940027429637,81.8940027429637,0,0,0
3132,4.07213738251872,3.92213738251872,0.573217536953649,0.573217536953649,89.8908181888473,81.8908181888473,0,0,0
3133,4.07210606737179,3.92210606737179,0.573213128853011,0.573213128853011,89.8876336592201,81.8876336592201,0,0,0
3134,4.07207475161243,3.92207475161243,0.573208720666164,0.573208720666164,89.8844491540826,81.8844491540826,0,0,0
3135,4.07204343526718,3.92204343526718,0.573204312396844,0.573204312396844,89.8812646734353,81.8812646734353,0,0,0
3136,4.07201211836176,3.92201211836176,0.573199904048671,0.573199904048671,89.8780802172785,81.8780802172785,0,0,0
3137,4.07198080092106,3.92198080092106,0.573195495625149,0.573195495625149,89.8748957856128,81.8748957856128,0,0,0
3138,4.07194948296921,3.92194948296921,0.573191087129675,0.573191087129675,89.8717113784385,81.8717113784385,0,0,0
3139,4.07191816452958,3.92191816452958,0.573186678565538,0.573186678565538,89.868526995756,81.868526995756,0,0,0
3140,4.07188684562482,3.92188684562482,0.573182269935927,0.573182269935927,89.8653426375658,81.8653426375658,0,0,0
3141,4.07185552627686,3.92185552627686,0.573177861243928,0.573177861243928,89.8621583038681,81.8621583038681,0,0,0
3142,4.07182420650694,3.92182420650694,0.573173452492531,0.573173452492531,89.8589739946633,81.8589739946633,0,0,0
3143,4.07179288633565,3.92179288633565,0.573169043684635,0.573169043684635,89.8557897099517,81.8557897099517,0,0,0
3144,4.07176156578292,3.92176156578292,0.573164634823046,0.573164634823046,89.8526054497337,81.8526054497337,0,0,0
3145,4.07173024486808,3.92173024486808,0.573160225910484,0.573160225910484,89.8494212140094,81.8494212140094,0,0,0
3146,4.07169892360983,3.92169892360983,0.573155816949583,0.573155816949583,89.8462370027793,81.8462370027793,0,0,0
3147,4.07166760202632,3.92166760202632,0.573151407942894,0.573151407942894,89.8430528160435,81.8430528160435,0,0,0
3148,4.07163628013509,3.92163628013509,0.57314699889289,0.57314699889289,89.8398686538023,81.8398686538023,0,0,0
3149,4.07160495795318,3.92160495795318,0.573142589801967,0.573142589801967,89.8366845160559,81.836684516056,0,0,0
3150,4.07157363549706,3.92157363549706,0.573138180672446,0.573138180672446,89.8335004028046,81.8335004028046,0,0,0
3151,4.0715423127827,3.9215423127827,0.573133771506574,0.573133771506574,89.8303163140486,81.8303163140486,0,0,0
3152,4.07151098982558,3.92151098982558,0.573129362306529,0.573129362306529,89.827132249788,81.827132249788,0,0,0
3153,4.0714796666407,3.9214796666407,0.573124953074422,0.573124953074422,89.8239482100231,81.8239482100231,0,0,0
3154,4.07144834324257,3.92144834324257,0.573120543812298,0.573120543812298,89.820764194754,81.820764194754,0,0,0
3155,4.07141701964526,3.92141701964526,0.573116134522137,0.573116134522137,89.8175802039808,81.8175802039808,0,0,0
3156,4.07138569586242,3.92138569586242,0.573111725205859,0.573111725205859,89.8143962377038,81.8143962377038,0,0,0
3157,4.07135437190724,3.92135437190725,0.573107315865322,0.573107315865322,89.8112122959231,81.8112122959231,0,0,0
3158,4.07132304779254,3.92132304779254,0.573102906502328,0.573102906502328,89.8080283786387,81.8080283786387,0,0,0
3159,4.07129172353071,3.92129172353071,0.573098497118624,0.573098497118624,89.8048444858509,81.8048444858509,0,0,0
3160,4.07126039913375,3.92126039913375,0.5730940877159,0.5730940877159,89.8016606175597,81.8016606175597,0,0,0
3161,4.07122907461332,3.92122907461332,0.573089678295794,0.573089678295794,89.7984767737652,81.7984767737652,0,0,0
3162,4.0711977499807,3.9211977499807,0.573085268859895,0.573085268859895,89.7952929544676,81.7952929544676,0,0,0
3163,4.0711664252468,3.9211664252468,0.573080859409741,0.573080859409741,89.7921091596669,81.7921091596669,0,0,0
3164,4.07113510042223,3.92113510042223,0.573076449946822,0.573076449946822,89.7889253893631,81.7889253893631,0,0,0
3165,4.07110377551723,3.92110377551723,0.573072040472583,0.573072040472583,89.7857416435564,81.7857416435564,0,0,0
3166,4.07107245054176,3.92107245054176,0.573067630988423,0.573067630988423,89.7825579222468,81.7825579222468,0,0,0
3167,4.07104112550543,3.92104112550543,0.573063221495697,0.573063221495697,89.7793742254343,81.7793742254343,0,0,0
3168,4.0710098004176,3.9210098004176,0.573058811995721,0.573058811995721,89.7761905531191,81.7761905531191,0,0,0
3169,4.0709784752873,3.9209784752873,0.573054402489766,0.573054402489766,89.7730069053011,81.7730069053011,0,0,0
3170,4.07094715012329,3.92094715012329,0.573049992979066,0.573049992979066,89.7698232819803,81.7698232819803,0,0,0
3171,4.07091582493406,3.92091582493406,0.573045583464817,0.573045583464817,89.7666396831569,81.7666396831569,0,0,0
3172,4.07088449972785,3.92088449972785,0.573041173948177,0.573041173948177,89.7634561088307,81.7634561088307,0,0,0
3173,4.07085317451263,3.92085317451263,0.573036764430269,0.573036764430269,89.7602725590019,81.7602725590019,0,0,0
3174,4.07082184929612,3.92082184929612,0.573032354912179,0.573032354912179,89.7570890336704,81.7570890336704,0,0,0
3175,4.07079052408581,3.92079052408581,0.573027945394962,0.573027945394962,89.7539055328362,81.7539055328362,0,0,0
3176,4.07075919888896,3.92075919888896,0.573023535879639,0.573023535879639,89.7507220564993,81.7507220564993,0,0,0
3177,4.07072787371259,3.92072787371259,0.5730191263672,0.5730191263672,89.7475386046598,81.7475386046598,0,0,0
3178,4.07069654856352,3.92069654856352,0.573014716858604,0.573014716858604,89.7443551773175,81.7443551773175,0,0,0
3179,4.07066522344835,3.92066522344835,0.573010307354779,0.573010307354779,89.7411717744724,81.7411717744724,0,0,0
3180,4.07063389837348,3.92063389837348,0.573005897856627,0.573005897856627,89.7379883961246,81.7379883961246,0,0,0
3181,4.0706025733451,3.9206025733451,0.57300148836502,0.57300148836502,89.734805042274,81.734805042274,0,0,0
3182,4.07057124836923,3.92057124836923,0.572997078880804,0.572997078880804,89.7316217129205,81.7316217129205,0,0,0
3183,4.07053992345168,3.92053992345168,0.572992669404798,0.572992669404798,89.7284384080642,81.7284384080642,0,0,0
3184,4.07050859859811,3.92050859859811,0.572988259937797,0.572988259937797,89.7252551277049,81.7252551277049,0,0,0
3185,4.07047727381397,3.92047727381397,0.57298385048057,0.57298385048057,89.7220718718426,81.7220718718426,0,0,0
3186,4.07044594910457,3.92044594910457,0.572979441033864,0.572979441033864,89.7188886404773,81.7188886404773,0,0,0
3187,4.07041462447503,3.92041462447503,0.5729750315984,0.5729750315984,89.7157054336089,81.7157054336089,0,0,0
3188,4.07038329993035,3.92038329993035,0.572970622174881,0.572970622174881,89.7125222512373,81.7125222512373,0,0,0
3189,4.07035197547534,3.92035197547534,0.572966212763983,0.572966212763983,89.7093390933624,81.7093390933625,0,0,0
3190,4.07032065111467,3.92032065111467,0.572961803366367,0.572961803366367,89.7061559599843,81.7061559599843,0,0,0
3191,4.07028932685288,3.92028932685288,0.572957393982669,0.572957393982669,89.7029728511028,81.7029728511028,0,0,0
3192,4.07025800269435,3.92025800269435,0.572952984613506,0.572952984613506,89.6997897667178,81.6997897667178,0,0,0
3193,4.07022667864334,3.92022667864334,0.57294857525948,0.57294857525948,89.6966067068292,81.6966067068292,0,0,0
3194,4.07019535470398,3.92019535470398,0.572944165921168,0.572944165921168,89.693423671437,81.693423671437,0,0,0
3195,4.07016403088026,3.92016403088026,0.572939756599135,0.572939756599135,89.6902406605411,81.6902406605411,0,0,0
3196,4.07013270717605,3.92013270717605,0.572935347293926,0.572935347293926,89.6870576741414,81.6870576741414,0,0,0
3197,4.07010138359511,3.92010138359511,0.572930938006069,0.572930938006069,89.6838747122378,81.6838747122378,0,0,0
3198,4.07007006014108,3.92007006014108,0.572926528736075,0.572926528736075,89.6806917748302,81.6806917748302,0,0,0
3199,4.07003873681748,3.92003873681748,0.572922119484442,0.572922119484442,89.6775088619185,81.6775088619185,0,0,0
3200,4.07000741362773,3.92000741362773,0.572917710251651,0.572917710251651,89.6743259735025,81.6743259735025,0,0,0
3201,4.06997609057515,3.91997609057515,0.572913301038168,0.572913301038168,89.6711431095822,81.6711431095823,0,0,0
3202,4.06994476766294,3.91994476766294,0.572908891844445,0.572908891844445,89.6679602701576,81.6679602701576,0,0,0
3203,4.06991344489422,3.91991344489422,0.57290448267092,0.57290448267092,89.6647774552283,81.6647774552284,0,0,0
3204,4.069882122272,3.919882122272,0.572900073518018,0.572900073518018,89.6615946647945,81.6615946647945,0,0,0
3205,4.06985079979921,3.91985079979921,0.57289566438615,0.57289566438615,89.6584118988558,81.6584118988559,0,0,0
3206,4.06981947747868,3.91981947747868,0.572891255275715,0.572891255275715,89.6552291574123,81.6552291574124,0,0,0
3207,4.06978815531316,3.91978815531316,0.5728868461871,0.5728868461871,89.6520464404638,81.6520464404638,0,0,0
3208,4.06975683330531,3.91975683330531,0.57288243712068,0.57288243712068,89.6488637480102,81.6488637480102,0,0,0
3209,4.06972551145771,3.91972551145771,0.572878028076817,0.572878028076817,89.6456810800513,81.6456810800513,0,0,0
3210,4.06969418977286,3.91969418977286,0.572873619055865,0.572873619055865,89.642498436587,81.642498436587,0,0,0
3211,4.06966286825319,3.91966286825319,0.572869210058163,0.572869210058163,89.6393158176172,81.6393158176173,0,0,0
3212,4.06963154690105,3.91963154690105,0.572864801084044,0.572864801084044,89.6361332231418,81.6361332231419,0,0,0
3213,4.06960022571871,3.91960022571871,0.572860392133827,0.572860392133827,89.6329506531607,81.6329506531607,0,0,0
3214,4.06956890470838,3.91956890470838,0.572855983207823,0.572855983207823,89.6297681076736,81.6297681076736,0,0,0
3215,4.0695375838722,3.9195375838722,0.572851574306335,0.572851574306335,89.6265855866805,81.6265855866805,0,0,0
3216,4.06950626321226,3.91950626321226,0.572847165429653,0.572847165429653,89.6234030901812,81.6234030901812,0,0,0
3217,4.06947494273055,3.91947494273055,0.572842756578062,0.572842756578062,89.6202206181756,81.6202206181756,0,0,0
3218,4.06944362242904,3.91944362242904,0.572838347751835,0.572838347751835,89.6170381706636,81.6170381706636,0,0,0
3219,4.0694123023096,3.9194123023096,0.572833938951239,0.572833938951239,89.6138557476449,81.613855747645,0,0,0
3220,4.06938098237407,3.91938098237407,0.57282953017653,0.57282953017653,89.6106733491196,81.6106733491196,0,0,0
3221,4.06934966262423,3.91934966262423,0.57282512142796,0.57282512142796,89.6074909750873,81.6074909750873,0,0,0
3222,4.0693183430618,3.9193183430618,0.572820712705771,0.572820712705771,89.6043086255481,81.6043086255481,0,0,0
3223,4.06928702368844,3.91928702368844,0.572816304010197,0.572816304010197,89.6011263005016,81.6011263005016,0,0,0
3224,4.06925570450578,3.91925570450578,0.572811895341467,0.572811895341467,89.5979439999479,81.5979439999479,0,0,0
3225,4.06922438551538,3.91922438551538,0.572807486699801,0.572807486699801,89.5947617238866,81.5947617238866,0,0,0
3226,4.06919306671877,3.91919306671877,0.572803078085412,0.572803078085412,89.5915794723178,81.5915794723178,0,0,0
3227,4.06916174811741,3.91916174811741,0.572798669498509,0.572798669498509,89.5883972452411,81.5883972452411,0,0,0
3228,4.06913042971274,3.91913042971274,0.572794260939293,0.572794260939293,89.5852150426566,81.5852150426566,0,0,0
3229,4.06909911150614,3.91909911150614,0.572789852407959,0.572789852407959,89.5820328645639,81.5820328645639,0,0,0
3230,4.06906779349895,3.91906779349895,0.572785443904695,0.572785443904695,89.578850710963,81.578850710963,0,0,0
3231,4.06903647569248,3.91903647569248,0.572781035429684,0.572781035429684,89.5756685818538,81.5756685818538,0,0,0
3232,4.06900515808798,3.91900515808798,0.572776626983105,0.572776626983105,89.5724864772359,81.5724864772359,0,0,0
3233,4.06897384068668,3.91897384068668,0.57277221856513,0.57277221856513,89.5693043971094,81.5693043971094,0,0,0
3234,4.06894252348977,3.91894252348977,0.572767810175925,0.572767810175925,89.566122341474,81.566122341474,0,0,0
3235,4.0689112064984,3.9189112064984,0.572763401815653,0.572763401815653,89.5629403103296,81.5629403103296,0,0,0
3236,4.06887988971368,3.91887988971368,0.572758993484471,0.572758993484471,89.5597583036759,81.5597583036759,0,0,0
3237,4.06884857313669,3.91884857313669,0.572754585182529,0.572754585182529,89.556576321513,81.556576321513,0,0,0
3238,4.06881725676848,3.91881725676848,0.572750176909977,0.572750176909977,89.5533943638405,81.5533943638405,0,0,0
3239,4.06878594061006,3.91878594061006,0.572745768666957,0.572745768666957,89.5502124306583,81.5502124306583,0,0,0
3240,4.06875462466242,3.91875462466242,0.572741360453607,0.572741360453607,89.5470305219663,81.5470305219663,0,0,0
3241,4.06872330892652,3.91872330892652,0.572736952270062,0.572736952270062,89.5438486377642,81.5438486377642,0,0,0
3242,4.06869199340328,3.91869199340328,0.572732544116453,0.572732544116453,89.540666778052,81.540666778052,0,0,0
3243,4.0686606780936,3.9186606780936,0.572728135992905,0.572728135992905,89.5374849428295,81.5374849428295,0,0,0
3244,4.06862936299834,3.91862936299834,0.572723727899541,0.572723727899541,89.5343031320965,81.5343031320965,0,0,0
3245,4.06859804811836,3.91859804811836,0.572719319836481,0.572719319836481,89.5311213458527,81.5311213458527,0,0,0
3246,4.06856673345446,3.91856673345446,0.572714911803838,0.572714911803838,89.5279395840982,81.5279395840982,0,0,0
3247,4.06853541900745,3.91853541900745,0.572710503801725,0.572710503801725,89.5247578468326,81.5247578468326,0,0,0
3248,4.06850410477809,3.91850410477809,0.57270609583025,0.57270609583025,89.5215761340558,81.5215761340558,0,0,0
3249,4.06847279076713,3.91847279076713,0.572701687889517,0.572701687889517,89.5183944457677,81.5183944457677,0,0,0
3250,4.06844147697529,3.91844147697529,0.572697279979629,0.572697279979629,89.515212781968,81.515212781968,0,0,0
3251,4.06841016340326,3.91841016340326,0.572692872100685,0.572692872100685,89.5120311426567,81.5120311426567,0,0,0
3252,4.06837885005174,3.91837885005174,0.572688464252779,0.572688464252779,89.5088495278335,81.5088495278335,0,0,0
3253,4.06834753692138,3.91834753692138,0.572684056436005,0.572684056436005,89.5056679374982,81.5056679374982,0,0,0
3254,4.06831622401281,3.91831622401281,0.572679648650452,0.572679648650452,89.5024863716507,81.5024863716507,0,0,0
3255,4.06828491132666,3.91828491132666,0.572675240896208,0.572675240896208,89.4993048302909,81.4993048302909,0,0,0
3256,4.06825359886353,3.91825359886353,0.572670833173357,0.572670833173357,89.4961233134184,81.4961233134184,0,0,0
3257,4.068222286624,3.918222286624,0.572666425481981,0.572666425481981,89.4929418210333,81.4929418210333,0,0,0
3258,4.06819097460863,3.91819097460863,0.57266201782216,0.57266201782216,89.4897603531352,81.4897603531352,0,0,0
3259,4.06815966281797,3.91815966281797,0.572657610193971,0.572657610193971,89.486578909724,81.486578909724,0,0,0
3260,4.06812835125255,3.91812835125255,0.572653202597488,0.572653202597488,89.4833974907996,81.4833974907996,0,0,0
3261,4.0680970399129,3.9180970399129,0.572648795032784,0.572648795032784,89.4802160963617,81.4802160963617,0,0,0
3262,4.0680657287995,3.9180657287995,0.572644387499929,0.572644387499929,89.4770347264102,81.4770347264102,0,0,0
3263,4.06803441791284,3.91803441791284,0.572639979998992,0.572639979998992,89.4738533809449,81.4738533809449,0,0,0
3264,4.06800310725338,3.91800310725338,0.572635572530037,0.572635572530037,89.4706720599656,81.4706720599656,0,0,0
3265,4.06797179682159,3.91797179682159,0.57263116509313,0.57263116509313,89.4674907634722,81.4674907634722,0,0,0
3266,4.06794048661791,3.91794048661791,0.572626757688332,0.572626757688332,89.4643094914645,81.4643094914645,0,0,0
3267,4.06790917664276,3.91790917664276,0.572622350315704,0.572622350315704,89.4611282439422,81.4611282439422,0,0,0
3268,4.06787786689656,3.91787786689656,0.572617942975304,0.572617942975304,89.4579470209053,81.4579470209053,0,0,0
3269,4.06784655737971,3.91784655737971,0.572613535667189,0.572613535667189,89.4547658223535,81.4547658223535,0,0,0
3270,4.0678152480926,3.9178152480926,0.572609128391413,0.572609128391413,89.4515846482867,81.4515846482867,0,0,0
3271,4.0677839390356,3.9177839390356,0.57260472114803,0.57260472114803,89.4484034987046,81.4484034987046,0,0,0
3272,4.06775263020909,3.91775263020909,0.572600313937091,0.572600313937091,89.4452223736071,81.4452223736071,0,0,0
3273,4.06772132161343,3.91772132161343,0.572595906758647,0.572595906758647,89.4420412729941,81.4420412729941,0,0,0
3274,4.06769001324894,3.91769001324894,0.572591499612745,0.572591499612745,89.4388601968652,81.4388601968652,0,0,0
3275,4.06765870511598,3.91765870511598,0.572587092499434,0.572587092499434,89.4356791452205,81.4356791452205,0,0,0
3276,4.06762739721486,3.91762739721486,0.572582685418758,0.572582685418758,89.4324981180596,81.4324981180596,0,0,0
3277,4.06759608954589,3.91759608954589,0.572578278370762,0.572578278370762,89.4293171153824,81.4293171153824,0,0,0
3278,4.06756478210939,3.91756478210939,0.572573871355489,0.572573871355489,89.4261361371887,81.4261361371887,0,0,0
3279,4.06753347490565,3.91753347490565,0.57256946437298,0.57256946437298,89.4229551834783,81.4229551834783,0,0,0
3280,4.06750216793495,3.91750216793495,0.572565057423276,0.572565057423276,89.4197742542511,81.4197742542511,0,0,0
3281,4.06747086119758,3.91747086119758,0.572560650506416,0.572560650506416,89.4165933495068,81.4165933495068,0,0,0
3282,4.06743955469379,3.91743955469379,0.572556243622437,0.572556243622437,89.4134124692453,81.4134124692453,0,0,0
3283,4.06740824842387,3.91740824842387,0.572551836771378,0.572551836771378,89.4102316134664,81.4102316134664,0,0,0
3284,4.06737694238804,3.91737694238804,0.572547429953272,0.572547429953272,89.4070507821699,81.40705078217,0,0,0
3285,4.06734563658658,3.91734563658658,0.572543023168155,0.572543023168155,89.4038699753557,81.4038699753557,0,0,0
3286,4.0673143310197,3.9173143310197,0.572538616416061,0.572538616416061,89.4006891930235,81.4006891930235,0,0,0
3287,4.06728302568764,3.91728302568764,0.572534209697022,0.572534209697022,89.3975084351732,81.3975084351732,0,0,0
3288,4.06725172059063,3.91725172059063,0.572529803011069,0.572529803011069,89.3943277018045,81.3943277018045,0,0,0
3289,4.06722041572889,3.91722041572889,0.572525396358233,0.572525396358233,89.3911469929174,81.3911469929174,0,0,0
3290,4.06718911110262,3.91718911110262,0.572520989738544,0.572520989738544,89.3879663085115,81.3879663085115,0,0,0
3291,4.06715780671203,3.91715780671203,0.572516583152031,0.572516583152031,89.3847856485868,81.3847856485868,0,0,0
3292,4.06712650255731,3.91712650255731,0.572512176598721,0.572512176598721,89.3816050131431,81.3816050131431,0,0,0
3293,4.06709519863866,3.91709519863866,0.572507770078641,0.572507770078641,89.3784244021801,81.3784244021801,0,0,0
3294,4.06706389495627,3.91706389495627,0.572503363591818,0.572503363591818,89.3752438156976,81.3752438156976,0,0,0
3295,4.06703259151032,3.91703259151032,0.572498957138277,0.572498957138277,89.3720632536956,81.3720632536956,0,0,0
3296,4.06700128830097,3.91700128830097,0.572494550718043,0.572494550718043,89.3688827161737,81.3688827161737,0,0,0
3297,4.06696998532841,3.91696998532841,0.572490144331139,0.572490144331139,89.3657022031319,81.3657022031319,0,0,0
3298,4.06693868259279,3.91693868259279,0.572485737977589,0.572485737977589,89.3625217145699,81.3625217145699,0,0,0
3299,4.06690738009428,3.91690738009428,0.572481331657416,0.572481331657416,89.3593412504876,81.3593412504876,0,0,0
3300,4.06687607783303,3.91687607783303,0.57247692537064,0.57247692537064,89.3561608108847,81.3561608108847,0,0,0
3301,4.06684477580919,3.91684477580919,0.572472519117284,0.572472519117284,89.3529803957611,81.3529803957611,0,0,0
3302,4.0668134740229,3.9168134740229,0.572468112897368,0.572468112897368,89.3498000051166,81.3498000051166,0,0,0
3303,4.06678217247431,3.91678217247431,0.572463706710911,0.572463706710911,89.346619638951,81.346619638951,0,0,0
3304,4.06675087116356,3.91675087116356,0.572459300557934,0.572459300557934,89.3434392972642,81.3434392972642,0,0,0
3305,4.06671957009077,3.91671957009077,0.572454894438454,0.572454894438454,89.3402589800558,81.3402589800558,0,0,0
3306,4.06668826925608,3.91668826925608,0.572450488352489,0.572450488352489,89.3370786873258,81.3370786873258,0,0,0
3307,4.06665696865961,3.91665696865961,0.572446082300058,0.572446082300058,89.333898419074,81.333898419074,0,0,0
3308,4.06662566830149,3.91662566830149,0.572441676281178,0.572441676281178,89.3307181753001,81.3307181753001,0,0,0
3309,4.06659436818182,3.91659436818182,0.572437270295864,0.572437270295864,89.3275379560041,81.3275379560041,0,0,0
3310,4.06656306830072,3.91656306830072,0.572432864344133,0.572432864344133,89.3243577611856,81.3243577611856,0,0,0
3311,4.06653176865831,3.91653176865831,0.572428458426,0.572428458426,89.3211775908446,81.3211775908446,0,0,0
3312,4.06650046925468,3.91650046925468,0.572424052541481,0.572424052541481,89.3179974449807,81.3179974449807,0,0,0
3313,4.06646917008996,3.91646917008996,0.572419646690591,0.572419646690591,89.314817323594,81.314817323594,0,0,0
3314,4.06643787116422,3.91643787116422,0.572415240873342,0.572415240873342,89.311637226684,81.3116372266841,0,0,0
3315,4.06640657247758,3.91640657247758,0.572410835089749,0.572410835089749,89.3084571542508,81.3084571542508,0,0,0
3316,4.06637527403012,3.91637527403012,0.572406429339826,0.572406429339826,89.305277106294,81.3052771062941,0,0,0
3317,4.06634397582195,3.91634397582195,0.572402023623585,0.572402023623585,89.3020970828136,81.3020970828136,0,0,0
3318,4.06631267785314,3.91631267785314,0.572397617941039,0.572397617941039,89.2989170838092,81.2989170838092,0,0,0
3319,4.06628138012379,3.91628138012379,0.5723932122922,0.5723932122922,89.2957371092808,81.2957371092808,0,0,0
3320,4.06625008263397,3.91625008263397,0.572388806677079,0.572388806677079,89.2925571592281,81.2925571592281,0,0,0
3321,4.06621878538377,3.91621878538377,0.572384401095688,0.572384401095688,89.2893772336509,81.2893772336509,0,0,0
3322,4.06618748837326,3.91618748837326,0.572379995548038,0.572379995548038,89.2861973325491,81.2861973325491,0,0,0
3323,4.06615619160254,3.91615619160254,0.572375590034141,0.572375590034141,89.2830174559225,81.2830174559225,0,0,0
3324,4.06612489507165,3.91612489507165,0.572371184554005,0.572371184554005,89.2798376037708,81.2798376037708,0,0,0
3325,4.06609359878069,3.91609359878069,0.572366779107642,0.572366779107642,89.276657776094,81.276657776094,0,0,0
3326,4.06606230272971,3.91606230272971,0.572362373695061,0.572362373695061,89.2734779728917,81.2734779728917,0,0,0
3327,4.06603100691879,3.91603100691879,0.572357968316271,0.572357968316271,89.2702981941639,81.2702981941639,0,0,0
3328,4.06599971134799,3.91599971134799,0.572353562971282,0.572353562971282,89.2671184399103,81.2671184399103,0,0,0
3329,4.06596841601737,3.91596841601737,0.572349157660103,0.572349157660103,89.2639387101307,81.2639387101307,0,0,0
3330,4.065937120927,3.915937120927,0.572344752382742,0.572344752382742,89.260759004825,81.2607590048251,0,0,0
3331,4.06590582607693,3.91590582607693,0.572340347139207,0.572340347139207,89.257579323993,81.257579323993,0,0,0
3332,4.06587453146722,3.91587453146722,0.572335941929508,0.572335941929508,89.2543996676345,81.2543996676345,0,0,0
3333,4.06584323709793,3.91584323709793,0.572331536753651,0.572331536753651,89.2512200357492,81.2512200357493,0,0,0
3334,4.06581194296912,3.91581194296912,0.572327131611644,0.572327131611644,89.2480404283371,81.2480404283371,0,0,0
3335,4.06578064908082,3.91578064908082,0.572322726503494,0.572322726503494,89.2448608453979,81.2448608453979,0,0,0
3336,4.06574935543311,3.91574935543311,0.57231832142921,0.57231832142921,89.2416812869314,81.2416812869314,0,0,0
3337,4.06571806202601,3.91571806202601,0.572313916388797,0.572313916388797,89.2385017529374,81.2385017529374,0,0,0
3338,4.06568676885959,3.91568676885959,0.572309511382262,0.572309511382262,89.2353222434158,81.2353222434158,0,0,0
3339,4.06565547593389,3.91565547593389,0.572305106409613,0.572305106409613,89.2321427583664,81.2321427583664,0,0,0
3340,4.06562418324895,3.91562418324895,0.572300701470854,0.572300701470854,89.2289632977889,81.2289632977889,0,0,0
3341,4.06559289080482,3.91559289080482,0.572296296565993,0.572296296565993,89.2257838616833,81.2257838616833,0,0,0
3342,4.06556159860153,3.91556159860153,0.572291891695036,0.572291891695036,89.2226044500492,81.2226044500492,0,0,0
3343,4.06553030663914,3.91553030663914,0.572287486857987,0.572287486857987,89.2194250628865,81.2194250628865,0,0,0
3344,4.06549901491767,3.91549901491767,0.572283082054853,0.572283082054853,89.2162457001951,81.2162457001951,0,0,0
3345,4.06546772343718,3.91546772343718,0.572278677285639,0.572278677285639,89.2130663619747,81.2130663619747,0,0,0
3346,4.06543643219768,3.91543643219768,0.57227427255035,0.57227427255035,89.2098870482251,81.2098870482251,0,0,0
3347,4.06540514119923,3.91540514119923,0.572269867848991,0.572269867848991,89.2067077589462,81.2067077589462,0,0,0
3348,4.06537385044185,3.91537385044185,0.572265463181567,0.572265463181567,89.2035284941378,81.2035284941378,0,0,0
3349,4.06534255992559,3.91534255992559,0.572261058548084,0.572261058548084,89.2003492537996,81.2003492537996,0,0,0
3350,4.06531126965046,3.91531126965046,0.572256653948545,0.572256653948545,89.1971700379316,81.1971700379316,0,0,0
3351,4.06527997961651,3.91527997961651,0.572252249382955,0.572252249382955,89.1939908465334,81.1939908465334,0,0,0
3352,4.06524868982376,3.91524868982376,0.572247844851318,0.572247844851318,89.190811679605,81.190811679605,0,0,0
3353,4.06521740027225,3.91521740027225,0.572243440353639,0.572243440353639,89.187632537146,81.187632537146,0,0,0
3354,4.065186110962,3.915186110962,0.572239035889921,0.572239035889921,89.1844534191565,81.1844534191565,0,0,0
3355,4.06515482189304,3.91515482189304,0.572234631460169,0.572234631460169,89.181274325636,81.181274325636,0,0,0
3356,4.0651235330654,3.9151235330654,0.572230227064386,0.572230227064386,89.1780952565846,81.1780952565846,0,0,0
3357,4.0650922444791,3.9150922444791,0.572225822702576,0.572225822702576,89.1749162120019,81.1749162120019,0,0,0
3358,4.06506095613417,3.91506095613417,0.572221418374743,0.572221418374743,89.1717371918877,81.1717371918877,0,0,0
3359,4.06502966803064,3.91502966803064,0.57221701408089,0.57221701408089,89.168558196242,81.168558196242,0,0,0
3360,4.06499838016853,3.91499838016853,0.57221260982102,0.57221260982102,89.1653792250645,81.1653792250645,0,0,0
3361,4.06496709254785,3.91496709254785,0.572208205595136,0.572208205595136,89.162200278355,81.162200278355,0,0,0
3362,4.06493580516864,3.91493580516864,0.572203801403243,0.572203801403243,89.1590213561133,81.1590213561133,0,0,0
3363,4.06490451803091,3.91490451803091,0.572199397245342,0.572199397245342,89.1558424583393,81.1558424583393,0,0,0
3364,4.06487323113468,3.91487323113468,0.572194993121436,0.572194993121436,89.1526635850327,81.1526635850327,0,0,0
3365,4.06484194447999,3.91484194447999,0.57219058903153,0.57219058903153,89.1494847361934,81.1494847361934,0,0,0
3366,4.06481065806683,3.91481065806683,0.572186184975624,0.572186184975624,89.1463059118211,81.1463059118211,0,0,0
3367,4.06477937189525,3.91477937189525,0.572181780953723,0.572181780953723,89.1431271119157,81.1431271119157,0,0,0
3368,4.06474808596524,3.91474808596524,0.572177376965828,0.572177376965828,89.139948336477,81.139948336477,0,0,0
3369,4.06471680027683,3.91471680027683,0.572172973011942,0.572172973011942,89.1367695855049,81.1367695855049,0,0,0
3370,4.06468551483004,3.91468551483004,0.572168569092067,0.572168569092067,89.133590858999,81.133590858999,0,0,0
3371,4.06465422962489,3.91465422962489,0.572164165206206,0.572164165206206,89.1304121569593,81.1304121569593,0,0,0
3372,4.06462294466138,3.91462294466138,0.572159761354361,0.572159761354361,89.1272334793855,81.1272334793855,0,0,0
3373,4.06459165993954,3.91459165993954,0.572155357536535,0.572155357536535,89.1240548262774,81.1240548262774,0,0,0
3374,4.06456037545938,3.91456037545938,0.572150953752729,0.572150953752729,89.120876197635,81.120876197635,0,0,0
3375,4.06452909122092,3.91452909122092,0.572146550002944,0.572146550002944,89.1176975934579,81.1176975934579,0,0,0
3376,4.06449780722416,3.91449780722416,0.572142146287185,0.572142146287185,89.1145190137459,81.1145190137459,0,0,0
3377,4.06446652346912,3.91446652346912,0.572137742605451,0.572137742605451,89.111340458499,81.111340458499,0,0,0
3378,4.06443523995582,3.91443523995582,0.572133338957745,0.572133338957745,89.1081619277168,81.1081619277169,0,0,0
3379,4.06440395668427,3.91440395668427,0.57212893534407,0.57212893534407,89.1049834213993,81.1049834213993,0,0,0
3380,4.06437267365448,3.91437267365448,0.572124531764426,0.572124531764426,89.1018049395462,81.1018049395462,0,0,0
3381,4.06434139086646,3.91434139086646,0.572120128218815,0.572120128218815,89.0986264821574,81.0986264821574,0,0,0
3382,4.06431010832022,3.91431010832022,0.572115724707239,0.572115724707239,89.0954480492326,81.0954480492326,0,0,0
3383,4.06427882601578,3.91427882601578,0.572111321229699,0.572111321229699,89.0922696407716,81.0922696407716,0,0,0
3384,4.06424754395314,3.91424754395314,0.572106917786197,0.572106917786197,89.0890912567743,81.0890912567743,0,0,0
3385,4.06421626213232,3.91421626213232,0.572102514376735,0.572102514376735,89.0859128972405,81.0859128972405,0,0,0
3386,4.06418498055333,3.91418498055333,0.572098111001313,0.572098111001313,89.08273456217,81.08273456217,0,0,0
3387,4.06415369921617,3.91415369921617,0.572093707659933,0.572093707659933,89.0795562515626,81.0795562515626,0,0,0
3388,4.06412241812085,3.91412241812085,0.572089304352597,0.572089304352597,89.0763779654181,81.0763779654181,0,0,0
3389,4.06409113726738,3.91409113726738,0.572084901079305,0.572084901079305,89.0731997037364,81.0731997037364,0,0,0
3390,4.06405985665578,3.91405985665578,0.572080497840059,0.572080497840059,89.0700214665171,81.0700214665171,0,0,0
3391,4.06402857628605,3.91402857628605,0.57207609463486,0.57207609463486,89.0668432537602,81.0668432537602,0,0,0
3392,4.06399729615819,3.91399729615819,0.572071691463709,0.572071691463709,89.0636650654655,81.0636650654655,0,0,0
3393,4.06396601627222,3.91396601627222,0.572067288326608,0.572067288326608,89.0604869016328,81.0604869016328,0,0,0
3394,4.06393473662814,3.91393473662814,0.572062885223556,0.572062885223556,89.0573087622618,81.0573087622618,0,0,0
3395,4.06390345722596,3.91390345722596,0.572058482154556,0.572058482154556,89.0541306473524,81.0541306473524,0,0,0
3396,4.06387217806569,3.91387217806569,0.572054079119608,0.572054079119608,89.0509525569044,81.0509525569044,0,0,0
3397,4.06384089914734,3.91384089914734,0.572049676118713,0.572049676118713,89.0477744909176,81.0477744909176,0,0,0
3398,4.0638096204709,3.9138096204709,0.572045273151872,0.572045273151872,89.0445964493918,81.0445964493918,0,0,0
3399,4.06377834203639,3.91377834203639,0.572040870219086,0.572040870219086,89.0414184323269,81.0414184323269,0,0,0
3400,4.06374706384381,3.91374706384381,0.572036467320356,0.572036467320356,89.0382404397226,81.0382404397226,0,0,0
3401,4.06371578589317,3.91371578589317,0.572032064455682,0.572032064455682,89.0350624715788,81.0350624715788,0,0,0
3402,4.06368450818447,3.91368450818447,0.572027661625066,0.572027661625066,89.0318845278952,81.0318845278952,0,0,0
3403,4.06365323071772,3.91365323071772,0.572023258828507,0.572023258828507,89.0287066086717,81.0287066086717,0,0,0
3404,4.06362195349292,3.91362195349292,0.572018856066008,0.572018856066008,89.0255287139081,81.0255287139081,0,0,0
3405,4.06359067651008,3.91359067651008,0.572014453337568,0.572014453337568,89.0223508436042,81.0223508436042,0,0,0
3406,4.0635593997692,3.9135593997692,0.572010050643188,0.572010050643188,89.0191729977598,81.0191729977598,0,0,0
3407,4.0635281232703,3.9135281232703,0.572005647982868,0.572005647982868,89.0159951763747,81.0159951763747,0,0,0
3408,4.06349684701336,3.91349684701336,0.57200124535661,0.57200124535661,89.0128173794487,81.0128173794487,0,0,0
3409,4.06346557099839,3.91346557099839,0.571996842764414,0.571996842764414,89.0096396069817,81.0096396069817,0,0,0
3410,4.06343429522541,3.91343429522541,0.57199244020628,0.57199244020628,89.0064618589734,81.0064618589734,0,0,0
3411,4.06340301969441,3.91340301969441,0.571988037682209,0.571988037682209,89.0032841354237,81.0032841354237,0,0,0
3412,4.0633717444054,3.9133717444054,0.571983635192202,0.571983635192202,89.0001064363324,81.0001064363324,0,0,0
3413,4.06334046935838,3.91334046935838,0.571979232736258,0.571979232736258,88.9969287616993,80.9969287616993,0,0,0
3414,4.06330919455335,3.91330919455335,0.571974830314379,0.571974830314379,88.9937511115241,80.9937511115241,0,0,0
3415,4.06327791999031,3.91327791999031,0.571970427926564,0.571970427926564,88.9905734858067,80.9905734858067,0,0,0
3416,4.06324664566928,3.91324664566928,0.571966025572815,0.571966025572815,88.987395884547,80.987395884547,0,0,0
3417,4.06321537159025,3.91321537159025,0.571961623253132,0.571961623253132,88.9842183077447,80.9842183077447,0,0,0
3418,4.06318409775322,3.91318409775322,0.571957220967515,0.571957220967515,88.9810407553996,80.9810407553996,0,0,0
3419,4.0631528241582,3.9131528241582,0.571952818715963,0.571952818715963,88.9778632275116,80.9778632275116,0,0,0
3420,4.06312155080519,3.9131215508052,0.571948416498479,0.571948416498479,88.9746857240804,80.9746857240804,0,0,0
3421,4.0630902776942,3.9130902776942,0.571944014315062,0.571944014315062,88.9715082451059,80.9715082451059,0,0,0
3422,4.06305900482521,3.91305900482521,0.571939612165712,0.571939612165712,88.9683307905879,80.9683307905879,0,0,0
3423,4.06302773219825,3.91302773219825,0.571935210050429,0.571935210050429,88.9651533605262,80.9651533605262,0,0,0
3424,4.0629964598133,3.9129964598133,0.571930807969215,0.571930807969215,88.9619759549206,80.9619759549206,0,0,0
3425,4.06296518767037,3.91296518767037,0.571926405922069,0.571926405922069,88.9587985737708,80.9587985737708,0,0,0
3426,4.06293391576947,3.91293391576947,0.571922003908991,0.571922003908991,88.9556212170769,80.9556212170769,0,0,0
3427,4.06290264411059,3.91290264411059,0.571917601929981,0.571917601929981,88.9524438848384,80.9524438848384,0,0,0
3428,4.06287137269373,3.91287137269373,0.571913199985041,0.571913199985041,88.9492665770553,80.9492665770553,0,0,0
3429,4.0628401015189,3.9128401015189,0.57190879807417,0.57190879807417,88.9460892937273,80.9460892937273,0,0,0
3430,4.0628088305861,3.9128088305861,0.571904396197367,0.571904396197367,88.9429120348543,80.9429120348543,0,0,0
3431,4.06277755989532,3.91277755989532,0.571899994354635,0.571899994354635,88.9397348004361,80.9397348004361,0,0,0
3432,4.06274628944658,3.91274628944658,0.571895592545971,0.571895592545971,88.9365575904725,80.9365575904725,0,0,0
3433,4.06271501923987,3.91271501923987,0.571891190771378,0.571891190771378,88.9333804049633,80.9333804049633,0,0,0
3434,4.06268374927519,3.91268374927519,0.571886789030854,0.571886789030854,88.9302032439082,80.9302032439082,0,0,0
3435,4.06265247955254,3.91265247955254,0.571882387324401,0.571882387324401,88.9270261073072,80.9270261073072,0,0,0
3436,4.06262121007193,3.91262121007193,0.571877985652017,0.571877985652017,88.9238489951601,80.9238489951601,0,0,0
3437,4.06258994083335,3.91258994083335,0.571873584013703,0.571873584013703,88.9206719074665,80.9206719074665,0,0,0
3438,4.06255867183681,3.91255867183681,0.571869182409461,0.571869182409461,88.9174948442265,80.9174948442265,0,0,0
3439,4.0625274030823,3.9125274030823,0.571864780839287,0.571864780839287,88.9143178054396,80.9143178054396,0,0,0
3440,4.06249613456983,3.91249613456983,0.571860379303185,0.571860379303185,88.9111407911059,80.9111407911059,0,0,0
3441,4.06246486629939,3.91246486629939,0.571855977801153,0.571855977801153,88.907963801225,80.907963801225,0,0,0
3442,4.06243359827099,3.91243359827099,0.571851576333192,0.571851576333192,88.9047868357969,80.9047868357969,0,0,0
3443,4.06240233048463,3.91240233048463,0.571847174899301,0.571847174899301,88.9016098948212,80.9016098948212,0,0,0
3444,4.06237106294031,3.91237106294031,0.571842773499481,0.571842773499481,88.8984329782979,80.8984329782979,0,0,0
3445,4.06233979563803,3.91233979563803,0.571838372133731,0.571838372133731,88.8952560862266,80.8952560862266,0,0,0
3446,4.06230852857778,3.91230852857778,0.571833970802053,0.571833970802053,88.8920792186074,80.8920792186074,0,0,0
3447,4.06227726175957,3.91227726175957,0.571829569504444,0.571829569504444,88.8889023754398,80.8889023754398,0,0,0
3448,4.0622459951834,3.9122459951834,0.571825168240907,0.571825168240907,88.8857255567239,80.8857255567239,0,0,0
3449,4.06221472884927,3.91221472884927,0.57182076701144,0.57182076701144,88.8825487624593,80.8825487624593,0,0,0
3450,4.06218346275717,3.91218346275717,0.571816365816044,0.571816365816044,88.8793719926458,80.8793719926458,0,0,0
3451,4.06215219690712,3.91215219690712,0.571811964654718,0.571811964654718,88.8761952472834,80.8761952472834,0,0,0
3452,4.06212093129909,3.91212093129909,0.571807563527463,0.571807563527463,88.8730185263718,80.8730185263718,0,0,0
3453,4.06208966593311,3.91208966593311,0.571803162434278,0.571803162434278,88.8698418299107,80.8698418299108,0,0,0
3454,4.06205840080917,3.91205840080917,0.571798761375164,0.571798761375164,88.8666651579001,80.8666651579002,0,0,0
3455,4.06202713592726,3.91202713592726,0.57179436035012,0.57179436035012,88.8634885103398,80.8634885103398,0,0,0
3456,4.06199587128738,3.91199587128738,0.571789959359147,0.571789959359147,88.8603118872295,80.8603118872295,0,0,0
3457,4.06196460688955,3.91196460688955,0.571785558402245,0.571785558402245,88.857135288569,80.857135288569,0,0,0
3458,4.06193334273374,3.91193334273374,0.571781157479412,0.571781157479412,88.8539587143582,80.8539587143582,0,0,0
3459,4.06190207881998,3.91190207881998,0.57177675659065,0.57177675659065,88.8507821645969,80.8507821645969,0,0,0
3460,4.06187081514824,3.91187081514824,0.571772355735958,0.571772355735958,88.8476056392849,80.8476056392849,0,0,0
3461,4.06183955171854,3.91183955171854,0.571767954915335,0.571767954915335,88.8444291384219,80.8444291384219,0,0,0
3462,4.06180828853087,3.91180828853087,0.571763554128783,0.571763554128783,88.8412526620079,80.8412526620079,0,0,0
3463,4.06177702558524,3.91177702558524,0.571759153376301,0.571759153376301,88.8380762100426,80.8380762100426,0,0,0
3464,4.06174576288164,3.91174576288164,0.571754752657888,0.571754752657888,88.8348997825258,80.8348997825258,0,0,0
3465,4.06171450042006,3.91171450042006,0.571750351973545,0.571750351973545,88.8317233794574,80.8317233794574,0,0,0
3466,4.06168323820052,3.91168323820052,0.571745951323272,0.571745951323272,88.8285470008371,80.8285470008371,0,0,0
3467,4.06165197622301,3.91165197622301,0.571741550707068,0.571741550707068,88.8253706466648,80.8253706466648,0,0,0
3468,4.06162071448752,3.91162071448752,0.571737150124933,0.571737150124933,88.8221943169403,80.8221943169403,0,0,0
3469,4.06158945299406,3.91158945299406,0.571732749576867,0.571732749576867,88.8190180116633,80.8190180116633,0,0,0
3470,4.06155819174263,3.91155819174263,0.571728349062871,0.571728349062871,88.8158417308337,80.8158417308337,0,0,0
3471,4.06152693073323,3.91152693073323,0.571723948582943,0.571723948582943,88.8126654744513,80.8126654744513,0,0,0
3472,4.06149566996585,3.91149566996585,0.571719548137084,0.571719548137084,88.809489242516,80.809489242516,0,0,0
3473,4.06146440944049,3.91146440944049,0.571715147725294,0.571715147725294,88.8063130350275,80.8063130350275,0,0,0
3474,4.06143314915716,3.91143314915716,0.571710747347573,0.571710747347573,88.8031368519856,80.8031368519856,0,0,0
3475,4.06140188911584,3.91140188911584,0.571706347003919,0.571706347003919,88.7999606933901,80.7999606933901,0,0,0
3476,4.06137062931655,3.91137062931655,0.571701946694334,0.571701946694334,88.796784559241,80.796784559241,0,0,0
3477,4.06133936975928,3.91133936975928,0.571697546418818,0.571697546418818,88.7936084495379,80.7936084495379,0,0,0
3478,4.06130811044403,3.91130811044403,0.571693146177369,0.571693146177369,88.7904323642806,80.7904323642806,0,0,0
3479,4.06127685137079,3.91127685137079,0.571688745969987,0.571688745969987,88.7872563034691,80.7872563034691,0,0,0
3480,4.06124559253957,3.91124559253957,0.571684345796674,0.571684345796674,88.7840802671031,80.7840802671031,0,0,0
3481,4.06121433395036,3.91121433395036,0.571679945657428,0.571679945657428,88.7809042551824,80.7809042551824,0,0,0
3482,4.06118307560317,3.91118307560317,0.571675545552248,0.571675545552248,88.7777282677068,80.7777282677068,0,0,0
3483,4.06115181749799,3.91115181749799,0.571671145481136,0.571671145481136,88.7745523046761,80.7745523046761,0,0,0
3484,4.06112055963483,3.91112055963483,0.571666745444091,0.571666745444091,88.7713763660902,80.7713763660902,0,0,0
3485,4.06108930201367,3.91108930201367,0.571662345441113,0.571662345441113,88.7682004519488,80.7682004519488,0,0,0
3486,4.06105804463452,3.91105804463452,0.571657945472202,0.571657945472202,88.7650245622518,80.7650245622518,0,0,0
3487,4.06102678749738,3.91102678749738,0.571653545537356,0.571653545537356,88.761848696999,80.761848696999,0,0,0
3488,4.06099553060224,3.91099553060224,0.571649145636577,0.571649145636577,88.7586728561902,80.7586728561902,0,0,0
3489,4.06096427394911,3.91096427394911,0.571644745769864,0.571644745769864,88.7554970398251,80.7554970398252,0,0,0
3490,4.06093301753799,3.91093301753799,0.571640345937217,0.571640345937217,88.7523212479037,80.7523212479037,0,0,0
3491,4.06090176136886,3.91090176136886,0.571635946138635,0.571635946138635,88.7491454804257,80.7491454804257,0,0,0
3492,4.06087050544174,3.91087050544174,0.571631546374119,0.571631546374119,88.7459697373909,80.7459697373909,0,0,0
3493,4.06083924975662,3.91083924975662,0.571627146643668,0.571627146643668,88.7427940187992,80.7427940187992,0,0,0
3494,4.06080799431349,3.91080799431349,0.571622746947282,0.571622746947282,88.7396183246503,80.7396183246503,0,0,0
3495,4.06077673911236,3.91077673911236,0.571618347284961,0.571618347284961,88.7364426549441,80.7364426549441,0,0,0
3496,4.06074548415323,3.91074548415323,0.571613947656704,0.571613947656704,88.7332670096804,80.7332670096804,0,0,0
3497,4.06071422943609,3.91071422943609,0.571609548062512,0.571609548062512,88.7300913888589,80.7300913888589,0,0,0
3498,4.06068297496094,3.91068297496094,0.571605148502385,0.571605148502385,88.7269157924795,80.7269157924795,0,0,0
3499,4.06065172072779,3.91065172072779,0.571600748976321,0.571600748976321,88.7237402205421,80.7237402205421,0,0,0
3500,4.06062046673662,3.91062046673662,0.571596349484321,0.571596349484321,88.7205646730463,80.7205646730463,0,0,0
3501,4.06058921298744,3.91058921298744,0.571591950026385,0.571591950026385,88.7173891499921,80.7173891499921,0,0,0
3502,4.06055795948025,3.91055795948025,0.571587550602512,0.571587550602512,88.7142136513793,80.7142136513793,0,0,0
3503,4.06052670621504,3.91052670621504,0.571583151212702,0.571583151212702,88.7110381772075,80.7110381772075,0,0,0
3504,4.06049545319181,3.91049545319181,0.571578751856956,0.571578751856956,88.7078627274768,80.7078627274768,0,0,0
3505,4.06046420041057,3.91046420041057,0.571574352535272,0.571574352535272,88.7046873021868,80.7046873021868,0,0,0
3506,4.06043294787131,3.91043294787131,0.57156995324765,0.57156995324765,88.7015119013374,80.7015119013374,0,0,0
3507,4.06040169557402,3.91040169557402,0.571565553994091,0.571565553994091,88.6983365249283,80.6983365249283,0,0,0
3508,4.06037044351872,3.91037044351872,0.571561154774594,0.571561154774594,88.6951611729595,80.6951611729595,0,0,0
3509,4.06033919170539,3.91033919170539,0.571556755589159,0.571556755589159,88.6919858454307,80.6919858454307,0,0,0
3510,4.06030794013403,3.91030794013403,0.571552356437786,0.571552356437786,88.6888105423417,80.6888105423417,0,0,0
3511,4.06027668880465,3.91027668880465,0.571547957320474,0.571547957320474,88.6856352636924,80.6856352636924,0,0,0
3512,4.06024543771723,3.91024543771723,0.571543558237223,0.571543558237223,88.6824600094825,80.6824600094825,0,0,0
3513,4.06021418687179,3.91021418687179,0.571539159188034,0.571539159188034,88.6792847797119,80.6792847797119,0,0,0
3514,4.06018293626831,3.91018293626831,0.571534760172904,0.571534760172904,88.6761095743803,80.6761095743803,0,0,0
3515,4.0601516859068,3.9101516859068,0.571530361191836,0.571530361191836,88.6729343934876,80.6729343934876,0,0,0
3516,4.06012043578726,3.91012043578726,0.571525962244828,0.571525962244828,88.6697592370336,80.6697592370336,0,0,0
3517,4.06008918590967,3.91008918590967,0.57152156333188,0.57152156333188,88.6665841050181,80.6665841050181,0,0,0
3518,4.06005793627405,3.91005793627405,0.571517164452992,0.571517164452992,88.6634089974409,80.6634089974409,0,0,0
3519,4.06002668688039,3.91002668688039,0.571512765608163,0.571512765608163,88.6602339143018,80.6602339143018,0,0,0
3520,4.05999543772869,3.90999543772869,0.571508366797394,0.571508366797394,88.6570588556007,80.6570588556007,0,0,0
3521,4.05996418881894,3.90996418881894,0.571503968020683,0.571503968020683,88.6538838213373,80.6538838213373,0,0,0
3522,4.05993294015114,3.90993294015114,0.571499569278032,0.571499569278032,88.6507088115114,80.6507088115114,0,0,0
3523,4.0599016917253,3.9099016917253,0.57149517056944,0.57149517056944,88.6475338261229,80.6475338261229,0,0,0
3524,4.05987044354141,3.90987044354141,0.571490771894906,0.571490771894906,88.6443588651716,80.6443588651716,0,0,0
3525,4.05983919559947,3.90983919559947,0.57148637325443,0.57148637325443,88.6411839286573,80.6411839286573,0,0,0
3526,4.05980794789948,3.90980794789948,0.571481974648012,0.571481974648012,88.6380090165798,80.6380090165798,0,0,0
3527,4.05977670044143,3.90977670044143,0.571477576075652,0.571477576075652,88.6348341289389,80.6348341289389,0,0,0
3528,4.05974545322533,3.90974545322533,0.571473177537349,0.571473177537349,88.6316592657344,80.6316592657344,0,0,0
3529,4.05971420625117,3.90971420625117,0.571468779033103,0.571468779033103,88.6284844269661,80.6284844269661,0,0,0
3530,4.05968295951895,3.90968295951895,0.571464380562915,0.571464380562915,88.6253096126339,80.6253096126339,0,0,0
3531,4.05965171302867,3.90965171302867,0.571459982126783,0.571459982126783,88.6221348227375,80.6221348227375,0,0,0
3532,4.05962046678032,3.90962046678032,0.571455583724708,0.571455583724708,88.6189600572768,80.6189600572768,0,0,0
3533,4.05958922077392,3.90958922077392,0.571451185356689,0.571451185356689,88.6157853162515,80.6157853162515,0,0,0
3534,4.05955797500944,3.90955797500944,0.571446787022726,0.571446787022726,88.6126105996616,80.6126105996616,0,0,0
3535,4.0595267294869,3.9095267294869,0.571442388722818,0.571442388722818,88.6094359075067,80.6094359075067,0,0,0
3536,4.05949548420629,3.90949548420629,0.571437990456966,0.571437990456966,88.6062612397867,80.6062612397867,0,0,0
3537,4.05946423916761,3.90946423916761,0.57143359222517,0.57143359222517,88.6030865965015,80.6030865965015,0,0,0
3538,4.05943299437085,3.90943299437085,0.571429194027429,0.571429194027429,88.5999119776508,80.5999119776508,0,0,0
3539,4.05940174981602,3.90940174981602,0.571424795863742,0.571424795863742,88.5967373832344,80.5967373832344,0,0,0
3540,4.05937050550312,3.90937050550312,0.57142039773411,0.57142039773411,88.5935628132522,80.5935628132522,0,0,0
3541,4.05933926143213,3.90933926143213,0.571415999638532,0.571415999638532,88.5903882677039,80.5903882677039,0,0,0
3542,4.05930801760307,3.90930801760307,0.571411601577008,0.571411601577008,88.5872137465894,80.5872137465894,0,0,0
3543,4.05927677401592,3.90927677401592,0.571407203549538,0.571407203549538,88.5840392499085,80.5840392499085,0,0,0
3544,4.05924553067069,3.90924553067069,0.571402805556122,0.571402805556122,88.5808647776609,80.5808647776609,0,0,0
3545,4.05921428756737,3.90921428756737,0.571398407596758,0.571398407596758,88.5776903298466,80.5776903298466,0,0,0
3546,4.05918304470597,3.90918304470597,0.571394009671448,0.571394009671448,88.5745159064653,80.5745159064653,0,0,0
3547,4.05915180208648,3.90915180208648,0.571389611780191,0.571389611780191,88.5713415075168,80.5713415075168,0,0,0
3548,4.05912055970889,3.90912055970889,0.571385213922986,0.571385213922986,88.5681671330009,80.5681671330009,0,0,0
3549,4.05908931757322,3.90908931757322,0.571380816099833,0.571380816099833,88.5649927829175,80.5649927829175,0,0,0
3550,4.05905807567945,3.90905807567945,0.571376418310733,0.571376418310733,88.5618184572664,80.5618184572664,0,0,0
3551,4.05902683402758,3.90902683402758,0.571372020555684,0.571372020555684,88.5586441560473,80.5586441560473,0,0,0
3552,4.05899559261762,3.90899559261762,0.571367622834687,0.571367622834687,88.5554698792601,80.5554698792601,0,0,0
3553,4.05896435144955,3.90896435144955,0.571363225147741,0.571363225147741,88.5522956269046,80.5522956269046,0,0,0
3554,4.05893311052339,3.90893311052339,0.571358827494846,0.571358827494846,88.5491213989805,80.5491213989805,0,0,0
3555,4.05890186983912,3.90890186983912,0.571354429876002,0.571354429876002,88.5459471954878,80.5459471954878,0,0,0
3556,4.05887062939674,3.90887062939674,0.571350032291208,0.571350032291208,88.5427730164262,80.5427730164262,0,0,0
3557,4.05883938919626,3.90883938919626,0.571345634740465,0.571345634740465,88.5395988617956,80.5395988617956,0,0,0
3558,4.05880814923767,3.90880814923767,0.571341237223771,0.571341237223771,88.5364247315957,80.5364247315957,0,0,0
3559,4.05877690952097,3.90877690952097,0.571336839741128,0.571336839741128,88.5332506258263,80.5332506258263,0,0,0
3560,4.05874567004616,3.90874567004616,0.571332442292533,0.571332442292533,88.5300765444873,80.5300765444873,0,0,0
3561,4.05871443081323,3.90871443081323,0.571328044877988,0.571328044877988,88.5269024875785,80.5269024875785,0,0,0
3562,4.05868319182219,3.90868319182219,0.571323647497492,0.571323647497492,88.5237284550996,80.5237284550996,0,0,0
3563,4.05865195307303,3.90865195307303,0.571319250151045,0.571319250151045,88.5205544470506,80.5205544470506,0,0,0
3564,4.05862071456574,3.90862071456574,0.571314852838646,0.571314852838646,88.5173804634312,80.5173804634312,0,0,0
3565,4.05858947630034,3.90858947630034,0.571310455560295,0.571310455560295,88.5142065042412,80.5142065042412,0,0,0
3566,4.05855823827681,3.90855823827681,0.571306058315993,0.571306058315993,88.5110325694804,80.5110325694804,0,0,0
3567,4.05852700049516,3.90852700049516,0.571301661105738,0.571301661105738,88.5078586591486,80.5078586591486,0,0,0
3568,4.05849576295538,3.90849576295538,0.57129726392953,0.57129726392953,88.5046847732457,80.5046847732457,0,0,0
3569,4.05846452565747,3.90846452565747,0.57129286678737,0.57129286678737,88.5015109117715,80.5015109117715,0,0,0
3570,4.05843328860143,3.90843328860143,0.571288469679256,0.571288469679256,88.4983370747258,80.4983370747258,0,0,0
3571,4.05840205178726,3.90840205178726,0.571284072605189,0.571284072605189,88.4951632621083,80.4951632621083,0,0,0
3572,4.05837081521496,3.90837081521496,0.571279675565168,0.571279675565168,88.4919894739189,80.4919894739189,0,0,0
3573,4.05833957888452,3.90833957888452,0.571275278559194,0.571275278559194,88.4888157101574,80.4888157101574,0,0,0
3574,4.05830834279593,3.90830834279594,0.571270881587266,0.571270881587266,88.4856419708237,80.4856419708237,0,0,0
3575,4.05827710694921,3.90827710694921,0.571266484649383,0.571266484649383,88.4824682559174,80.4824682559174,0,0,0
3576,4.05824587134435,3.90824587134435,0.571262087745545,0.571262087745545,88.4792945654386,80.4792945654386,0,0,0
3577,4.05821463598135,3.90821463598135,0.571257690875753,0.571257690875753,88.4761208993868,80.4761208993868,0,0,0
3578,4.0581834008602,3.9081834008602,0.571253294040005,0.571253294040005,88.472947257762,80.472947257762,0,0,0
3579,4.0581521659809,3.9081521659809,0.571248897238302,0.571248897238302,88.469773640564,80.469773640564,0,0,0
3580,4.05812093134345,3.90812093134345,0.571244500470643,0.571244500470643,88.4666000477926,80.4666000477926,0,0,0
3581,4.05808969694785,3.90808969694785,0.571240103737028,0.571240103737028,88.4634264794475,80.4634264794475,0,0,0
3582,4.0580584627941,3.9080584627941,0.571235707037457,0.571235707037457,88.4602529355287,80.4602529355287,0,0,0
3583,4.05802722888219,3.90802722888219,0.57123131037193,0.57123131037193,88.4570794160359,80.4570794160359,0,0,0
3584,4.05799599521213,3.90799599521213,0.571226913740446,0.571226913740446,88.4539059209689,80.4539059209689,0,0,0
3585,4.0579647617839,3.9079647617839,0.571222517143005,0.571222517143005,88.4507324503275,80.4507324503275,0,0,0
3586,4.05793352859752,3.90793352859752,0.571218120579606,0.571218120579606,88.4475590041117,80.4475590041117,0,0,0
3587,4.05790229565298,3.90790229565298,0.57121372405025,0.57121372405025,88.444385582321,80.444385582321,0,0,0
3588,4.05787106295027,3.90787106295027,0.571209327554936,0.571209327554936,88.4412121849554,80.4412121849554,0,0,0
3589,4.0578398304894,3.9078398304894,0.571204931093665,0.571204931093665,88.4380388120147,80.4380388120147,0,0,0
3590,4.05780859827035,3.90780859827035,0.571200534666435,0.571200534666435,88.4348654634987,80.4348654634987,0,0,0
3591,4.05777736629314,3.90777736629314,0.571196138273246,0.571196138273246,88.4316921394072,80.4316921394072,0,0,0
3592,4.05774613455775,3.90774613455775,0.571191741914098,0.571191741914098,88.42851883974,80.42851883974,0,0,0
3593,4.0577149030642,3.9077149030642,0.571187345588992,0.571187345588992,88.4253455644969,80.4253455644969,0,0,0
3594,4.05768367181247,3.90768367181247,0.571182949297926,0.571182949297926,88.4221723136777,80.4221723136777,0,0,0
3595,4.05765244080256,3.90765244080256,0.5711785530409,0.5711785530409,88.4189990872823,80.4189990872823,0,0,0
3596,4.05762121003447,3.90762121003447,0.571174156817915,0.571174156817915,88.4158258853105,80.4158258853105,0,0,0
3597,4.0575899795082,3.9075899795082,0.571169760628969,0.571169760628969,88.412652707762,80.412652707762,0,0,0
3598,4.05755874922375,3.90755874922375,0.571165364474063,0.571165364474063,88.4094795546367,80.4094795546367,0,0,0
3599,4.05752751918111,3.90752751918111,0.571160968353197,0.571160968353197,88.4063064259344,80.4063064259344,0,0,0
3600,4.05749628938029,3.90749628938029,0.571156572266369,0.571156572266369,88.4031333216549,80.4031333216549,0,0,0
